-- Kaze development seed data.

--

-- Static seed only: no SQL loops or runtime generators.

-- Run this manually after the schema exists:

--   psql "postgresql://postgres:YOUR_PASSWORD@localhost:5432/kaze" -f server/src/main/resources/db/dev_seed.sql

-- Do not run it against production data.



BEGIN;



TRUNCATE TABLE
    auth_one_time_login_tokens,
    auth_refresh_tokens,
    oauth_login_attempts,
    user_auth_providers,
    app_users,
    service_requests,
    late_checkout_requests,
    map_nodes,
    map_floors,
    maps,
    amenity_statuses,
    amenity_highlights,
    scheduled_experiences,
    event_days,
    itinerary_items,
    stays,
    guests,
    place_services,
    hotel_buildings,
    hotels,
    service_places
RESTART IDENTITY CASCADE;

INSERT INTO app_users (id, email, display_name, password_hash, roles, disabled, last_login_at) VALUES
    ('user_aline', 'aline@example.com', 'Aline Uwase', '$2a$12$idtV1xjR/gPX0yHZRg9x..v.0GF3F/gQl/2LDfggOfPhI/LTqNPIm', ARRAY['CUSTOMER']::TEXT[], FALSE, '2026-03-01 08:00:00+00'),
    ('user_michael', 'michael@example.com', 'Michael Nshuti', '$2a$12$idtV1xjR/gPX0yHZRg9x..v.0GF3F/gQl/2LDfggOfPhI/LTqNPIm', ARRAY['CUSTOMER']::TEXT[], FALSE, '2026-03-01 09:00:00+00'),
    ('user_staff_claudine', 'claudine.staff@example.com', 'Claudine Mukamana', '$2a$12$idtV1xjR/gPX0yHZRg9x..v.0GF3F/gQl/2LDfggOfPhI/LTqNPIm', ARRAY['STAFF']::TEXT[], FALSE, '2026-03-01 10:00:00+00'),
    ('user_admin_orest', 'admin@example.com', 'Kaze Admin', '$2a$12$idtV1xjR/gPX0yHZRg9x..v.0GF3F/gQl/2LDfggOfPhI/LTqNPIm', ARRAY['ADMIN', 'STAFF']::TEXT[], FALSE, '2026-03-01 11:00:00+00'),
    ('user_demo_001', 'aline.uwase@kaze.demo', 'Aline Uwase', '$2a$12$idtV1xjR/gPX0yHZRg9x..v.0GF3F/gQl/2LDfggOfPhI/LTqNPIm', ARRAY['CUSTOMER']::TEXT[], FALSE, '2026-03-02 08:01:00+00'),
    ('user_demo_002', 'aline.nshuti@kaze.demo', 'Aline Nshuti', '$2a$12$idtV1xjR/gPX0yHZRg9x..v.0GF3F/gQl/2LDfggOfPhI/LTqNPIm', ARRAY['CUSTOMER']::TEXT[], FALSE, '2026-03-03 08:02:00+00'),
    ('user_demo_003', 'aline.mukamana@kaze.demo', 'Aline Mukamana', '$2a$12$idtV1xjR/gPX0yHZRg9x..v.0GF3F/gQl/2LDfggOfPhI/LTqNPIm', ARRAY['CUSTOMER']::TEXT[], FALSE, '2026-03-04 08:03:00+00'),
    ('user_demo_004', 'aline.habimana@kaze.demo', 'Aline Habimana', '$2a$12$idtV1xjR/gPX0yHZRg9x..v.0GF3F/gQl/2LDfggOfPhI/LTqNPIm', ARRAY['CUSTOMER']::TEXT[], FALSE, '2026-03-05 08:04:00+00'),
    ('user_demo_005', 'aline.ingabire@kaze.demo', 'Aline Ingabire', '$2a$12$idtV1xjR/gPX0yHZRg9x..v.0GF3F/gQl/2LDfggOfPhI/LTqNPIm', ARRAY['CUSTOMER']::TEXT[], FALSE, '2026-03-06 08:05:00+00'),
    ('user_demo_006', 'aline.tuyisenge@kaze.demo', 'Aline Tuyisenge', '$2a$12$idtV1xjR/gPX0yHZRg9x..v.0GF3F/gQl/2LDfggOfPhI/LTqNPIm', ARRAY['CUSTOMER']::TEXT[], FALSE, '2026-03-07 08:06:00+00'),
    ('user_demo_007', 'aline.mukeshimana@kaze.demo', 'Aline Mukeshimana', '$2a$12$idtV1xjR/gPX0yHZRg9x..v.0GF3F/gQl/2LDfggOfPhI/LTqNPIm', ARRAY['CUSTOMER']::TEXT[], FALSE, '2026-03-08 08:07:00+00'),
    ('user_demo_008', 'aline.mugisha@kaze.demo', 'Aline Mugisha', '$2a$12$idtV1xjR/gPX0yHZRg9x..v.0GF3F/gQl/2LDfggOfPhI/LTqNPIm', ARRAY['CUSTOMER']::TEXT[], FALSE, '2026-03-09 08:08:00+00'),
    ('user_demo_009', 'aline.nyirahabimana@kaze.demo', 'Aline Nyirahabimana', '$2a$12$idtV1xjR/gPX0yHZRg9x..v.0GF3F/gQl/2LDfggOfPhI/LTqNPIm', ARRAY['STAFF']::TEXT[], FALSE, '2026-03-10 08:09:00+00'),
    ('user_demo_010', 'aline.niyonsaba@kaze.demo', 'Aline Niyonsaba', '$2a$12$idtV1xjR/gPX0yHZRg9x..v.0GF3F/gQl/2LDfggOfPhI/LTqNPIm', ARRAY['CUSTOMER']::TEXT[], FALSE, '2026-03-11 08:10:00+00'),
    ('user_demo_011', 'aline.uwimana@kaze.demo', 'Aline Uwimana', '$2a$12$idtV1xjR/gPX0yHZRg9x..v.0GF3F/gQl/2LDfggOfPhI/LTqNPIm', ARRAY['CUSTOMER']::TEXT[], FALSE, '2026-03-12 08:11:00+00'),
    ('user_demo_012', 'aline.hakizimana@kaze.demo', 'Aline Hakizimana', '$2a$12$idtV1xjR/gPX0yHZRg9x..v.0GF3F/gQl/2LDfggOfPhI/LTqNPIm', ARRAY['CUSTOMER']::TEXT[], FALSE, '2026-03-13 08:12:00+00'),
    ('user_demo_013', 'aline.umutoni@kaze.demo', 'Aline Umutoni', '$2a$12$idtV1xjR/gPX0yHZRg9x..v.0GF3F/gQl/2LDfggOfPhI/LTqNPIm', ARRAY['CUSTOMER']::TEXT[], FALSE, '2026-03-14 08:13:00+00'),
    ('user_demo_014', 'aline.iradukunda@kaze.demo', 'Aline Iradukunda', '$2a$12$idtV1xjR/gPX0yHZRg9x..v.0GF3F/gQl/2LDfggOfPhI/LTqNPIm', ARRAY['CUSTOMER']::TEXT[], FALSE, '2026-03-15 08:14:00+00'),
    ('user_demo_015', 'aline.ishimwe@kaze.demo', 'Aline Ishimwe', '$2a$12$idtV1xjR/gPX0yHZRg9x..v.0GF3F/gQl/2LDfggOfPhI/LTqNPIm', ARRAY['CUSTOMER']::TEXT[], FALSE, '2026-03-16 08:15:00+00'),
    ('user_demo_016', 'aline.mukarugwiza@kaze.demo', 'Aline Mukarugwiza', '$2a$12$idtV1xjR/gPX0yHZRg9x..v.0GF3F/gQl/2LDfggOfPhI/LTqNPIm', ARRAY['CUSTOMER']::TEXT[], FALSE, '2026-03-17 08:16:00+00'),
    ('user_demo_017', 'aline.habyarimana@kaze.demo', 'Aline Habyarimana', '$2a$12$idtV1xjR/gPX0yHZRg9x..v.0GF3F/gQl/2LDfggOfPhI/LTqNPIm', ARRAY['CUSTOMER']::TEXT[], FALSE, '2026-03-18 08:17:00+00'),
    ('user_demo_018', 'aline.umuhoza@kaze.demo', 'Aline Umuhoza', '$2a$12$idtV1xjR/gPX0yHZRg9x..v.0GF3F/gQl/2LDfggOfPhI/LTqNPIm', ARRAY['STAFF']::TEXT[], FALSE, '2026-03-19 08:18:00+00'),
    ('user_demo_019', 'aline.munyaneza@kaze.demo', 'Aline Munyaneza', '$2a$12$idtV1xjR/gPX0yHZRg9x..v.0GF3F/gQl/2LDfggOfPhI/LTqNPIm', ARRAY['CUSTOMER']::TEXT[], FALSE, '2026-03-20 08:19:00+00'),
    ('user_demo_020', 'aline.rukundo@kaze.demo', 'Aline Rukundo', '$2a$12$idtV1xjR/gPX0yHZRg9x..v.0GF3F/gQl/2LDfggOfPhI/LTqNPIm', ARRAY['ADMIN', 'STAFF']::TEXT[], FALSE, '2026-03-21 08:20:00+00'),
    ('user_demo_021', 'aline.mutesi@kaze.demo', 'Aline Mutesi', '$2a$12$idtV1xjR/gPX0yHZRg9x..v.0GF3F/gQl/2LDfggOfPhI/LTqNPIm', ARRAY['CUSTOMER']::TEXT[], FALSE, '2026-03-22 08:21:00+00'),
    ('user_demo_022', 'aline.musoni@kaze.demo', 'Aline Musoni', '$2a$12$idtV1xjR/gPX0yHZRg9x..v.0GF3F/gQl/2LDfggOfPhI/LTqNPIm', ARRAY['CUSTOMER']::TEXT[], FALSE, '2026-03-23 08:22:00+00'),
    ('user_demo_023', 'aline.munyakazi@kaze.demo', 'Aline Munyakazi', '$2a$12$idtV1xjR/gPX0yHZRg9x..v.0GF3F/gQl/2LDfggOfPhI/LTqNPIm', ARRAY['CUSTOMER']::TEXT[], FALSE, '2026-03-24 08:23:00+00'),
    ('user_demo_024', 'aline.umutoniwase@kaze.demo', 'Aline Umutoniwase', '$2a$12$idtV1xjR/gPX0yHZRg9x..v.0GF3F/gQl/2LDfggOfPhI/LTqNPIm', ARRAY['CUSTOMER']::TEXT[], FALSE, '2026-03-25 08:24:00+00'),
    ('user_demo_025', 'aline.karemera@kaze.demo', 'Aline Karemera', '$2a$12$idtV1xjR/gPX0yHZRg9x..v.0GF3F/gQl/2LDfggOfPhI/LTqNPIm', ARRAY['CUSTOMER']::TEXT[], FALSE, '2026-03-26 08:25:00+00'),
    ('user_demo_026', 'aline.munyampenda@kaze.demo', 'Aline Munyampenda', '$2a$12$idtV1xjR/gPX0yHZRg9x..v.0GF3F/gQl/2LDfggOfPhI/LTqNPIm', ARRAY['CUSTOMER']::TEXT[], FALSE, '2026-03-27 08:26:00+00'),
    ('user_demo_027', 'aline.ndayambaje@kaze.demo', 'Aline Ndayambaje', '$2a$12$idtV1xjR/gPX0yHZRg9x..v.0GF3F/gQl/2LDfggOfPhI/LTqNPIm', ARRAY['STAFF']::TEXT[], FALSE, '2026-03-28 08:27:00+00'),
    ('user_demo_028', 'aline.nizeyimana@kaze.demo', 'Aline Nizeyimana', '$2a$12$idtV1xjR/gPX0yHZRg9x..v.0GF3F/gQl/2LDfggOfPhI/LTqNPIm', ARRAY['CUSTOMER']::TEXT[], FALSE, '2026-03-01 08:28:00+00'),
    ('user_demo_029', 'aline.uwera@kaze.demo', 'Aline Uwera', '$2a$12$idtV1xjR/gPX0yHZRg9x..v.0GF3F/gQl/2LDfggOfPhI/LTqNPIm', ARRAY['CUSTOMER']::TEXT[], FALSE, '2026-03-02 08:29:00+00'),
    ('user_demo_030', 'aline.munezero@kaze.demo', 'Aline Munezero', '$2a$12$idtV1xjR/gPX0yHZRg9x..v.0GF3F/gQl/2LDfggOfPhI/LTqNPIm', ARRAY['CUSTOMER']::TEXT[], FALSE, '2026-03-03 08:30:00+00'),
    ('user_demo_031', 'kevin.uwase@kaze.demo', 'Kevin Uwase', '$2a$12$idtV1xjR/gPX0yHZRg9x..v.0GF3F/gQl/2LDfggOfPhI/LTqNPIm', ARRAY['CUSTOMER']::TEXT[], FALSE, '2026-03-04 08:31:00+00'),
    ('user_demo_032', 'kevin.nshuti@kaze.demo', 'Kevin Nshuti', '$2a$12$idtV1xjR/gPX0yHZRg9x..v.0GF3F/gQl/2LDfggOfPhI/LTqNPIm', ARRAY['CUSTOMER']::TEXT[], FALSE, '2026-03-05 08:32:00+00'),
    ('user_demo_033', 'kevin.mukamana@kaze.demo', 'Kevin Mukamana', '$2a$12$idtV1xjR/gPX0yHZRg9x..v.0GF3F/gQl/2LDfggOfPhI/LTqNPIm', ARRAY['CUSTOMER']::TEXT[], FALSE, '2026-03-06 08:33:00+00'),
    ('user_demo_034', 'kevin.habimana@kaze.demo', 'Kevin Habimana', '$2a$12$idtV1xjR/gPX0yHZRg9x..v.0GF3F/gQl/2LDfggOfPhI/LTqNPIm', ARRAY['CUSTOMER']::TEXT[], FALSE, '2026-03-07 08:34:00+00'),
    ('user_demo_035', 'kevin.ingabire@kaze.demo', 'Kevin Ingabire', '$2a$12$idtV1xjR/gPX0yHZRg9x..v.0GF3F/gQl/2LDfggOfPhI/LTqNPIm', ARRAY['CUSTOMER']::TEXT[], FALSE, '2026-03-08 08:35:00+00'),
    ('user_demo_036', 'kevin.tuyisenge@kaze.demo', 'Kevin Tuyisenge', '$2a$12$idtV1xjR/gPX0yHZRg9x..v.0GF3F/gQl/2LDfggOfPhI/LTqNPIm', ARRAY['STAFF']::TEXT[], FALSE, '2026-03-09 08:36:00+00'),
    ('user_demo_037', 'kevin.mukeshimana@kaze.demo', 'Kevin Mukeshimana', '$2a$12$idtV1xjR/gPX0yHZRg9x..v.0GF3F/gQl/2LDfggOfPhI/LTqNPIm', ARRAY['CUSTOMER']::TEXT[], FALSE, '2026-03-10 08:37:00+00'),
    ('user_demo_038', 'kevin.mugisha@kaze.demo', 'Kevin Mugisha', '$2a$12$idtV1xjR/gPX0yHZRg9x..v.0GF3F/gQl/2LDfggOfPhI/LTqNPIm', ARRAY['CUSTOMER']::TEXT[], FALSE, '2026-03-11 08:38:00+00'),
    ('user_demo_039', 'kevin.nyirahabimana@kaze.demo', 'Kevin Nyirahabimana', '$2a$12$idtV1xjR/gPX0yHZRg9x..v.0GF3F/gQl/2LDfggOfPhI/LTqNPIm', ARRAY['CUSTOMER']::TEXT[], FALSE, '2026-03-12 08:39:00+00'),
    ('user_demo_040', 'kevin.niyonsaba@kaze.demo', 'Kevin Niyonsaba', '$2a$12$idtV1xjR/gPX0yHZRg9x..v.0GF3F/gQl/2LDfggOfPhI/LTqNPIm', ARRAY['ADMIN', 'STAFF']::TEXT[], FALSE, '2026-03-13 08:40:00+00'),
    ('user_demo_041', 'kevin.uwimana@kaze.demo', 'Kevin Uwimana', '$2a$12$idtV1xjR/gPX0yHZRg9x..v.0GF3F/gQl/2LDfggOfPhI/LTqNPIm', ARRAY['CUSTOMER']::TEXT[], FALSE, '2026-03-14 08:41:00+00'),
    ('user_demo_042', 'kevin.hakizimana@kaze.demo', 'Kevin Hakizimana', '$2a$12$idtV1xjR/gPX0yHZRg9x..v.0GF3F/gQl/2LDfggOfPhI/LTqNPIm', ARRAY['CUSTOMER']::TEXT[], FALSE, '2026-03-15 08:42:00+00'),
    ('user_demo_043', 'kevin.umutoni@kaze.demo', 'Kevin Umutoni', '$2a$12$idtV1xjR/gPX0yHZRg9x..v.0GF3F/gQl/2LDfggOfPhI/LTqNPIm', ARRAY['CUSTOMER']::TEXT[], FALSE, '2026-03-16 08:43:00+00'),
    ('user_demo_044', 'kevin.iradukunda@kaze.demo', 'Kevin Iradukunda', '$2a$12$idtV1xjR/gPX0yHZRg9x..v.0GF3F/gQl/2LDfggOfPhI/LTqNPIm', ARRAY['CUSTOMER']::TEXT[], FALSE, '2026-03-17 08:44:00+00'),
    ('user_demo_045', 'kevin.ishimwe@kaze.demo', 'Kevin Ishimwe', '$2a$12$idtV1xjR/gPX0yHZRg9x..v.0GF3F/gQl/2LDfggOfPhI/LTqNPIm', ARRAY['STAFF']::TEXT[], FALSE, '2026-03-18 08:45:00+00'),
    ('user_demo_046', 'kevin.mukarugwiza@kaze.demo', 'Kevin Mukarugwiza', '$2a$12$idtV1xjR/gPX0yHZRg9x..v.0GF3F/gQl/2LDfggOfPhI/LTqNPIm', ARRAY['CUSTOMER']::TEXT[], FALSE, '2026-03-19 08:46:00+00'),
    ('user_demo_047', 'kevin.habyarimana@kaze.demo', 'Kevin Habyarimana', '$2a$12$idtV1xjR/gPX0yHZRg9x..v.0GF3F/gQl/2LDfggOfPhI/LTqNPIm', ARRAY['CUSTOMER']::TEXT[], FALSE, '2026-03-20 08:47:00+00'),
    ('user_demo_048', 'kevin.umuhoza@kaze.demo', 'Kevin Umuhoza', '$2a$12$idtV1xjR/gPX0yHZRg9x..v.0GF3F/gQl/2LDfggOfPhI/LTqNPIm', ARRAY['CUSTOMER']::TEXT[], FALSE, '2026-03-21 08:48:00+00'),
    ('user_demo_049', 'kevin.munyaneza@kaze.demo', 'Kevin Munyaneza', '$2a$12$idtV1xjR/gPX0yHZRg9x..v.0GF3F/gQl/2LDfggOfPhI/LTqNPIm', ARRAY['CUSTOMER']::TEXT[], FALSE, '2026-03-22 08:49:00+00'),
    ('user_demo_050', 'kevin.rukundo@kaze.demo', 'Kevin Rukundo', '$2a$12$idtV1xjR/gPX0yHZRg9x..v.0GF3F/gQl/2LDfggOfPhI/LTqNPIm', ARRAY['CUSTOMER']::TEXT[], FALSE, '2026-03-23 08:50:00+00'),
    ('user_demo_051', 'kevin.mutesi@kaze.demo', 'Kevin Mutesi', '$2a$12$idtV1xjR/gPX0yHZRg9x..v.0GF3F/gQl/2LDfggOfPhI/LTqNPIm', ARRAY['CUSTOMER']::TEXT[], FALSE, '2026-03-24 08:51:00+00'),
    ('user_demo_052', 'kevin.musoni@kaze.demo', 'Kevin Musoni', '$2a$12$idtV1xjR/gPX0yHZRg9x..v.0GF3F/gQl/2LDfggOfPhI/LTqNPIm', ARRAY['CUSTOMER']::TEXT[], FALSE, '2026-03-25 08:52:00+00'),
    ('user_demo_053', 'kevin.munyakazi@kaze.demo', 'Kevin Munyakazi', '$2a$12$idtV1xjR/gPX0yHZRg9x..v.0GF3F/gQl/2LDfggOfPhI/LTqNPIm', ARRAY['CUSTOMER']::TEXT[], FALSE, '2026-03-26 08:53:00+00'),
    ('user_demo_054', 'kevin.umutoniwase@kaze.demo', 'Kevin Umutoniwase', '$2a$12$idtV1xjR/gPX0yHZRg9x..v.0GF3F/gQl/2LDfggOfPhI/LTqNPIm', ARRAY['STAFF']::TEXT[], FALSE, '2026-03-27 08:54:00+00'),
    ('user_demo_055', 'kevin.karemera@kaze.demo', 'Kevin Karemera', '$2a$12$idtV1xjR/gPX0yHZRg9x..v.0GF3F/gQl/2LDfggOfPhI/LTqNPIm', ARRAY['CUSTOMER']::TEXT[], FALSE, '2026-03-28 08:55:00+00'),
    ('user_demo_056', 'kevin.munyampenda@kaze.demo', 'Kevin Munyampenda', '$2a$12$idtV1xjR/gPX0yHZRg9x..v.0GF3F/gQl/2LDfggOfPhI/LTqNPIm', ARRAY['CUSTOMER']::TEXT[], FALSE, '2026-03-01 08:56:00+00'),
    ('user_demo_057', 'kevin.ndayambaje@kaze.demo', 'Kevin Ndayambaje', '$2a$12$idtV1xjR/gPX0yHZRg9x..v.0GF3F/gQl/2LDfggOfPhI/LTqNPIm', ARRAY['CUSTOMER']::TEXT[], FALSE, '2026-03-02 08:57:00+00'),
    ('user_demo_058', 'kevin.nizeyimana@kaze.demo', 'Kevin Nizeyimana', '$2a$12$idtV1xjR/gPX0yHZRg9x..v.0GF3F/gQl/2LDfggOfPhI/LTqNPIm', ARRAY['CUSTOMER']::TEXT[], FALSE, '2026-03-03 08:58:00+00'),
    ('user_demo_059', 'kevin.uwera@kaze.demo', 'Kevin Uwera', '$2a$12$idtV1xjR/gPX0yHZRg9x..v.0GF3F/gQl/2LDfggOfPhI/LTqNPIm', ARRAY['CUSTOMER']::TEXT[], FALSE, '2026-03-04 08:59:00+00'),
    ('user_demo_060', 'kevin.munezero@kaze.demo', 'Kevin Munezero', '$2a$12$idtV1xjR/gPX0yHZRg9x..v.0GF3F/gQl/2LDfggOfPhI/LTqNPIm', ARRAY['ADMIN', 'STAFF']::TEXT[], FALSE, '2026-03-05 08:00:00+00'),
    ('user_demo_061', 'michaella.uwase@kaze.demo', 'Michaella Uwase', '$2a$12$idtV1xjR/gPX0yHZRg9x..v.0GF3F/gQl/2LDfggOfPhI/LTqNPIm', ARRAY['CUSTOMER']::TEXT[], FALSE, '2026-03-06 08:01:00+00'),
    ('user_demo_062', 'michaella.nshuti@kaze.demo', 'Michaella Nshuti', '$2a$12$idtV1xjR/gPX0yHZRg9x..v.0GF3F/gQl/2LDfggOfPhI/LTqNPIm', ARRAY['CUSTOMER']::TEXT[], FALSE, '2026-03-07 08:02:00+00'),
    ('user_demo_063', 'michaella.mukamana@kaze.demo', 'Michaella Mukamana', '$2a$12$idtV1xjR/gPX0yHZRg9x..v.0GF3F/gQl/2LDfggOfPhI/LTqNPIm', ARRAY['STAFF']::TEXT[], FALSE, '2026-03-08 08:03:00+00'),
    ('user_demo_064', 'michaella.habimana@kaze.demo', 'Michaella Habimana', '$2a$12$idtV1xjR/gPX0yHZRg9x..v.0GF3F/gQl/2LDfggOfPhI/LTqNPIm', ARRAY['CUSTOMER']::TEXT[], FALSE, '2026-03-09 08:04:00+00'),
    ('user_demo_065', 'michaella.ingabire@kaze.demo', 'Michaella Ingabire', '$2a$12$idtV1xjR/gPX0yHZRg9x..v.0GF3F/gQl/2LDfggOfPhI/LTqNPIm', ARRAY['CUSTOMER']::TEXT[], FALSE, '2026-03-10 08:05:00+00'),
    ('user_demo_066', 'michaella.tuyisenge@kaze.demo', 'Michaella Tuyisenge', '$2a$12$idtV1xjR/gPX0yHZRg9x..v.0GF3F/gQl/2LDfggOfPhI/LTqNPIm', ARRAY['CUSTOMER']::TEXT[], FALSE, '2026-03-11 08:06:00+00'),
    ('user_demo_067', 'michaella.mukeshimana@kaze.demo', 'Michaella Mukeshimana', '$2a$12$idtV1xjR/gPX0yHZRg9x..v.0GF3F/gQl/2LDfggOfPhI/LTqNPIm', ARRAY['CUSTOMER']::TEXT[], FALSE, '2026-03-12 08:07:00+00'),
    ('user_demo_068', 'michaella.mugisha@kaze.demo', 'Michaella Mugisha', '$2a$12$idtV1xjR/gPX0yHZRg9x..v.0GF3F/gQl/2LDfggOfPhI/LTqNPIm', ARRAY['CUSTOMER']::TEXT[], FALSE, '2026-03-13 08:08:00+00'),
    ('user_demo_069', 'michaella.nyirahabimana@kaze.demo', 'Michaella Nyirahabimana', '$2a$12$idtV1xjR/gPX0yHZRg9x..v.0GF3F/gQl/2LDfggOfPhI/LTqNPIm', ARRAY['CUSTOMER']::TEXT[], FALSE, '2026-03-14 08:09:00+00'),
    ('user_demo_070', 'michaella.niyonsaba@kaze.demo', 'Michaella Niyonsaba', '$2a$12$idtV1xjR/gPX0yHZRg9x..v.0GF3F/gQl/2LDfggOfPhI/LTqNPIm', ARRAY['CUSTOMER']::TEXT[], FALSE, '2026-03-15 08:10:00+00'),
    ('user_demo_071', 'michaella.uwimana@kaze.demo', 'Michaella Uwimana', '$2a$12$idtV1xjR/gPX0yHZRg9x..v.0GF3F/gQl/2LDfggOfPhI/LTqNPIm', ARRAY['CUSTOMER']::TEXT[], FALSE, '2026-03-16 08:11:00+00'),
    ('user_demo_072', 'michaella.hakizimana@kaze.demo', 'Michaella Hakizimana', '$2a$12$idtV1xjR/gPX0yHZRg9x..v.0GF3F/gQl/2LDfggOfPhI/LTqNPIm', ARRAY['STAFF']::TEXT[], FALSE, '2026-03-17 08:12:00+00'),
    ('user_demo_073', 'michaella.umutoni@kaze.demo', 'Michaella Umutoni', '$2a$12$idtV1xjR/gPX0yHZRg9x..v.0GF3F/gQl/2LDfggOfPhI/LTqNPIm', ARRAY['CUSTOMER']::TEXT[], FALSE, '2026-03-18 08:13:00+00'),
    ('user_demo_074', 'michaella.iradukunda@kaze.demo', 'Michaella Iradukunda', '$2a$12$idtV1xjR/gPX0yHZRg9x..v.0GF3F/gQl/2LDfggOfPhI/LTqNPIm', ARRAY['CUSTOMER']::TEXT[], FALSE, '2026-03-19 08:14:00+00'),
    ('user_demo_075', 'michaella.ishimwe@kaze.demo', 'Michaella Ishimwe', '$2a$12$idtV1xjR/gPX0yHZRg9x..v.0GF3F/gQl/2LDfggOfPhI/LTqNPIm', ARRAY['CUSTOMER']::TEXT[], FALSE, '2026-03-20 08:15:00+00'),
    ('user_demo_076', 'michaella.mukarugwiza@kaze.demo', 'Michaella Mukarugwiza', '$2a$12$idtV1xjR/gPX0yHZRg9x..v.0GF3F/gQl/2LDfggOfPhI/LTqNPIm', ARRAY['CUSTOMER']::TEXT[], FALSE, '2026-03-21 08:16:00+00'),
    ('user_demo_077', 'michaella.habyarimana@kaze.demo', 'Michaella Habyarimana', '$2a$12$idtV1xjR/gPX0yHZRg9x..v.0GF3F/gQl/2LDfggOfPhI/LTqNPIm', ARRAY['CUSTOMER']::TEXT[], FALSE, '2026-03-22 08:17:00+00'),
    ('user_demo_078', 'michaella.umuhoza@kaze.demo', 'Michaella Umuhoza', '$2a$12$idtV1xjR/gPX0yHZRg9x..v.0GF3F/gQl/2LDfggOfPhI/LTqNPIm', ARRAY['CUSTOMER']::TEXT[], FALSE, '2026-03-23 08:18:00+00'),
    ('user_demo_079', 'michaella.munyaneza@kaze.demo', 'Michaella Munyaneza', '$2a$12$idtV1xjR/gPX0yHZRg9x..v.0GF3F/gQl/2LDfggOfPhI/LTqNPIm', ARRAY['CUSTOMER']::TEXT[], FALSE, '2026-03-24 08:19:00+00'),
    ('user_demo_080', 'michaella.rukundo@kaze.demo', 'Michaella Rukundo', '$2a$12$idtV1xjR/gPX0yHZRg9x..v.0GF3F/gQl/2LDfggOfPhI/LTqNPIm', ARRAY['ADMIN', 'STAFF']::TEXT[], FALSE, '2026-03-25 08:20:00+00'),
    ('user_demo_081', 'michaella.mutesi@kaze.demo', 'Michaella Mutesi', '$2a$12$idtV1xjR/gPX0yHZRg9x..v.0GF3F/gQl/2LDfggOfPhI/LTqNPIm', ARRAY['STAFF']::TEXT[], FALSE, '2026-03-26 08:21:00+00'),
    ('user_demo_082', 'michaella.musoni@kaze.demo', 'Michaella Musoni', '$2a$12$idtV1xjR/gPX0yHZRg9x..v.0GF3F/gQl/2LDfggOfPhI/LTqNPIm', ARRAY['CUSTOMER']::TEXT[], FALSE, '2026-03-27 08:22:00+00'),
    ('user_demo_083', 'michaella.munyakazi@kaze.demo', 'Michaella Munyakazi', '$2a$12$idtV1xjR/gPX0yHZRg9x..v.0GF3F/gQl/2LDfggOfPhI/LTqNPIm', ARRAY['CUSTOMER']::TEXT[], FALSE, '2026-03-28 08:23:00+00'),
    ('user_demo_084', 'michaella.umutoniwase@kaze.demo', 'Michaella Umutoniwase', '$2a$12$idtV1xjR/gPX0yHZRg9x..v.0GF3F/gQl/2LDfggOfPhI/LTqNPIm', ARRAY['CUSTOMER']::TEXT[], FALSE, '2026-03-01 08:24:00+00'),
    ('user_demo_085', 'michaella.karemera@kaze.demo', 'Michaella Karemera', '$2a$12$idtV1xjR/gPX0yHZRg9x..v.0GF3F/gQl/2LDfggOfPhI/LTqNPIm', ARRAY['CUSTOMER']::TEXT[], FALSE, '2026-03-02 08:25:00+00'),
    ('user_demo_086', 'michaella.munyampenda@kaze.demo', 'Michaella Munyampenda', '$2a$12$idtV1xjR/gPX0yHZRg9x..v.0GF3F/gQl/2LDfggOfPhI/LTqNPIm', ARRAY['CUSTOMER']::TEXT[], FALSE, '2026-03-03 08:26:00+00'),
    ('user_demo_087', 'michaella.ndayambaje@kaze.demo', 'Michaella Ndayambaje', '$2a$12$idtV1xjR/gPX0yHZRg9x..v.0GF3F/gQl/2LDfggOfPhI/LTqNPIm', ARRAY['CUSTOMER']::TEXT[], FALSE, '2026-03-04 08:27:00+00'),
    ('user_demo_088', 'michaella.nizeyimana@kaze.demo', 'Michaella Nizeyimana', '$2a$12$idtV1xjR/gPX0yHZRg9x..v.0GF3F/gQl/2LDfggOfPhI/LTqNPIm', ARRAY['CUSTOMER']::TEXT[], FALSE, '2026-03-05 08:28:00+00'),
    ('user_demo_089', 'michaella.uwera@kaze.demo', 'Michaella Uwera', '$2a$12$idtV1xjR/gPX0yHZRg9x..v.0GF3F/gQl/2LDfggOfPhI/LTqNPIm', ARRAY['CUSTOMER']::TEXT[], FALSE, '2026-03-06 08:29:00+00'),
    ('user_demo_090', 'michaella.munezero@kaze.demo', 'Michaella Munezero', '$2a$12$idtV1xjR/gPX0yHZRg9x..v.0GF3F/gQl/2LDfggOfPhI/LTqNPIm', ARRAY['STAFF']::TEXT[], FALSE, '2026-03-07 08:30:00+00'),
    ('user_demo_091', 'brian.uwase@kaze.demo', 'Brian Uwase', '$2a$12$idtV1xjR/gPX0yHZRg9x..v.0GF3F/gQl/2LDfggOfPhI/LTqNPIm', ARRAY['CUSTOMER']::TEXT[], FALSE, '2026-03-08 08:31:00+00'),
    ('user_demo_092', 'brian.nshuti@kaze.demo', 'Brian Nshuti', '$2a$12$idtV1xjR/gPX0yHZRg9x..v.0GF3F/gQl/2LDfggOfPhI/LTqNPIm', ARRAY['CUSTOMER']::TEXT[], FALSE, '2026-03-09 08:32:00+00'),
    ('user_demo_093', 'brian.mukamana@kaze.demo', 'Brian Mukamana', '$2a$12$idtV1xjR/gPX0yHZRg9x..v.0GF3F/gQl/2LDfggOfPhI/LTqNPIm', ARRAY['CUSTOMER']::TEXT[], FALSE, '2026-03-10 08:33:00+00'),
    ('user_demo_094', 'brian.habimana@kaze.demo', 'Brian Habimana', '$2a$12$idtV1xjR/gPX0yHZRg9x..v.0GF3F/gQl/2LDfggOfPhI/LTqNPIm', ARRAY['CUSTOMER']::TEXT[], FALSE, '2026-03-11 08:34:00+00'),
    ('user_demo_095', 'brian.ingabire@kaze.demo', 'Brian Ingabire', '$2a$12$idtV1xjR/gPX0yHZRg9x..v.0GF3F/gQl/2LDfggOfPhI/LTqNPIm', ARRAY['CUSTOMER']::TEXT[], FALSE, '2026-03-12 08:35:00+00'),
    ('user_demo_096', 'brian.tuyisenge@kaze.demo', 'Brian Tuyisenge', '$2a$12$idtV1xjR/gPX0yHZRg9x..v.0GF3F/gQl/2LDfggOfPhI/LTqNPIm', ARRAY['CUSTOMER']::TEXT[], FALSE, '2026-03-13 08:36:00+00'),
    ('user_demo_097', 'brian.mukeshimana@kaze.demo', 'Brian Mukeshimana', '$2a$12$idtV1xjR/gPX0yHZRg9x..v.0GF3F/gQl/2LDfggOfPhI/LTqNPIm', ARRAY['CUSTOMER']::TEXT[], FALSE, '2026-03-14 08:37:00+00'),
    ('user_demo_098', 'brian.mugisha@kaze.demo', 'Brian Mugisha', '$2a$12$idtV1xjR/gPX0yHZRg9x..v.0GF3F/gQl/2LDfggOfPhI/LTqNPIm', ARRAY['CUSTOMER']::TEXT[], FALSE, '2026-03-15 08:38:00+00'),
    ('user_demo_099', 'brian.nyirahabimana@kaze.demo', 'Brian Nyirahabimana', '$2a$12$idtV1xjR/gPX0yHZRg9x..v.0GF3F/gQl/2LDfggOfPhI/LTqNPIm', ARRAY['STAFF']::TEXT[], FALSE, '2026-03-16 08:39:00+00'),
    ('user_demo_100', 'brian.niyonsaba@kaze.demo', 'Brian Niyonsaba', '$2a$12$idtV1xjR/gPX0yHZRg9x..v.0GF3F/gQl/2LDfggOfPhI/LTqNPIm', ARRAY['ADMIN', 'STAFF']::TEXT[], FALSE, '2026-03-17 08:40:00+00'),
    ('user_demo_101', 'brian.uwimana@kaze.demo', 'Brian Uwimana', '$2a$12$idtV1xjR/gPX0yHZRg9x..v.0GF3F/gQl/2LDfggOfPhI/LTqNPIm', ARRAY['CUSTOMER']::TEXT[], FALSE, '2026-03-18 08:41:00+00'),
    ('user_demo_102', 'brian.hakizimana@kaze.demo', 'Brian Hakizimana', '$2a$12$idtV1xjR/gPX0yHZRg9x..v.0GF3F/gQl/2LDfggOfPhI/LTqNPIm', ARRAY['CUSTOMER']::TEXT[], FALSE, '2026-03-19 08:42:00+00'),
    ('user_demo_103', 'brian.umutoni@kaze.demo', 'Brian Umutoni', '$2a$12$idtV1xjR/gPX0yHZRg9x..v.0GF3F/gQl/2LDfggOfPhI/LTqNPIm', ARRAY['CUSTOMER']::TEXT[], FALSE, '2026-03-20 08:43:00+00'),
    ('user_demo_104', 'brian.iradukunda@kaze.demo', 'Brian Iradukunda', '$2a$12$idtV1xjR/gPX0yHZRg9x..v.0GF3F/gQl/2LDfggOfPhI/LTqNPIm', ARRAY['CUSTOMER']::TEXT[], FALSE, '2026-03-21 08:44:00+00'),
    ('user_demo_105', 'brian.ishimwe@kaze.demo', 'Brian Ishimwe', '$2a$12$idtV1xjR/gPX0yHZRg9x..v.0GF3F/gQl/2LDfggOfPhI/LTqNPIm', ARRAY['CUSTOMER']::TEXT[], FALSE, '2026-03-22 08:45:00+00'),
    ('user_demo_106', 'brian.mukarugwiza@kaze.demo', 'Brian Mukarugwiza', '$2a$12$idtV1xjR/gPX0yHZRg9x..v.0GF3F/gQl/2LDfggOfPhI/LTqNPIm', ARRAY['CUSTOMER']::TEXT[], FALSE, '2026-03-23 08:46:00+00'),
    ('user_demo_107', 'brian.habyarimana@kaze.demo', 'Brian Habyarimana', '$2a$12$idtV1xjR/gPX0yHZRg9x..v.0GF3F/gQl/2LDfggOfPhI/LTqNPIm', ARRAY['CUSTOMER']::TEXT[], FALSE, '2026-03-24 08:47:00+00'),
    ('user_demo_108', 'brian.umuhoza@kaze.demo', 'Brian Umuhoza', '$2a$12$idtV1xjR/gPX0yHZRg9x..v.0GF3F/gQl/2LDfggOfPhI/LTqNPIm', ARRAY['STAFF']::TEXT[], FALSE, '2026-03-25 08:48:00+00'),
    ('user_demo_109', 'brian.munyaneza@kaze.demo', 'Brian Munyaneza', '$2a$12$idtV1xjR/gPX0yHZRg9x..v.0GF3F/gQl/2LDfggOfPhI/LTqNPIm', ARRAY['CUSTOMER']::TEXT[], FALSE, '2026-03-26 08:49:00+00'),
    ('user_demo_110', 'brian.rukundo@kaze.demo', 'Brian Rukundo', '$2a$12$idtV1xjR/gPX0yHZRg9x..v.0GF3F/gQl/2LDfggOfPhI/LTqNPIm', ARRAY['CUSTOMER']::TEXT[], FALSE, '2026-03-27 08:50:00+00'),
    ('user_demo_111', 'brian.mutesi@kaze.demo', 'Brian Mutesi', '$2a$12$idtV1xjR/gPX0yHZRg9x..v.0GF3F/gQl/2LDfggOfPhI/LTqNPIm', ARRAY['CUSTOMER']::TEXT[], FALSE, '2026-03-28 08:51:00+00'),
    ('user_demo_112', 'brian.musoni@kaze.demo', 'Brian Musoni', '$2a$12$idtV1xjR/gPX0yHZRg9x..v.0GF3F/gQl/2LDfggOfPhI/LTqNPIm', ARRAY['CUSTOMER']::TEXT[], FALSE, '2026-03-01 08:52:00+00'),
    ('user_demo_113', 'brian.munyakazi@kaze.demo', 'Brian Munyakazi', '$2a$12$idtV1xjR/gPX0yHZRg9x..v.0GF3F/gQl/2LDfggOfPhI/LTqNPIm', ARRAY['CUSTOMER']::TEXT[], FALSE, '2026-03-02 08:53:00+00'),
    ('user_demo_114', 'brian.umutoniwase@kaze.demo', 'Brian Umutoniwase', '$2a$12$idtV1xjR/gPX0yHZRg9x..v.0GF3F/gQl/2LDfggOfPhI/LTqNPIm', ARRAY['CUSTOMER']::TEXT[], FALSE, '2026-03-03 08:54:00+00'),
    ('user_demo_115', 'brian.karemera@kaze.demo', 'Brian Karemera', '$2a$12$idtV1xjR/gPX0yHZRg9x..v.0GF3F/gQl/2LDfggOfPhI/LTqNPIm', ARRAY['CUSTOMER']::TEXT[], FALSE, '2026-03-04 08:55:00+00'),
    ('user_demo_116', 'brian.munyampenda@kaze.demo', 'Brian Munyampenda', '$2a$12$idtV1xjR/gPX0yHZRg9x..v.0GF3F/gQl/2LDfggOfPhI/LTqNPIm', ARRAY['CUSTOMER']::TEXT[], FALSE, '2026-03-05 08:56:00+00'),
    ('user_demo_117', 'brian.ndayambaje@kaze.demo', 'Brian Ndayambaje', '$2a$12$idtV1xjR/gPX0yHZRg9x..v.0GF3F/gQl/2LDfggOfPhI/LTqNPIm', ARRAY['STAFF']::TEXT[], FALSE, '2026-03-06 08:57:00+00'),
    ('user_demo_118', 'brian.nizeyimana@kaze.demo', 'Brian Nizeyimana', '$2a$12$idtV1xjR/gPX0yHZRg9x..v.0GF3F/gQl/2LDfggOfPhI/LTqNPIm', ARRAY['CUSTOMER']::TEXT[], FALSE, '2026-03-07 08:58:00+00'),
    ('user_demo_119', 'brian.uwera@kaze.demo', 'Brian Uwera', '$2a$12$idtV1xjR/gPX0yHZRg9x..v.0GF3F/gQl/2LDfggOfPhI/LTqNPIm', ARRAY['CUSTOMER']::TEXT[], FALSE, '2026-03-08 08:59:00+00'),
    ('user_demo_120', 'brian.munezero@kaze.demo', 'Brian Munezero', '$2a$12$idtV1xjR/gPX0yHZRg9x..v.0GF3F/gQl/2LDfggOfPhI/LTqNPIm', ARRAY['ADMIN', 'STAFF']::TEXT[], FALSE, '2026-03-09 08:00:00+00');

INSERT INTO user_auth_providers (id, user_id, provider, provider_subject, email, email_verified, display_name, avatar_url) VALUES
    ('auth_provider_aline', 'user_aline', 'PASSWORD', 'aline@example.com', 'aline@example.com', TRUE, 'Aline Uwase', NULL),
    ('auth_provider_michael', 'user_michael', 'PASSWORD', 'michael@example.com', 'michael@example.com', TRUE, 'Michael Nshuti', NULL),
    ('auth_provider_claudine', 'user_staff_claudine', 'PASSWORD', 'claudine.staff@example.com', 'claudine.staff@example.com', TRUE, 'Claudine Mukamana', NULL),
    ('auth_provider_admin', 'user_admin_orest', 'PASSWORD', 'admin@example.com', 'admin@example.com', TRUE, 'Kaze Admin', NULL),
    ('auth_provider_001', 'user_demo_001', 'GOOGLE', 'google-subject-001', 'aline.uwase@kaze.demo', TRUE, 'Aline Uwase', NULL),
    ('auth_provider_002', 'user_demo_002', 'APPLE', 'apple-subject-002', 'aline.nshuti@kaze.demo', TRUE, 'Aline Nshuti', NULL),
    ('auth_provider_003', 'user_demo_003', 'FACEBOOK', 'facebook-subject-003', 'aline.mukamana@kaze.demo', TRUE, 'Aline Mukamana', NULL),
    ('auth_provider_004', 'user_demo_004', 'PASSWORD', 'aline.habimana@kaze.demo', 'aline.habimana@kaze.demo', TRUE, 'Aline Habimana', NULL),
    ('auth_provider_005', 'user_demo_005', 'GOOGLE', 'google-subject-005', 'aline.ingabire@kaze.demo', TRUE, 'Aline Ingabire', NULL),
    ('auth_provider_006', 'user_demo_006', 'APPLE', 'apple-subject-006', 'aline.tuyisenge@kaze.demo', TRUE, 'Aline Tuyisenge', NULL),
    ('auth_provider_007', 'user_demo_007', 'FACEBOOK', 'facebook-subject-007', 'aline.mukeshimana@kaze.demo', TRUE, 'Aline Mukeshimana', NULL),
    ('auth_provider_008', 'user_demo_008', 'PASSWORD', 'aline.mugisha@kaze.demo', 'aline.mugisha@kaze.demo', TRUE, 'Aline Mugisha', NULL),
    ('auth_provider_009', 'user_demo_009', 'GOOGLE', 'google-subject-009', 'aline.nyirahabimana@kaze.demo', TRUE, 'Aline Nyirahabimana', NULL),
    ('auth_provider_010', 'user_demo_010', 'APPLE', 'apple-subject-010', 'aline.niyonsaba@kaze.demo', TRUE, 'Aline Niyonsaba', NULL),
    ('auth_provider_011', 'user_demo_011', 'FACEBOOK', 'facebook-subject-011', 'aline.uwimana@kaze.demo', TRUE, 'Aline Uwimana', NULL),
    ('auth_provider_012', 'user_demo_012', 'PASSWORD', 'aline.hakizimana@kaze.demo', 'aline.hakizimana@kaze.demo', TRUE, 'Aline Hakizimana', NULL),
    ('auth_provider_013', 'user_demo_013', 'GOOGLE', 'google-subject-013', 'aline.umutoni@kaze.demo', TRUE, 'Aline Umutoni', NULL),
    ('auth_provider_014', 'user_demo_014', 'APPLE', 'apple-subject-014', 'aline.iradukunda@kaze.demo', TRUE, 'Aline Iradukunda', NULL),
    ('auth_provider_015', 'user_demo_015', 'FACEBOOK', 'facebook-subject-015', 'aline.ishimwe@kaze.demo', TRUE, 'Aline Ishimwe', NULL),
    ('auth_provider_016', 'user_demo_016', 'PASSWORD', 'aline.mukarugwiza@kaze.demo', 'aline.mukarugwiza@kaze.demo', TRUE, 'Aline Mukarugwiza', NULL),
    ('auth_provider_017', 'user_demo_017', 'GOOGLE', 'google-subject-017', 'aline.habyarimana@kaze.demo', TRUE, 'Aline Habyarimana', NULL),
    ('auth_provider_018', 'user_demo_018', 'APPLE', 'apple-subject-018', 'aline.umuhoza@kaze.demo', TRUE, 'Aline Umuhoza', NULL),
    ('auth_provider_019', 'user_demo_019', 'FACEBOOK', 'facebook-subject-019', 'aline.munyaneza@kaze.demo', TRUE, 'Aline Munyaneza', NULL),
    ('auth_provider_020', 'user_demo_020', 'PASSWORD', 'aline.rukundo@kaze.demo', 'aline.rukundo@kaze.demo', TRUE, 'Aline Rukundo', NULL),
    ('auth_provider_021', 'user_demo_021', 'GOOGLE', 'google-subject-021', 'aline.mutesi@kaze.demo', TRUE, 'Aline Mutesi', NULL),
    ('auth_provider_022', 'user_demo_022', 'APPLE', 'apple-subject-022', 'aline.musoni@kaze.demo', TRUE, 'Aline Musoni', NULL),
    ('auth_provider_023', 'user_demo_023', 'FACEBOOK', 'facebook-subject-023', 'aline.munyakazi@kaze.demo', TRUE, 'Aline Munyakazi', NULL),
    ('auth_provider_024', 'user_demo_024', 'PASSWORD', 'aline.umutoniwase@kaze.demo', 'aline.umutoniwase@kaze.demo', TRUE, 'Aline Umutoniwase', NULL),
    ('auth_provider_025', 'user_demo_025', 'GOOGLE', 'google-subject-025', 'aline.karemera@kaze.demo', TRUE, 'Aline Karemera', NULL),
    ('auth_provider_026', 'user_demo_026', 'APPLE', 'apple-subject-026', 'aline.munyampenda@kaze.demo', TRUE, 'Aline Munyampenda', NULL),
    ('auth_provider_027', 'user_demo_027', 'FACEBOOK', 'facebook-subject-027', 'aline.ndayambaje@kaze.demo', TRUE, 'Aline Ndayambaje', NULL),
    ('auth_provider_028', 'user_demo_028', 'PASSWORD', 'aline.nizeyimana@kaze.demo', 'aline.nizeyimana@kaze.demo', TRUE, 'Aline Nizeyimana', NULL),
    ('auth_provider_029', 'user_demo_029', 'GOOGLE', 'google-subject-029', 'aline.uwera@kaze.demo', TRUE, 'Aline Uwera', NULL),
    ('auth_provider_030', 'user_demo_030', 'APPLE', 'apple-subject-030', 'aline.munezero@kaze.demo', TRUE, 'Aline Munezero', NULL),
    ('auth_provider_031', 'user_demo_031', 'FACEBOOK', 'facebook-subject-031', 'kevin.uwase@kaze.demo', TRUE, 'Kevin Uwase', NULL),
    ('auth_provider_032', 'user_demo_032', 'PASSWORD', 'kevin.nshuti@kaze.demo', 'kevin.nshuti@kaze.demo', TRUE, 'Kevin Nshuti', NULL),
    ('auth_provider_033', 'user_demo_033', 'GOOGLE', 'google-subject-033', 'kevin.mukamana@kaze.demo', TRUE, 'Kevin Mukamana', NULL),
    ('auth_provider_034', 'user_demo_034', 'APPLE', 'apple-subject-034', 'kevin.habimana@kaze.demo', TRUE, 'Kevin Habimana', NULL),
    ('auth_provider_035', 'user_demo_035', 'FACEBOOK', 'facebook-subject-035', 'kevin.ingabire@kaze.demo', TRUE, 'Kevin Ingabire', NULL),
    ('auth_provider_036', 'user_demo_036', 'PASSWORD', 'kevin.tuyisenge@kaze.demo', 'kevin.tuyisenge@kaze.demo', TRUE, 'Kevin Tuyisenge', NULL),
    ('auth_provider_037', 'user_demo_037', 'GOOGLE', 'google-subject-037', 'kevin.mukeshimana@kaze.demo', TRUE, 'Kevin Mukeshimana', NULL),
    ('auth_provider_038', 'user_demo_038', 'APPLE', 'apple-subject-038', 'kevin.mugisha@kaze.demo', TRUE, 'Kevin Mugisha', NULL),
    ('auth_provider_039', 'user_demo_039', 'FACEBOOK', 'facebook-subject-039', 'kevin.nyirahabimana@kaze.demo', TRUE, 'Kevin Nyirahabimana', NULL),
    ('auth_provider_040', 'user_demo_040', 'PASSWORD', 'kevin.niyonsaba@kaze.demo', 'kevin.niyonsaba@kaze.demo', TRUE, 'Kevin Niyonsaba', NULL),
    ('auth_provider_041', 'user_demo_041', 'GOOGLE', 'google-subject-041', 'kevin.uwimana@kaze.demo', TRUE, 'Kevin Uwimana', NULL),
    ('auth_provider_042', 'user_demo_042', 'APPLE', 'apple-subject-042', 'kevin.hakizimana@kaze.demo', TRUE, 'Kevin Hakizimana', NULL),
    ('auth_provider_043', 'user_demo_043', 'FACEBOOK', 'facebook-subject-043', 'kevin.umutoni@kaze.demo', TRUE, 'Kevin Umutoni', NULL),
    ('auth_provider_044', 'user_demo_044', 'PASSWORD', 'kevin.iradukunda@kaze.demo', 'kevin.iradukunda@kaze.demo', TRUE, 'Kevin Iradukunda', NULL),
    ('auth_provider_045', 'user_demo_045', 'GOOGLE', 'google-subject-045', 'kevin.ishimwe@kaze.demo', TRUE, 'Kevin Ishimwe', NULL),
    ('auth_provider_046', 'user_demo_046', 'APPLE', 'apple-subject-046', 'kevin.mukarugwiza@kaze.demo', TRUE, 'Kevin Mukarugwiza', NULL),
    ('auth_provider_047', 'user_demo_047', 'FACEBOOK', 'facebook-subject-047', 'kevin.habyarimana@kaze.demo', TRUE, 'Kevin Habyarimana', NULL),
    ('auth_provider_048', 'user_demo_048', 'PASSWORD', 'kevin.umuhoza@kaze.demo', 'kevin.umuhoza@kaze.demo', TRUE, 'Kevin Umuhoza', NULL),
    ('auth_provider_049', 'user_demo_049', 'GOOGLE', 'google-subject-049', 'kevin.munyaneza@kaze.demo', TRUE, 'Kevin Munyaneza', NULL),
    ('auth_provider_050', 'user_demo_050', 'APPLE', 'apple-subject-050', 'kevin.rukundo@kaze.demo', TRUE, 'Kevin Rukundo', NULL),
    ('auth_provider_051', 'user_demo_051', 'FACEBOOK', 'facebook-subject-051', 'kevin.mutesi@kaze.demo', TRUE, 'Kevin Mutesi', NULL),
    ('auth_provider_052', 'user_demo_052', 'PASSWORD', 'kevin.musoni@kaze.demo', 'kevin.musoni@kaze.demo', TRUE, 'Kevin Musoni', NULL),
    ('auth_provider_053', 'user_demo_053', 'GOOGLE', 'google-subject-053', 'kevin.munyakazi@kaze.demo', TRUE, 'Kevin Munyakazi', NULL),
    ('auth_provider_054', 'user_demo_054', 'APPLE', 'apple-subject-054', 'kevin.umutoniwase@kaze.demo', TRUE, 'Kevin Umutoniwase', NULL),
    ('auth_provider_055', 'user_demo_055', 'FACEBOOK', 'facebook-subject-055', 'kevin.karemera@kaze.demo', TRUE, 'Kevin Karemera', NULL),
    ('auth_provider_056', 'user_demo_056', 'PASSWORD', 'kevin.munyampenda@kaze.demo', 'kevin.munyampenda@kaze.demo', TRUE, 'Kevin Munyampenda', NULL),
    ('auth_provider_057', 'user_demo_057', 'GOOGLE', 'google-subject-057', 'kevin.ndayambaje@kaze.demo', TRUE, 'Kevin Ndayambaje', NULL),
    ('auth_provider_058', 'user_demo_058', 'APPLE', 'apple-subject-058', 'kevin.nizeyimana@kaze.demo', TRUE, 'Kevin Nizeyimana', NULL),
    ('auth_provider_059', 'user_demo_059', 'FACEBOOK', 'facebook-subject-059', 'kevin.uwera@kaze.demo', TRUE, 'Kevin Uwera', NULL),
    ('auth_provider_060', 'user_demo_060', 'PASSWORD', 'kevin.munezero@kaze.demo', 'kevin.munezero@kaze.demo', TRUE, 'Kevin Munezero', NULL),
    ('auth_provider_061', 'user_demo_061', 'GOOGLE', 'google-subject-061', 'michaella.uwase@kaze.demo', TRUE, 'Michaella Uwase', NULL),
    ('auth_provider_062', 'user_demo_062', 'APPLE', 'apple-subject-062', 'michaella.nshuti@kaze.demo', TRUE, 'Michaella Nshuti', NULL),
    ('auth_provider_063', 'user_demo_063', 'FACEBOOK', 'facebook-subject-063', 'michaella.mukamana@kaze.demo', TRUE, 'Michaella Mukamana', NULL),
    ('auth_provider_064', 'user_demo_064', 'PASSWORD', 'michaella.habimana@kaze.demo', 'michaella.habimana@kaze.demo', TRUE, 'Michaella Habimana', NULL),
    ('auth_provider_065', 'user_demo_065', 'GOOGLE', 'google-subject-065', 'michaella.ingabire@kaze.demo', TRUE, 'Michaella Ingabire', NULL),
    ('auth_provider_066', 'user_demo_066', 'APPLE', 'apple-subject-066', 'michaella.tuyisenge@kaze.demo', TRUE, 'Michaella Tuyisenge', NULL),
    ('auth_provider_067', 'user_demo_067', 'FACEBOOK', 'facebook-subject-067', 'michaella.mukeshimana@kaze.demo', TRUE, 'Michaella Mukeshimana', NULL),
    ('auth_provider_068', 'user_demo_068', 'PASSWORD', 'michaella.mugisha@kaze.demo', 'michaella.mugisha@kaze.demo', TRUE, 'Michaella Mugisha', NULL),
    ('auth_provider_069', 'user_demo_069', 'GOOGLE', 'google-subject-069', 'michaella.nyirahabimana@kaze.demo', TRUE, 'Michaella Nyirahabimana', NULL),
    ('auth_provider_070', 'user_demo_070', 'APPLE', 'apple-subject-070', 'michaella.niyonsaba@kaze.demo', TRUE, 'Michaella Niyonsaba', NULL),
    ('auth_provider_071', 'user_demo_071', 'FACEBOOK', 'facebook-subject-071', 'michaella.uwimana@kaze.demo', TRUE, 'Michaella Uwimana', NULL),
    ('auth_provider_072', 'user_demo_072', 'PASSWORD', 'michaella.hakizimana@kaze.demo', 'michaella.hakizimana@kaze.demo', TRUE, 'Michaella Hakizimana', NULL),
    ('auth_provider_073', 'user_demo_073', 'GOOGLE', 'google-subject-073', 'michaella.umutoni@kaze.demo', TRUE, 'Michaella Umutoni', NULL),
    ('auth_provider_074', 'user_demo_074', 'APPLE', 'apple-subject-074', 'michaella.iradukunda@kaze.demo', TRUE, 'Michaella Iradukunda', NULL),
    ('auth_provider_075', 'user_demo_075', 'FACEBOOK', 'facebook-subject-075', 'michaella.ishimwe@kaze.demo', TRUE, 'Michaella Ishimwe', NULL),
    ('auth_provider_076', 'user_demo_076', 'PASSWORD', 'michaella.mukarugwiza@kaze.demo', 'michaella.mukarugwiza@kaze.demo', TRUE, 'Michaella Mukarugwiza', NULL),
    ('auth_provider_077', 'user_demo_077', 'GOOGLE', 'google-subject-077', 'michaella.habyarimana@kaze.demo', TRUE, 'Michaella Habyarimana', NULL),
    ('auth_provider_078', 'user_demo_078', 'APPLE', 'apple-subject-078', 'michaella.umuhoza@kaze.demo', TRUE, 'Michaella Umuhoza', NULL),
    ('auth_provider_079', 'user_demo_079', 'FACEBOOK', 'facebook-subject-079', 'michaella.munyaneza@kaze.demo', TRUE, 'Michaella Munyaneza', NULL),
    ('auth_provider_080', 'user_demo_080', 'PASSWORD', 'michaella.rukundo@kaze.demo', 'michaella.rukundo@kaze.demo', TRUE, 'Michaella Rukundo', NULL),
    ('auth_provider_081', 'user_demo_081', 'GOOGLE', 'google-subject-081', 'michaella.mutesi@kaze.demo', TRUE, 'Michaella Mutesi', NULL),
    ('auth_provider_082', 'user_demo_082', 'APPLE', 'apple-subject-082', 'michaella.musoni@kaze.demo', TRUE, 'Michaella Musoni', NULL),
    ('auth_provider_083', 'user_demo_083', 'FACEBOOK', 'facebook-subject-083', 'michaella.munyakazi@kaze.demo', TRUE, 'Michaella Munyakazi', NULL),
    ('auth_provider_084', 'user_demo_084', 'PASSWORD', 'michaella.umutoniwase@kaze.demo', 'michaella.umutoniwase@kaze.demo', TRUE, 'Michaella Umutoniwase', NULL),
    ('auth_provider_085', 'user_demo_085', 'GOOGLE', 'google-subject-085', 'michaella.karemera@kaze.demo', TRUE, 'Michaella Karemera', NULL),
    ('auth_provider_086', 'user_demo_086', 'APPLE', 'apple-subject-086', 'michaella.munyampenda@kaze.demo', TRUE, 'Michaella Munyampenda', NULL),
    ('auth_provider_087', 'user_demo_087', 'FACEBOOK', 'facebook-subject-087', 'michaella.ndayambaje@kaze.demo', TRUE, 'Michaella Ndayambaje', NULL),
    ('auth_provider_088', 'user_demo_088', 'PASSWORD', 'michaella.nizeyimana@kaze.demo', 'michaella.nizeyimana@kaze.demo', TRUE, 'Michaella Nizeyimana', NULL),
    ('auth_provider_089', 'user_demo_089', 'GOOGLE', 'google-subject-089', 'michaella.uwera@kaze.demo', TRUE, 'Michaella Uwera', NULL),
    ('auth_provider_090', 'user_demo_090', 'APPLE', 'apple-subject-090', 'michaella.munezero@kaze.demo', TRUE, 'Michaella Munezero', NULL),
    ('auth_provider_091', 'user_demo_091', 'FACEBOOK', 'facebook-subject-091', 'brian.uwase@kaze.demo', TRUE, 'Brian Uwase', NULL),
    ('auth_provider_092', 'user_demo_092', 'PASSWORD', 'brian.nshuti@kaze.demo', 'brian.nshuti@kaze.demo', TRUE, 'Brian Nshuti', NULL),
    ('auth_provider_093', 'user_demo_093', 'GOOGLE', 'google-subject-093', 'brian.mukamana@kaze.demo', TRUE, 'Brian Mukamana', NULL),
    ('auth_provider_094', 'user_demo_094', 'APPLE', 'apple-subject-094', 'brian.habimana@kaze.demo', TRUE, 'Brian Habimana', NULL),
    ('auth_provider_095', 'user_demo_095', 'FACEBOOK', 'facebook-subject-095', 'brian.ingabire@kaze.demo', TRUE, 'Brian Ingabire', NULL),
    ('auth_provider_096', 'user_demo_096', 'PASSWORD', 'brian.tuyisenge@kaze.demo', 'brian.tuyisenge@kaze.demo', TRUE, 'Brian Tuyisenge', NULL),
    ('auth_provider_097', 'user_demo_097', 'GOOGLE', 'google-subject-097', 'brian.mukeshimana@kaze.demo', TRUE, 'Brian Mukeshimana', NULL),
    ('auth_provider_098', 'user_demo_098', 'APPLE', 'apple-subject-098', 'brian.mugisha@kaze.demo', TRUE, 'Brian Mugisha', NULL),
    ('auth_provider_099', 'user_demo_099', 'FACEBOOK', 'facebook-subject-099', 'brian.nyirahabimana@kaze.demo', TRUE, 'Brian Nyirahabimana', NULL),
    ('auth_provider_100', 'user_demo_100', 'PASSWORD', 'brian.niyonsaba@kaze.demo', 'brian.niyonsaba@kaze.demo', TRUE, 'Brian Niyonsaba', NULL),
    ('auth_provider_101', 'user_demo_101', 'GOOGLE', 'google-subject-101', 'brian.uwimana@kaze.demo', TRUE, 'Brian Uwimana', NULL),
    ('auth_provider_102', 'user_demo_102', 'APPLE', 'apple-subject-102', 'brian.hakizimana@kaze.demo', TRUE, 'Brian Hakizimana', NULL),
    ('auth_provider_103', 'user_demo_103', 'FACEBOOK', 'facebook-subject-103', 'brian.umutoni@kaze.demo', TRUE, 'Brian Umutoni', NULL),
    ('auth_provider_104', 'user_demo_104', 'PASSWORD', 'brian.iradukunda@kaze.demo', 'brian.iradukunda@kaze.demo', TRUE, 'Brian Iradukunda', NULL),
    ('auth_provider_105', 'user_demo_105', 'GOOGLE', 'google-subject-105', 'brian.ishimwe@kaze.demo', TRUE, 'Brian Ishimwe', NULL),
    ('auth_provider_106', 'user_demo_106', 'APPLE', 'apple-subject-106', 'brian.mukarugwiza@kaze.demo', TRUE, 'Brian Mukarugwiza', NULL),
    ('auth_provider_107', 'user_demo_107', 'FACEBOOK', 'facebook-subject-107', 'brian.habyarimana@kaze.demo', TRUE, 'Brian Habyarimana', NULL),
    ('auth_provider_108', 'user_demo_108', 'PASSWORD', 'brian.umuhoza@kaze.demo', 'brian.umuhoza@kaze.demo', TRUE, 'Brian Umuhoza', NULL),
    ('auth_provider_109', 'user_demo_109', 'GOOGLE', 'google-subject-109', 'brian.munyaneza@kaze.demo', TRUE, 'Brian Munyaneza', NULL),
    ('auth_provider_110', 'user_demo_110', 'APPLE', 'apple-subject-110', 'brian.rukundo@kaze.demo', TRUE, 'Brian Rukundo', NULL),
    ('auth_provider_111', 'user_demo_111', 'FACEBOOK', 'facebook-subject-111', 'brian.mutesi@kaze.demo', TRUE, 'Brian Mutesi', NULL),
    ('auth_provider_112', 'user_demo_112', 'PASSWORD', 'brian.musoni@kaze.demo', 'brian.musoni@kaze.demo', TRUE, 'Brian Musoni', NULL),
    ('auth_provider_113', 'user_demo_113', 'GOOGLE', 'google-subject-113', 'brian.munyakazi@kaze.demo', TRUE, 'Brian Munyakazi', NULL),
    ('auth_provider_114', 'user_demo_114', 'APPLE', 'apple-subject-114', 'brian.umutoniwase@kaze.demo', TRUE, 'Brian Umutoniwase', NULL),
    ('auth_provider_115', 'user_demo_115', 'FACEBOOK', 'facebook-subject-115', 'brian.karemera@kaze.demo', TRUE, 'Brian Karemera', NULL),
    ('auth_provider_116', 'user_demo_116', 'PASSWORD', 'brian.munyampenda@kaze.demo', 'brian.munyampenda@kaze.demo', TRUE, 'Brian Munyampenda', NULL),
    ('auth_provider_117', 'user_demo_117', 'GOOGLE', 'google-subject-117', 'brian.ndayambaje@kaze.demo', TRUE, 'Brian Ndayambaje', NULL),
    ('auth_provider_118', 'user_demo_118', 'APPLE', 'apple-subject-118', 'brian.nizeyimana@kaze.demo', TRUE, 'Brian Nizeyimana', NULL),
    ('auth_provider_119', 'user_demo_119', 'FACEBOOK', 'facebook-subject-119', 'brian.uwera@kaze.demo', TRUE, 'Brian Uwera', NULL),
    ('auth_provider_120', 'user_demo_120', 'PASSWORD', 'brian.munezero@kaze.demo', 'brian.munezero@kaze.demo', TRUE, 'Brian Munezero', NULL);

INSERT INTO oauth_login_attempts (id, provider, state_hash, code_verifier_hash, code_verifier, nonce_hash, nonce, app_redirect_uri, expires_at, consumed_at, created_at) VALUES
    ('oauth_attempt_001', 'APPLE', 'state-hash-001', 'verifier-hash-001', 'verifier-001', 'nonce-hash-001', 'nonce-001', 'kaze://auth/callback', '2026-06-02 10:01:00+00', NULL, '2026-06-02 08:11:00+00'),
    ('oauth_attempt_002', 'FACEBOOK', 'state-hash-002', 'verifier-hash-002', 'verifier-002', 'nonce-hash-002', 'nonce-002', 'kaze://auth/callback', '2026-06-03 10:02:00+00', NULL, '2026-06-03 08:12:00+00'),
    ('oauth_attempt_003', 'GOOGLE', 'state-hash-003', 'verifier-hash-003', 'verifier-003', 'nonce-hash-003', 'nonce-003', 'kaze://auth/callback', '2026-06-04 10:03:00+00', NULL, '2026-06-04 08:13:00+00'),
    ('oauth_attempt_004', 'APPLE', 'state-hash-004', 'verifier-hash-004', 'verifier-004', 'nonce-hash-004', 'nonce-004', 'kaze://auth/callback', '2026-06-05 10:04:00+00', NULL, '2026-06-05 08:14:00+00'),
    ('oauth_attempt_005', 'FACEBOOK', 'state-hash-005', 'verifier-hash-005', 'verifier-005', 'nonce-hash-005', 'nonce-005', 'kaze://auth/callback', '2026-06-06 10:05:00+00', '2026-06-06 09:05:00+00', '2026-06-06 08:15:00+00'),
    ('oauth_attempt_006', 'GOOGLE', 'state-hash-006', 'verifier-hash-006', 'verifier-006', 'nonce-hash-006', 'nonce-006', 'kaze://auth/callback', '2026-06-07 10:06:00+00', NULL, '2026-06-07 08:16:00+00'),
    ('oauth_attempt_007', 'APPLE', 'state-hash-007', 'verifier-hash-007', 'verifier-007', 'nonce-hash-007', 'nonce-007', 'kaze://auth/callback', '2026-06-08 10:07:00+00', NULL, '2026-06-08 08:17:00+00'),
    ('oauth_attempt_008', 'FACEBOOK', 'state-hash-008', 'verifier-hash-008', 'verifier-008', 'nonce-hash-008', 'nonce-008', 'kaze://auth/callback', '2026-06-09 10:08:00+00', NULL, '2026-06-09 08:18:00+00'),
    ('oauth_attempt_009', 'GOOGLE', 'state-hash-009', 'verifier-hash-009', 'verifier-009', 'nonce-hash-009', 'nonce-009', 'kaze://auth/callback', '2026-06-10 10:09:00+00', NULL, '2026-06-10 08:19:00+00'),
    ('oauth_attempt_010', 'APPLE', 'state-hash-010', 'verifier-hash-010', 'verifier-010', 'nonce-hash-010', 'nonce-010', 'kaze://auth/callback', '2026-06-11 10:10:00+00', '2026-06-11 09:10:00+00', '2026-06-11 08:20:00+00'),
    ('oauth_attempt_011', 'FACEBOOK', 'state-hash-011', 'verifier-hash-011', 'verifier-011', 'nonce-hash-011', 'nonce-011', 'kaze://auth/callback', '2026-06-12 10:11:00+00', NULL, '2026-06-12 08:21:00+00'),
    ('oauth_attempt_012', 'GOOGLE', 'state-hash-012', 'verifier-hash-012', 'verifier-012', 'nonce-hash-012', 'nonce-012', 'kaze://auth/callback', '2026-06-13 10:12:00+00', NULL, '2026-06-13 08:22:00+00'),
    ('oauth_attempt_013', 'APPLE', 'state-hash-013', 'verifier-hash-013', 'verifier-013', 'nonce-hash-013', 'nonce-013', 'kaze://auth/callback', '2026-06-14 10:13:00+00', NULL, '2026-06-14 08:23:00+00'),
    ('oauth_attempt_014', 'FACEBOOK', 'state-hash-014', 'verifier-hash-014', 'verifier-014', 'nonce-hash-014', 'nonce-014', 'kaze://auth/callback', '2026-06-15 10:14:00+00', NULL, '2026-06-15 08:24:00+00'),
    ('oauth_attempt_015', 'GOOGLE', 'state-hash-015', 'verifier-hash-015', 'verifier-015', 'nonce-hash-015', 'nonce-015', 'kaze://auth/callback', '2026-06-16 10:15:00+00', '2026-06-16 09:15:00+00', '2026-06-16 08:25:00+00'),
    ('oauth_attempt_016', 'APPLE', 'state-hash-016', 'verifier-hash-016', 'verifier-016', 'nonce-hash-016', 'nonce-016', 'kaze://auth/callback', '2026-06-17 10:16:00+00', NULL, '2026-06-17 08:26:00+00'),
    ('oauth_attempt_017', 'FACEBOOK', 'state-hash-017', 'verifier-hash-017', 'verifier-017', 'nonce-hash-017', 'nonce-017', 'kaze://auth/callback', '2026-06-18 10:17:00+00', NULL, '2026-06-18 08:27:00+00'),
    ('oauth_attempt_018', 'GOOGLE', 'state-hash-018', 'verifier-hash-018', 'verifier-018', 'nonce-hash-018', 'nonce-018', 'kaze://auth/callback', '2026-06-19 10:18:00+00', NULL, '2026-06-19 08:28:00+00'),
    ('oauth_attempt_019', 'APPLE', 'state-hash-019', 'verifier-hash-019', 'verifier-019', 'nonce-hash-019', 'nonce-019', 'kaze://auth/callback', '2026-06-20 10:19:00+00', NULL, '2026-06-20 08:29:00+00'),
    ('oauth_attempt_020', 'FACEBOOK', 'state-hash-020', 'verifier-hash-020', 'verifier-020', 'nonce-hash-020', 'nonce-020', 'kaze://auth/callback', '2026-06-21 10:20:00+00', '2026-06-21 09:20:00+00', '2026-06-21 08:30:00+00'),
    ('oauth_attempt_021', 'GOOGLE', 'state-hash-021', 'verifier-hash-021', 'verifier-021', 'nonce-hash-021', 'nonce-021', 'kaze://auth/callback', '2026-06-22 10:21:00+00', NULL, '2026-06-22 08:31:00+00'),
    ('oauth_attempt_022', 'APPLE', 'state-hash-022', 'verifier-hash-022', 'verifier-022', 'nonce-hash-022', 'nonce-022', 'kaze://auth/callback', '2026-06-23 10:22:00+00', NULL, '2026-06-23 08:32:00+00'),
    ('oauth_attempt_023', 'FACEBOOK', 'state-hash-023', 'verifier-hash-023', 'verifier-023', 'nonce-hash-023', 'nonce-023', 'kaze://auth/callback', '2026-06-24 10:23:00+00', NULL, '2026-06-24 08:33:00+00'),
    ('oauth_attempt_024', 'GOOGLE', 'state-hash-024', 'verifier-hash-024', 'verifier-024', 'nonce-hash-024', 'nonce-024', 'kaze://auth/callback', '2026-06-25 10:24:00+00', NULL, '2026-06-25 08:34:00+00'),
    ('oauth_attempt_025', 'APPLE', 'state-hash-025', 'verifier-hash-025', 'verifier-025', 'nonce-hash-025', 'nonce-025', 'kaze://auth/callback', '2026-06-26 10:25:00+00', '2026-06-26 09:25:00+00', '2026-06-26 08:35:00+00'),
    ('oauth_attempt_026', 'FACEBOOK', 'state-hash-026', 'verifier-hash-026', 'verifier-026', 'nonce-hash-026', 'nonce-026', 'kaze://auth/callback', '2026-06-27 10:26:00+00', NULL, '2026-06-27 08:36:00+00'),
    ('oauth_attempt_027', 'GOOGLE', 'state-hash-027', 'verifier-hash-027', 'verifier-027', 'nonce-hash-027', 'nonce-027', 'kaze://auth/callback', '2026-06-28 10:27:00+00', NULL, '2026-06-28 08:37:00+00'),
    ('oauth_attempt_028', 'APPLE', 'state-hash-028', 'verifier-hash-028', 'verifier-028', 'nonce-hash-028', 'nonce-028', 'kaze://auth/callback', '2026-06-01 10:28:00+00', NULL, '2026-06-01 08:38:00+00'),
    ('oauth_attempt_029', 'FACEBOOK', 'state-hash-029', 'verifier-hash-029', 'verifier-029', 'nonce-hash-029', 'nonce-029', 'kaze://auth/callback', '2026-06-02 10:29:00+00', NULL, '2026-06-02 08:39:00+00'),
    ('oauth_attempt_030', 'GOOGLE', 'state-hash-030', 'verifier-hash-030', 'verifier-030', 'nonce-hash-030', 'nonce-030', 'kaze://auth/callback', '2026-06-03 10:30:00+00', '2026-06-03 09:30:00+00', '2026-06-03 08:40:00+00'),
    ('oauth_attempt_031', 'APPLE', 'state-hash-031', 'verifier-hash-031', 'verifier-031', 'nonce-hash-031', 'nonce-031', 'kaze://auth/callback', '2026-06-04 10:31:00+00', NULL, '2026-06-04 08:41:00+00'),
    ('oauth_attempt_032', 'FACEBOOK', 'state-hash-032', 'verifier-hash-032', 'verifier-032', 'nonce-hash-032', 'nonce-032', 'kaze://auth/callback', '2026-06-05 10:32:00+00', NULL, '2026-06-05 08:42:00+00'),
    ('oauth_attempt_033', 'GOOGLE', 'state-hash-033', 'verifier-hash-033', 'verifier-033', 'nonce-hash-033', 'nonce-033', 'kaze://auth/callback', '2026-06-06 10:33:00+00', NULL, '2026-06-06 08:43:00+00'),
    ('oauth_attempt_034', 'APPLE', 'state-hash-034', 'verifier-hash-034', 'verifier-034', 'nonce-hash-034', 'nonce-034', 'kaze://auth/callback', '2026-06-07 10:34:00+00', NULL, '2026-06-07 08:44:00+00'),
    ('oauth_attempt_035', 'FACEBOOK', 'state-hash-035', 'verifier-hash-035', 'verifier-035', 'nonce-hash-035', 'nonce-035', 'kaze://auth/callback', '2026-06-08 10:35:00+00', '2026-06-08 09:35:00+00', '2026-06-08 08:45:00+00'),
    ('oauth_attempt_036', 'GOOGLE', 'state-hash-036', 'verifier-hash-036', 'verifier-036', 'nonce-hash-036', 'nonce-036', 'kaze://auth/callback', '2026-06-09 10:36:00+00', NULL, '2026-06-09 08:46:00+00'),
    ('oauth_attempt_037', 'APPLE', 'state-hash-037', 'verifier-hash-037', 'verifier-037', 'nonce-hash-037', 'nonce-037', 'kaze://auth/callback', '2026-06-10 10:37:00+00', NULL, '2026-06-10 08:47:00+00'),
    ('oauth_attempt_038', 'FACEBOOK', 'state-hash-038', 'verifier-hash-038', 'verifier-038', 'nonce-hash-038', 'nonce-038', 'kaze://auth/callback', '2026-06-11 10:38:00+00', NULL, '2026-06-11 08:48:00+00'),
    ('oauth_attempt_039', 'GOOGLE', 'state-hash-039', 'verifier-hash-039', 'verifier-039', 'nonce-hash-039', 'nonce-039', 'kaze://auth/callback', '2026-06-12 10:39:00+00', NULL, '2026-06-12 08:49:00+00'),
    ('oauth_attempt_040', 'APPLE', 'state-hash-040', 'verifier-hash-040', 'verifier-040', 'nonce-hash-040', 'nonce-040', 'kaze://auth/callback', '2026-06-13 10:40:00+00', '2026-06-13 09:40:00+00', '2026-06-13 08:50:00+00'),
    ('oauth_attempt_041', 'FACEBOOK', 'state-hash-041', 'verifier-hash-041', 'verifier-041', 'nonce-hash-041', 'nonce-041', 'kaze://auth/callback', '2026-06-14 10:41:00+00', NULL, '2026-06-14 08:51:00+00'),
    ('oauth_attempt_042', 'GOOGLE', 'state-hash-042', 'verifier-hash-042', 'verifier-042', 'nonce-hash-042', 'nonce-042', 'kaze://auth/callback', '2026-06-15 10:42:00+00', NULL, '2026-06-15 08:52:00+00'),
    ('oauth_attempt_043', 'APPLE', 'state-hash-043', 'verifier-hash-043', 'verifier-043', 'nonce-hash-043', 'nonce-043', 'kaze://auth/callback', '2026-06-16 10:43:00+00', NULL, '2026-06-16 08:53:00+00'),
    ('oauth_attempt_044', 'FACEBOOK', 'state-hash-044', 'verifier-hash-044', 'verifier-044', 'nonce-hash-044', 'nonce-044', 'kaze://auth/callback', '2026-06-17 10:44:00+00', NULL, '2026-06-17 08:54:00+00'),
    ('oauth_attempt_045', 'GOOGLE', 'state-hash-045', 'verifier-hash-045', 'verifier-045', 'nonce-hash-045', 'nonce-045', 'kaze://auth/callback', '2026-06-18 10:45:00+00', '2026-06-18 09:45:00+00', '2026-06-18 08:55:00+00'),
    ('oauth_attempt_046', 'APPLE', 'state-hash-046', 'verifier-hash-046', 'verifier-046', 'nonce-hash-046', 'nonce-046', 'kaze://auth/callback', '2026-06-19 10:46:00+00', NULL, '2026-06-19 08:56:00+00'),
    ('oauth_attempt_047', 'FACEBOOK', 'state-hash-047', 'verifier-hash-047', 'verifier-047', 'nonce-hash-047', 'nonce-047', 'kaze://auth/callback', '2026-06-20 10:47:00+00', NULL, '2026-06-20 08:57:00+00'),
    ('oauth_attempt_048', 'GOOGLE', 'state-hash-048', 'verifier-hash-048', 'verifier-048', 'nonce-hash-048', 'nonce-048', 'kaze://auth/callback', '2026-06-21 10:48:00+00', NULL, '2026-06-21 08:58:00+00'),
    ('oauth_attempt_049', 'APPLE', 'state-hash-049', 'verifier-hash-049', 'verifier-049', 'nonce-hash-049', 'nonce-049', 'kaze://auth/callback', '2026-06-22 10:49:00+00', NULL, '2026-06-22 08:59:00+00'),
    ('oauth_attempt_050', 'FACEBOOK', 'state-hash-050', 'verifier-hash-050', 'verifier-050', 'nonce-hash-050', 'nonce-050', 'kaze://auth/callback', '2026-06-23 10:50:00+00', '2026-06-23 09:50:00+00', '2026-06-23 08:00:00+00'),
    ('oauth_attempt_051', 'GOOGLE', 'state-hash-051', 'verifier-hash-051', 'verifier-051', 'nonce-hash-051', 'nonce-051', 'kaze://auth/callback', '2026-06-24 10:51:00+00', NULL, '2026-06-24 08:01:00+00'),
    ('oauth_attempt_052', 'APPLE', 'state-hash-052', 'verifier-hash-052', 'verifier-052', 'nonce-hash-052', 'nonce-052', 'kaze://auth/callback', '2026-06-25 10:52:00+00', NULL, '2026-06-25 08:02:00+00'),
    ('oauth_attempt_053', 'FACEBOOK', 'state-hash-053', 'verifier-hash-053', 'verifier-053', 'nonce-hash-053', 'nonce-053', 'kaze://auth/callback', '2026-06-26 10:53:00+00', NULL, '2026-06-26 08:03:00+00'),
    ('oauth_attempt_054', 'GOOGLE', 'state-hash-054', 'verifier-hash-054', 'verifier-054', 'nonce-hash-054', 'nonce-054', 'kaze://auth/callback', '2026-06-27 10:54:00+00', NULL, '2026-06-27 08:04:00+00'),
    ('oauth_attempt_055', 'APPLE', 'state-hash-055', 'verifier-hash-055', 'verifier-055', 'nonce-hash-055', 'nonce-055', 'kaze://auth/callback', '2026-06-28 10:55:00+00', '2026-06-28 09:55:00+00', '2026-06-28 08:05:00+00'),
    ('oauth_attempt_056', 'FACEBOOK', 'state-hash-056', 'verifier-hash-056', 'verifier-056', 'nonce-hash-056', 'nonce-056', 'kaze://auth/callback', '2026-06-01 10:56:00+00', NULL, '2026-06-01 08:06:00+00'),
    ('oauth_attempt_057', 'GOOGLE', 'state-hash-057', 'verifier-hash-057', 'verifier-057', 'nonce-hash-057', 'nonce-057', 'kaze://auth/callback', '2026-06-02 10:57:00+00', NULL, '2026-06-02 08:07:00+00'),
    ('oauth_attempt_058', 'APPLE', 'state-hash-058', 'verifier-hash-058', 'verifier-058', 'nonce-hash-058', 'nonce-058', 'kaze://auth/callback', '2026-06-03 10:58:00+00', NULL, '2026-06-03 08:08:00+00'),
    ('oauth_attempt_059', 'FACEBOOK', 'state-hash-059', 'verifier-hash-059', 'verifier-059', 'nonce-hash-059', 'nonce-059', 'kaze://auth/callback', '2026-06-04 10:59:00+00', NULL, '2026-06-04 08:09:00+00'),
    ('oauth_attempt_060', 'GOOGLE', 'state-hash-060', 'verifier-hash-060', 'verifier-060', 'nonce-hash-060', 'nonce-060', 'kaze://auth/callback', '2026-06-05 10:00:00+00', '2026-06-05 09:00:00+00', '2026-06-05 08:10:00+00'),
    ('oauth_attempt_061', 'APPLE', 'state-hash-061', 'verifier-hash-061', 'verifier-061', 'nonce-hash-061', 'nonce-061', 'kaze://auth/callback', '2026-06-06 10:01:00+00', NULL, '2026-06-06 08:11:00+00'),
    ('oauth_attempt_062', 'FACEBOOK', 'state-hash-062', 'verifier-hash-062', 'verifier-062', 'nonce-hash-062', 'nonce-062', 'kaze://auth/callback', '2026-06-07 10:02:00+00', NULL, '2026-06-07 08:12:00+00'),
    ('oauth_attempt_063', 'GOOGLE', 'state-hash-063', 'verifier-hash-063', 'verifier-063', 'nonce-hash-063', 'nonce-063', 'kaze://auth/callback', '2026-06-08 10:03:00+00', NULL, '2026-06-08 08:13:00+00'),
    ('oauth_attempt_064', 'APPLE', 'state-hash-064', 'verifier-hash-064', 'verifier-064', 'nonce-hash-064', 'nonce-064', 'kaze://auth/callback', '2026-06-09 10:04:00+00', NULL, '2026-06-09 08:14:00+00'),
    ('oauth_attempt_065', 'FACEBOOK', 'state-hash-065', 'verifier-hash-065', 'verifier-065', 'nonce-hash-065', 'nonce-065', 'kaze://auth/callback', '2026-06-10 10:05:00+00', '2026-06-10 09:05:00+00', '2026-06-10 08:15:00+00'),
    ('oauth_attempt_066', 'GOOGLE', 'state-hash-066', 'verifier-hash-066', 'verifier-066', 'nonce-hash-066', 'nonce-066', 'kaze://auth/callback', '2026-06-11 10:06:00+00', NULL, '2026-06-11 08:16:00+00'),
    ('oauth_attempt_067', 'APPLE', 'state-hash-067', 'verifier-hash-067', 'verifier-067', 'nonce-hash-067', 'nonce-067', 'kaze://auth/callback', '2026-06-12 10:07:00+00', NULL, '2026-06-12 08:17:00+00'),
    ('oauth_attempt_068', 'FACEBOOK', 'state-hash-068', 'verifier-hash-068', 'verifier-068', 'nonce-hash-068', 'nonce-068', 'kaze://auth/callback', '2026-06-13 10:08:00+00', NULL, '2026-06-13 08:18:00+00'),
    ('oauth_attempt_069', 'GOOGLE', 'state-hash-069', 'verifier-hash-069', 'verifier-069', 'nonce-hash-069', 'nonce-069', 'kaze://auth/callback', '2026-06-14 10:09:00+00', NULL, '2026-06-14 08:19:00+00'),
    ('oauth_attempt_070', 'APPLE', 'state-hash-070', 'verifier-hash-070', 'verifier-070', 'nonce-hash-070', 'nonce-070', 'kaze://auth/callback', '2026-06-15 10:10:00+00', '2026-06-15 09:10:00+00', '2026-06-15 08:20:00+00'),
    ('oauth_attempt_071', 'FACEBOOK', 'state-hash-071', 'verifier-hash-071', 'verifier-071', 'nonce-hash-071', 'nonce-071', 'kaze://auth/callback', '2026-06-16 10:11:00+00', NULL, '2026-06-16 08:21:00+00'),
    ('oauth_attempt_072', 'GOOGLE', 'state-hash-072', 'verifier-hash-072', 'verifier-072', 'nonce-hash-072', 'nonce-072', 'kaze://auth/callback', '2026-06-17 10:12:00+00', NULL, '2026-06-17 08:22:00+00'),
    ('oauth_attempt_073', 'APPLE', 'state-hash-073', 'verifier-hash-073', 'verifier-073', 'nonce-hash-073', 'nonce-073', 'kaze://auth/callback', '2026-06-18 10:13:00+00', NULL, '2026-06-18 08:23:00+00'),
    ('oauth_attempt_074', 'FACEBOOK', 'state-hash-074', 'verifier-hash-074', 'verifier-074', 'nonce-hash-074', 'nonce-074', 'kaze://auth/callback', '2026-06-19 10:14:00+00', NULL, '2026-06-19 08:24:00+00'),
    ('oauth_attempt_075', 'GOOGLE', 'state-hash-075', 'verifier-hash-075', 'verifier-075', 'nonce-hash-075', 'nonce-075', 'kaze://auth/callback', '2026-06-20 10:15:00+00', '2026-06-20 09:15:00+00', '2026-06-20 08:25:00+00'),
    ('oauth_attempt_076', 'APPLE', 'state-hash-076', 'verifier-hash-076', 'verifier-076', 'nonce-hash-076', 'nonce-076', 'kaze://auth/callback', '2026-06-21 10:16:00+00', NULL, '2026-06-21 08:26:00+00'),
    ('oauth_attempt_077', 'FACEBOOK', 'state-hash-077', 'verifier-hash-077', 'verifier-077', 'nonce-hash-077', 'nonce-077', 'kaze://auth/callback', '2026-06-22 10:17:00+00', NULL, '2026-06-22 08:27:00+00'),
    ('oauth_attempt_078', 'GOOGLE', 'state-hash-078', 'verifier-hash-078', 'verifier-078', 'nonce-hash-078', 'nonce-078', 'kaze://auth/callback', '2026-06-23 10:18:00+00', NULL, '2026-06-23 08:28:00+00'),
    ('oauth_attempt_079', 'APPLE', 'state-hash-079', 'verifier-hash-079', 'verifier-079', 'nonce-hash-079', 'nonce-079', 'kaze://auth/callback', '2026-06-24 10:19:00+00', NULL, '2026-06-24 08:29:00+00'),
    ('oauth_attempt_080', 'FACEBOOK', 'state-hash-080', 'verifier-hash-080', 'verifier-080', 'nonce-hash-080', 'nonce-080', 'kaze://auth/callback', '2026-06-25 10:20:00+00', '2026-06-25 09:20:00+00', '2026-06-25 08:30:00+00'),
    ('oauth_attempt_081', 'GOOGLE', 'state-hash-081', 'verifier-hash-081', 'verifier-081', 'nonce-hash-081', 'nonce-081', 'kaze://auth/callback', '2026-06-26 10:21:00+00', NULL, '2026-06-26 08:31:00+00'),
    ('oauth_attempt_082', 'APPLE', 'state-hash-082', 'verifier-hash-082', 'verifier-082', 'nonce-hash-082', 'nonce-082', 'kaze://auth/callback', '2026-06-27 10:22:00+00', NULL, '2026-06-27 08:32:00+00'),
    ('oauth_attempt_083', 'FACEBOOK', 'state-hash-083', 'verifier-hash-083', 'verifier-083', 'nonce-hash-083', 'nonce-083', 'kaze://auth/callback', '2026-06-28 10:23:00+00', NULL, '2026-06-28 08:33:00+00'),
    ('oauth_attempt_084', 'GOOGLE', 'state-hash-084', 'verifier-hash-084', 'verifier-084', 'nonce-hash-084', 'nonce-084', 'kaze://auth/callback', '2026-06-01 10:24:00+00', NULL, '2026-06-01 08:34:00+00'),
    ('oauth_attempt_085', 'APPLE', 'state-hash-085', 'verifier-hash-085', 'verifier-085', 'nonce-hash-085', 'nonce-085', 'kaze://auth/callback', '2026-06-02 10:25:00+00', '2026-06-02 09:25:00+00', '2026-06-02 08:35:00+00'),
    ('oauth_attempt_086', 'FACEBOOK', 'state-hash-086', 'verifier-hash-086', 'verifier-086', 'nonce-hash-086', 'nonce-086', 'kaze://auth/callback', '2026-06-03 10:26:00+00', NULL, '2026-06-03 08:36:00+00'),
    ('oauth_attempt_087', 'GOOGLE', 'state-hash-087', 'verifier-hash-087', 'verifier-087', 'nonce-hash-087', 'nonce-087', 'kaze://auth/callback', '2026-06-04 10:27:00+00', NULL, '2026-06-04 08:37:00+00'),
    ('oauth_attempt_088', 'APPLE', 'state-hash-088', 'verifier-hash-088', 'verifier-088', 'nonce-hash-088', 'nonce-088', 'kaze://auth/callback', '2026-06-05 10:28:00+00', NULL, '2026-06-05 08:38:00+00'),
    ('oauth_attempt_089', 'FACEBOOK', 'state-hash-089', 'verifier-hash-089', 'verifier-089', 'nonce-hash-089', 'nonce-089', 'kaze://auth/callback', '2026-06-06 10:29:00+00', NULL, '2026-06-06 08:39:00+00'),
    ('oauth_attempt_090', 'GOOGLE', 'state-hash-090', 'verifier-hash-090', 'verifier-090', 'nonce-hash-090', 'nonce-090', 'kaze://auth/callback', '2026-06-07 10:30:00+00', '2026-06-07 09:30:00+00', '2026-06-07 08:40:00+00'),
    ('oauth_attempt_091', 'APPLE', 'state-hash-091', 'verifier-hash-091', 'verifier-091', 'nonce-hash-091', 'nonce-091', 'kaze://auth/callback', '2026-06-08 10:31:00+00', NULL, '2026-06-08 08:41:00+00'),
    ('oauth_attempt_092', 'FACEBOOK', 'state-hash-092', 'verifier-hash-092', 'verifier-092', 'nonce-hash-092', 'nonce-092', 'kaze://auth/callback', '2026-06-09 10:32:00+00', NULL, '2026-06-09 08:42:00+00'),
    ('oauth_attempt_093', 'GOOGLE', 'state-hash-093', 'verifier-hash-093', 'verifier-093', 'nonce-hash-093', 'nonce-093', 'kaze://auth/callback', '2026-06-10 10:33:00+00', NULL, '2026-06-10 08:43:00+00'),
    ('oauth_attempt_094', 'APPLE', 'state-hash-094', 'verifier-hash-094', 'verifier-094', 'nonce-hash-094', 'nonce-094', 'kaze://auth/callback', '2026-06-11 10:34:00+00', NULL, '2026-06-11 08:44:00+00'),
    ('oauth_attempt_095', 'FACEBOOK', 'state-hash-095', 'verifier-hash-095', 'verifier-095', 'nonce-hash-095', 'nonce-095', 'kaze://auth/callback', '2026-06-12 10:35:00+00', '2026-06-12 09:35:00+00', '2026-06-12 08:45:00+00'),
    ('oauth_attempt_096', 'GOOGLE', 'state-hash-096', 'verifier-hash-096', 'verifier-096', 'nonce-hash-096', 'nonce-096', 'kaze://auth/callback', '2026-06-13 10:36:00+00', NULL, '2026-06-13 08:46:00+00'),
    ('oauth_attempt_097', 'APPLE', 'state-hash-097', 'verifier-hash-097', 'verifier-097', 'nonce-hash-097', 'nonce-097', 'kaze://auth/callback', '2026-06-14 10:37:00+00', NULL, '2026-06-14 08:47:00+00'),
    ('oauth_attempt_098', 'FACEBOOK', 'state-hash-098', 'verifier-hash-098', 'verifier-098', 'nonce-hash-098', 'nonce-098', 'kaze://auth/callback', '2026-06-15 10:38:00+00', NULL, '2026-06-15 08:48:00+00'),
    ('oauth_attempt_099', 'GOOGLE', 'state-hash-099', 'verifier-hash-099', 'verifier-099', 'nonce-hash-099', 'nonce-099', 'kaze://auth/callback', '2026-06-16 10:39:00+00', NULL, '2026-06-16 08:49:00+00'),
    ('oauth_attempt_100', 'APPLE', 'state-hash-100', 'verifier-hash-100', 'verifier-100', 'nonce-hash-100', 'nonce-100', 'kaze://auth/callback', '2026-06-17 10:40:00+00', '2026-06-17 09:40:00+00', '2026-06-17 08:50:00+00'),
    ('oauth_attempt_101', 'FACEBOOK', 'state-hash-101', 'verifier-hash-101', 'verifier-101', 'nonce-hash-101', 'nonce-101', 'kaze://auth/callback', '2026-06-18 10:41:00+00', NULL, '2026-06-18 08:51:00+00'),
    ('oauth_attempt_102', 'GOOGLE', 'state-hash-102', 'verifier-hash-102', 'verifier-102', 'nonce-hash-102', 'nonce-102', 'kaze://auth/callback', '2026-06-19 10:42:00+00', NULL, '2026-06-19 08:52:00+00'),
    ('oauth_attempt_103', 'APPLE', 'state-hash-103', 'verifier-hash-103', 'verifier-103', 'nonce-hash-103', 'nonce-103', 'kaze://auth/callback', '2026-06-20 10:43:00+00', NULL, '2026-06-20 08:53:00+00'),
    ('oauth_attempt_104', 'FACEBOOK', 'state-hash-104', 'verifier-hash-104', 'verifier-104', 'nonce-hash-104', 'nonce-104', 'kaze://auth/callback', '2026-06-21 10:44:00+00', NULL, '2026-06-21 08:54:00+00'),
    ('oauth_attempt_105', 'GOOGLE', 'state-hash-105', 'verifier-hash-105', 'verifier-105', 'nonce-hash-105', 'nonce-105', 'kaze://auth/callback', '2026-06-22 10:45:00+00', '2026-06-22 09:45:00+00', '2026-06-22 08:55:00+00'),
    ('oauth_attempt_106', 'APPLE', 'state-hash-106', 'verifier-hash-106', 'verifier-106', 'nonce-hash-106', 'nonce-106', 'kaze://auth/callback', '2026-06-23 10:46:00+00', NULL, '2026-06-23 08:56:00+00'),
    ('oauth_attempt_107', 'FACEBOOK', 'state-hash-107', 'verifier-hash-107', 'verifier-107', 'nonce-hash-107', 'nonce-107', 'kaze://auth/callback', '2026-06-24 10:47:00+00', NULL, '2026-06-24 08:57:00+00'),
    ('oauth_attempt_108', 'GOOGLE', 'state-hash-108', 'verifier-hash-108', 'verifier-108', 'nonce-hash-108', 'nonce-108', 'kaze://auth/callback', '2026-06-25 10:48:00+00', NULL, '2026-06-25 08:58:00+00'),
    ('oauth_attempt_109', 'APPLE', 'state-hash-109', 'verifier-hash-109', 'verifier-109', 'nonce-hash-109', 'nonce-109', 'kaze://auth/callback', '2026-06-26 10:49:00+00', NULL, '2026-06-26 08:59:00+00'),
    ('oauth_attempt_110', 'FACEBOOK', 'state-hash-110', 'verifier-hash-110', 'verifier-110', 'nonce-hash-110', 'nonce-110', 'kaze://auth/callback', '2026-06-27 10:50:00+00', '2026-06-27 09:50:00+00', '2026-06-27 08:00:00+00'),
    ('oauth_attempt_111', 'GOOGLE', 'state-hash-111', 'verifier-hash-111', 'verifier-111', 'nonce-hash-111', 'nonce-111', 'kaze://auth/callback', '2026-06-28 10:51:00+00', NULL, '2026-06-28 08:01:00+00'),
    ('oauth_attempt_112', 'APPLE', 'state-hash-112', 'verifier-hash-112', 'verifier-112', 'nonce-hash-112', 'nonce-112', 'kaze://auth/callback', '2026-06-01 10:52:00+00', NULL, '2026-06-01 08:02:00+00'),
    ('oauth_attempt_113', 'FACEBOOK', 'state-hash-113', 'verifier-hash-113', 'verifier-113', 'nonce-hash-113', 'nonce-113', 'kaze://auth/callback', '2026-06-02 10:53:00+00', NULL, '2026-06-02 08:03:00+00'),
    ('oauth_attempt_114', 'GOOGLE', 'state-hash-114', 'verifier-hash-114', 'verifier-114', 'nonce-hash-114', 'nonce-114', 'kaze://auth/callback', '2026-06-03 10:54:00+00', NULL, '2026-06-03 08:04:00+00'),
    ('oauth_attempt_115', 'APPLE', 'state-hash-115', 'verifier-hash-115', 'verifier-115', 'nonce-hash-115', 'nonce-115', 'kaze://auth/callback', '2026-06-04 10:55:00+00', '2026-06-04 09:55:00+00', '2026-06-04 08:05:00+00'),
    ('oauth_attempt_116', 'FACEBOOK', 'state-hash-116', 'verifier-hash-116', 'verifier-116', 'nonce-hash-116', 'nonce-116', 'kaze://auth/callback', '2026-06-05 10:56:00+00', NULL, '2026-06-05 08:06:00+00'),
    ('oauth_attempt_117', 'GOOGLE', 'state-hash-117', 'verifier-hash-117', 'verifier-117', 'nonce-hash-117', 'nonce-117', 'kaze://auth/callback', '2026-06-06 10:57:00+00', NULL, '2026-06-06 08:07:00+00'),
    ('oauth_attempt_118', 'APPLE', 'state-hash-118', 'verifier-hash-118', 'verifier-118', 'nonce-hash-118', 'nonce-118', 'kaze://auth/callback', '2026-06-07 10:58:00+00', NULL, '2026-06-07 08:08:00+00'),
    ('oauth_attempt_119', 'FACEBOOK', 'state-hash-119', 'verifier-hash-119', 'verifier-119', 'nonce-hash-119', 'nonce-119', 'kaze://auth/callback', '2026-06-08 10:59:00+00', NULL, '2026-06-08 08:09:00+00'),
    ('oauth_attempt_120', 'GOOGLE', 'state-hash-120', 'verifier-hash-120', 'verifier-120', 'nonce-hash-120', 'nonce-120', 'kaze://auth/callback', '2026-06-09 10:00:00+00', '2026-06-09 09:00:00+00', '2026-06-09 08:10:00+00');

INSERT INTO auth_one_time_login_tokens (id, user_id, token_hash, expires_at, consumed_at, created_at) VALUES
    ('login_token_001', 'user_demo_001', 'login-token-hash-001', '2026-06-02 10:01:00+00', NULL, '2026-06-02 08:06:00+00'),
    ('login_token_002', 'user_demo_002', 'login-token-hash-002', '2026-06-03 10:02:00+00', NULL, '2026-06-03 08:07:00+00'),
    ('login_token_003', 'user_demo_003', 'login-token-hash-003', '2026-06-04 10:03:00+00', NULL, '2026-06-04 08:08:00+00'),
    ('login_token_004', 'user_demo_004', 'login-token-hash-004', '2026-06-05 10:04:00+00', NULL, '2026-06-05 08:09:00+00'),
    ('login_token_005', 'user_demo_005', 'login-token-hash-005', '2026-06-06 10:05:00+00', NULL, '2026-06-06 08:10:00+00'),
    ('login_token_006', 'user_demo_006', 'login-token-hash-006', '2026-06-07 10:06:00+00', '2026-06-07 09:06:00+00', '2026-06-07 08:11:00+00'),
    ('login_token_007', 'user_demo_007', 'login-token-hash-007', '2026-06-08 10:07:00+00', NULL, '2026-06-08 08:12:00+00'),
    ('login_token_008', 'user_demo_008', 'login-token-hash-008', '2026-06-09 10:08:00+00', NULL, '2026-06-09 08:13:00+00'),
    ('login_token_009', 'user_demo_009', 'login-token-hash-009', '2026-06-10 10:09:00+00', NULL, '2026-06-10 08:14:00+00'),
    ('login_token_010', 'user_demo_010', 'login-token-hash-010', '2026-06-11 10:10:00+00', NULL, '2026-06-11 08:15:00+00'),
    ('login_token_011', 'user_demo_011', 'login-token-hash-011', '2026-06-12 10:11:00+00', NULL, '2026-06-12 08:16:00+00'),
    ('login_token_012', 'user_demo_012', 'login-token-hash-012', '2026-06-13 10:12:00+00', '2026-06-13 09:12:00+00', '2026-06-13 08:17:00+00'),
    ('login_token_013', 'user_demo_013', 'login-token-hash-013', '2026-06-14 10:13:00+00', NULL, '2026-06-14 08:18:00+00'),
    ('login_token_014', 'user_demo_014', 'login-token-hash-014', '2026-06-15 10:14:00+00', NULL, '2026-06-15 08:19:00+00'),
    ('login_token_015', 'user_demo_015', 'login-token-hash-015', '2026-06-16 10:15:00+00', NULL, '2026-06-16 08:20:00+00'),
    ('login_token_016', 'user_demo_016', 'login-token-hash-016', '2026-06-17 10:16:00+00', NULL, '2026-06-17 08:21:00+00'),
    ('login_token_017', 'user_demo_017', 'login-token-hash-017', '2026-06-18 10:17:00+00', NULL, '2026-06-18 08:22:00+00'),
    ('login_token_018', 'user_demo_018', 'login-token-hash-018', '2026-06-19 10:18:00+00', '2026-06-19 09:18:00+00', '2026-06-19 08:23:00+00'),
    ('login_token_019', 'user_demo_019', 'login-token-hash-019', '2026-06-20 10:19:00+00', NULL, '2026-06-20 08:24:00+00'),
    ('login_token_020', 'user_demo_020', 'login-token-hash-020', '2026-06-21 10:20:00+00', NULL, '2026-06-21 08:25:00+00'),
    ('login_token_021', 'user_demo_021', 'login-token-hash-021', '2026-06-22 10:21:00+00', NULL, '2026-06-22 08:26:00+00'),
    ('login_token_022', 'user_demo_022', 'login-token-hash-022', '2026-06-23 10:22:00+00', NULL, '2026-06-23 08:27:00+00'),
    ('login_token_023', 'user_demo_023', 'login-token-hash-023', '2026-06-24 10:23:00+00', NULL, '2026-06-24 08:28:00+00'),
    ('login_token_024', 'user_demo_024', 'login-token-hash-024', '2026-06-25 10:24:00+00', '2026-06-25 09:24:00+00', '2026-06-25 08:29:00+00'),
    ('login_token_025', 'user_demo_025', 'login-token-hash-025', '2026-06-26 10:25:00+00', NULL, '2026-06-26 08:30:00+00'),
    ('login_token_026', 'user_demo_026', 'login-token-hash-026', '2026-06-27 10:26:00+00', NULL, '2026-06-27 08:31:00+00'),
    ('login_token_027', 'user_demo_027', 'login-token-hash-027', '2026-06-28 10:27:00+00', NULL, '2026-06-28 08:32:00+00'),
    ('login_token_028', 'user_demo_028', 'login-token-hash-028', '2026-06-01 10:28:00+00', NULL, '2026-06-01 08:33:00+00'),
    ('login_token_029', 'user_demo_029', 'login-token-hash-029', '2026-06-02 10:29:00+00', NULL, '2026-06-02 08:34:00+00'),
    ('login_token_030', 'user_demo_030', 'login-token-hash-030', '2026-06-03 10:30:00+00', '2026-06-03 09:30:00+00', '2026-06-03 08:35:00+00'),
    ('login_token_031', 'user_demo_031', 'login-token-hash-031', '2026-06-04 10:31:00+00', NULL, '2026-06-04 08:36:00+00'),
    ('login_token_032', 'user_demo_032', 'login-token-hash-032', '2026-06-05 10:32:00+00', NULL, '2026-06-05 08:37:00+00'),
    ('login_token_033', 'user_demo_033', 'login-token-hash-033', '2026-06-06 10:33:00+00', NULL, '2026-06-06 08:38:00+00'),
    ('login_token_034', 'user_demo_034', 'login-token-hash-034', '2026-06-07 10:34:00+00', NULL, '2026-06-07 08:39:00+00'),
    ('login_token_035', 'user_demo_035', 'login-token-hash-035', '2026-06-08 10:35:00+00', NULL, '2026-06-08 08:40:00+00'),
    ('login_token_036', 'user_demo_036', 'login-token-hash-036', '2026-06-09 10:36:00+00', '2026-06-09 09:36:00+00', '2026-06-09 08:41:00+00'),
    ('login_token_037', 'user_demo_037', 'login-token-hash-037', '2026-06-10 10:37:00+00', NULL, '2026-06-10 08:42:00+00'),
    ('login_token_038', 'user_demo_038', 'login-token-hash-038', '2026-06-11 10:38:00+00', NULL, '2026-06-11 08:43:00+00'),
    ('login_token_039', 'user_demo_039', 'login-token-hash-039', '2026-06-12 10:39:00+00', NULL, '2026-06-12 08:44:00+00'),
    ('login_token_040', 'user_demo_040', 'login-token-hash-040', '2026-06-13 10:40:00+00', NULL, '2026-06-13 08:45:00+00'),
    ('login_token_041', 'user_demo_041', 'login-token-hash-041', '2026-06-14 10:41:00+00', NULL, '2026-06-14 08:46:00+00'),
    ('login_token_042', 'user_demo_042', 'login-token-hash-042', '2026-06-15 10:42:00+00', '2026-06-15 09:42:00+00', '2026-06-15 08:47:00+00'),
    ('login_token_043', 'user_demo_043', 'login-token-hash-043', '2026-06-16 10:43:00+00', NULL, '2026-06-16 08:48:00+00'),
    ('login_token_044', 'user_demo_044', 'login-token-hash-044', '2026-06-17 10:44:00+00', NULL, '2026-06-17 08:49:00+00'),
    ('login_token_045', 'user_demo_045', 'login-token-hash-045', '2026-06-18 10:45:00+00', NULL, '2026-06-18 08:50:00+00'),
    ('login_token_046', 'user_demo_046', 'login-token-hash-046', '2026-06-19 10:46:00+00', NULL, '2026-06-19 08:51:00+00'),
    ('login_token_047', 'user_demo_047', 'login-token-hash-047', '2026-06-20 10:47:00+00', NULL, '2026-06-20 08:52:00+00'),
    ('login_token_048', 'user_demo_048', 'login-token-hash-048', '2026-06-21 10:48:00+00', '2026-06-21 09:48:00+00', '2026-06-21 08:53:00+00'),
    ('login_token_049', 'user_demo_049', 'login-token-hash-049', '2026-06-22 10:49:00+00', NULL, '2026-06-22 08:54:00+00'),
    ('login_token_050', 'user_demo_050', 'login-token-hash-050', '2026-06-23 10:50:00+00', NULL, '2026-06-23 08:55:00+00'),
    ('login_token_051', 'user_demo_051', 'login-token-hash-051', '2026-06-24 10:51:00+00', NULL, '2026-06-24 08:56:00+00'),
    ('login_token_052', 'user_demo_052', 'login-token-hash-052', '2026-06-25 10:52:00+00', NULL, '2026-06-25 08:57:00+00'),
    ('login_token_053', 'user_demo_053', 'login-token-hash-053', '2026-06-26 10:53:00+00', NULL, '2026-06-26 08:58:00+00'),
    ('login_token_054', 'user_demo_054', 'login-token-hash-054', '2026-06-27 10:54:00+00', '2026-06-27 09:54:00+00', '2026-06-27 08:59:00+00'),
    ('login_token_055', 'user_demo_055', 'login-token-hash-055', '2026-06-28 10:55:00+00', NULL, '2026-06-28 08:00:00+00'),
    ('login_token_056', 'user_demo_056', 'login-token-hash-056', '2026-06-01 10:56:00+00', NULL, '2026-06-01 08:01:00+00'),
    ('login_token_057', 'user_demo_057', 'login-token-hash-057', '2026-06-02 10:57:00+00', NULL, '2026-06-02 08:02:00+00'),
    ('login_token_058', 'user_demo_058', 'login-token-hash-058', '2026-06-03 10:58:00+00', NULL, '2026-06-03 08:03:00+00'),
    ('login_token_059', 'user_demo_059', 'login-token-hash-059', '2026-06-04 10:59:00+00', NULL, '2026-06-04 08:04:00+00'),
    ('login_token_060', 'user_demo_060', 'login-token-hash-060', '2026-06-05 10:00:00+00', '2026-06-05 09:00:00+00', '2026-06-05 08:05:00+00'),
    ('login_token_061', 'user_demo_061', 'login-token-hash-061', '2026-06-06 10:01:00+00', NULL, '2026-06-06 08:06:00+00'),
    ('login_token_062', 'user_demo_062', 'login-token-hash-062', '2026-06-07 10:02:00+00', NULL, '2026-06-07 08:07:00+00'),
    ('login_token_063', 'user_demo_063', 'login-token-hash-063', '2026-06-08 10:03:00+00', NULL, '2026-06-08 08:08:00+00'),
    ('login_token_064', 'user_demo_064', 'login-token-hash-064', '2026-06-09 10:04:00+00', NULL, '2026-06-09 08:09:00+00'),
    ('login_token_065', 'user_demo_065', 'login-token-hash-065', '2026-06-10 10:05:00+00', NULL, '2026-06-10 08:10:00+00'),
    ('login_token_066', 'user_demo_066', 'login-token-hash-066', '2026-06-11 10:06:00+00', '2026-06-11 09:06:00+00', '2026-06-11 08:11:00+00'),
    ('login_token_067', 'user_demo_067', 'login-token-hash-067', '2026-06-12 10:07:00+00', NULL, '2026-06-12 08:12:00+00'),
    ('login_token_068', 'user_demo_068', 'login-token-hash-068', '2026-06-13 10:08:00+00', NULL, '2026-06-13 08:13:00+00'),
    ('login_token_069', 'user_demo_069', 'login-token-hash-069', '2026-06-14 10:09:00+00', NULL, '2026-06-14 08:14:00+00'),
    ('login_token_070', 'user_demo_070', 'login-token-hash-070', '2026-06-15 10:10:00+00', NULL, '2026-06-15 08:15:00+00'),
    ('login_token_071', 'user_demo_071', 'login-token-hash-071', '2026-06-16 10:11:00+00', NULL, '2026-06-16 08:16:00+00'),
    ('login_token_072', 'user_demo_072', 'login-token-hash-072', '2026-06-17 10:12:00+00', '2026-06-17 09:12:00+00', '2026-06-17 08:17:00+00'),
    ('login_token_073', 'user_demo_073', 'login-token-hash-073', '2026-06-18 10:13:00+00', NULL, '2026-06-18 08:18:00+00'),
    ('login_token_074', 'user_demo_074', 'login-token-hash-074', '2026-06-19 10:14:00+00', NULL, '2026-06-19 08:19:00+00'),
    ('login_token_075', 'user_demo_075', 'login-token-hash-075', '2026-06-20 10:15:00+00', NULL, '2026-06-20 08:20:00+00'),
    ('login_token_076', 'user_demo_076', 'login-token-hash-076', '2026-06-21 10:16:00+00', NULL, '2026-06-21 08:21:00+00'),
    ('login_token_077', 'user_demo_077', 'login-token-hash-077', '2026-06-22 10:17:00+00', NULL, '2026-06-22 08:22:00+00'),
    ('login_token_078', 'user_demo_078', 'login-token-hash-078', '2026-06-23 10:18:00+00', '2026-06-23 09:18:00+00', '2026-06-23 08:23:00+00'),
    ('login_token_079', 'user_demo_079', 'login-token-hash-079', '2026-06-24 10:19:00+00', NULL, '2026-06-24 08:24:00+00'),
    ('login_token_080', 'user_demo_080', 'login-token-hash-080', '2026-06-25 10:20:00+00', NULL, '2026-06-25 08:25:00+00'),
    ('login_token_081', 'user_demo_081', 'login-token-hash-081', '2026-06-26 10:21:00+00', NULL, '2026-06-26 08:26:00+00'),
    ('login_token_082', 'user_demo_082', 'login-token-hash-082', '2026-06-27 10:22:00+00', NULL, '2026-06-27 08:27:00+00'),
    ('login_token_083', 'user_demo_083', 'login-token-hash-083', '2026-06-28 10:23:00+00', NULL, '2026-06-28 08:28:00+00'),
    ('login_token_084', 'user_demo_084', 'login-token-hash-084', '2026-06-01 10:24:00+00', '2026-06-01 09:24:00+00', '2026-06-01 08:29:00+00'),
    ('login_token_085', 'user_demo_085', 'login-token-hash-085', '2026-06-02 10:25:00+00', NULL, '2026-06-02 08:30:00+00'),
    ('login_token_086', 'user_demo_086', 'login-token-hash-086', '2026-06-03 10:26:00+00', NULL, '2026-06-03 08:31:00+00'),
    ('login_token_087', 'user_demo_087', 'login-token-hash-087', '2026-06-04 10:27:00+00', NULL, '2026-06-04 08:32:00+00'),
    ('login_token_088', 'user_demo_088', 'login-token-hash-088', '2026-06-05 10:28:00+00', NULL, '2026-06-05 08:33:00+00'),
    ('login_token_089', 'user_demo_089', 'login-token-hash-089', '2026-06-06 10:29:00+00', NULL, '2026-06-06 08:34:00+00'),
    ('login_token_090', 'user_demo_090', 'login-token-hash-090', '2026-06-07 10:30:00+00', '2026-06-07 09:30:00+00', '2026-06-07 08:35:00+00'),
    ('login_token_091', 'user_demo_091', 'login-token-hash-091', '2026-06-08 10:31:00+00', NULL, '2026-06-08 08:36:00+00'),
    ('login_token_092', 'user_demo_092', 'login-token-hash-092', '2026-06-09 10:32:00+00', NULL, '2026-06-09 08:37:00+00'),
    ('login_token_093', 'user_demo_093', 'login-token-hash-093', '2026-06-10 10:33:00+00', NULL, '2026-06-10 08:38:00+00'),
    ('login_token_094', 'user_demo_094', 'login-token-hash-094', '2026-06-11 10:34:00+00', NULL, '2026-06-11 08:39:00+00'),
    ('login_token_095', 'user_demo_095', 'login-token-hash-095', '2026-06-12 10:35:00+00', NULL, '2026-06-12 08:40:00+00'),
    ('login_token_096', 'user_demo_096', 'login-token-hash-096', '2026-06-13 10:36:00+00', '2026-06-13 09:36:00+00', '2026-06-13 08:41:00+00'),
    ('login_token_097', 'user_demo_097', 'login-token-hash-097', '2026-06-14 10:37:00+00', NULL, '2026-06-14 08:42:00+00'),
    ('login_token_098', 'user_demo_098', 'login-token-hash-098', '2026-06-15 10:38:00+00', NULL, '2026-06-15 08:43:00+00'),
    ('login_token_099', 'user_demo_099', 'login-token-hash-099', '2026-06-16 10:39:00+00', NULL, '2026-06-16 08:44:00+00'),
    ('login_token_100', 'user_demo_100', 'login-token-hash-100', '2026-06-17 10:40:00+00', NULL, '2026-06-17 08:45:00+00'),
    ('login_token_101', 'user_demo_101', 'login-token-hash-101', '2026-06-18 10:41:00+00', NULL, '2026-06-18 08:46:00+00'),
    ('login_token_102', 'user_demo_102', 'login-token-hash-102', '2026-06-19 10:42:00+00', '2026-06-19 09:42:00+00', '2026-06-19 08:47:00+00'),
    ('login_token_103', 'user_demo_103', 'login-token-hash-103', '2026-06-20 10:43:00+00', NULL, '2026-06-20 08:48:00+00'),
    ('login_token_104', 'user_demo_104', 'login-token-hash-104', '2026-06-21 10:44:00+00', NULL, '2026-06-21 08:49:00+00'),
    ('login_token_105', 'user_demo_105', 'login-token-hash-105', '2026-06-22 10:45:00+00', NULL, '2026-06-22 08:50:00+00'),
    ('login_token_106', 'user_demo_106', 'login-token-hash-106', '2026-06-23 10:46:00+00', NULL, '2026-06-23 08:51:00+00'),
    ('login_token_107', 'user_demo_107', 'login-token-hash-107', '2026-06-24 10:47:00+00', NULL, '2026-06-24 08:52:00+00'),
    ('login_token_108', 'user_demo_108', 'login-token-hash-108', '2026-06-25 10:48:00+00', '2026-06-25 09:48:00+00', '2026-06-25 08:53:00+00'),
    ('login_token_109', 'user_demo_109', 'login-token-hash-109', '2026-06-26 10:49:00+00', NULL, '2026-06-26 08:54:00+00'),
    ('login_token_110', 'user_demo_110', 'login-token-hash-110', '2026-06-27 10:50:00+00', NULL, '2026-06-27 08:55:00+00'),
    ('login_token_111', 'user_demo_111', 'login-token-hash-111', '2026-06-28 10:51:00+00', NULL, '2026-06-28 08:56:00+00'),
    ('login_token_112', 'user_demo_112', 'login-token-hash-112', '2026-06-01 10:52:00+00', NULL, '2026-06-01 08:57:00+00'),
    ('login_token_113', 'user_demo_113', 'login-token-hash-113', '2026-06-02 10:53:00+00', NULL, '2026-06-02 08:58:00+00'),
    ('login_token_114', 'user_demo_114', 'login-token-hash-114', '2026-06-03 10:54:00+00', '2026-06-03 09:54:00+00', '2026-06-03 08:59:00+00'),
    ('login_token_115', 'user_demo_115', 'login-token-hash-115', '2026-06-04 10:55:00+00', NULL, '2026-06-04 08:00:00+00'),
    ('login_token_116', 'user_demo_116', 'login-token-hash-116', '2026-06-05 10:56:00+00', NULL, '2026-06-05 08:01:00+00'),
    ('login_token_117', 'user_demo_117', 'login-token-hash-117', '2026-06-06 10:57:00+00', NULL, '2026-06-06 08:02:00+00'),
    ('login_token_118', 'user_demo_118', 'login-token-hash-118', '2026-06-07 10:58:00+00', NULL, '2026-06-07 08:03:00+00'),
    ('login_token_119', 'user_demo_119', 'login-token-hash-119', '2026-06-08 10:59:00+00', NULL, '2026-06-08 08:04:00+00'),
    ('login_token_120', 'user_demo_120', 'login-token-hash-120', '2026-06-09 10:00:00+00', '2026-06-09 09:00:00+00', '2026-06-09 08:05:00+00');

INSERT INTO auth_refresh_tokens (id, user_id, token_hash, family_id, device_id, device_label, expires_at, revoked_at, replaced_by_token_id, created_at, last_used_at) VALUES
    ('refresh_token_001', 'user_demo_001', 'refresh-token-hash-001', 'refresh_family_001', 'device_001', 'iPhone 15 Pro', '2026-12-02 00:01:00+00', NULL, NULL, '2026-05-02 08:01:00+00', '2026-05-02 09:16:00+00'),
    ('refresh_token_002', 'user_demo_002', 'refresh-token-hash-002', 'refresh_family_002', 'device_002', 'Tecno Camon 30', '2026-12-03 00:02:00+00', NULL, NULL, '2026-05-03 08:02:00+00', '2026-05-03 09:17:00+00'),
    ('refresh_token_003', 'user_demo_003', 'refresh-token-hash-003', 'refresh_family_003', 'device_003', 'Pixel 8', '2026-12-04 00:03:00+00', NULL, NULL, '2026-05-04 08:03:00+00', '2026-05-04 09:18:00+00'),
    ('refresh_token_004', 'user_demo_004', 'refresh-token-hash-004', 'refresh_family_004', 'device_004', 'iPhone 14', '2026-12-05 00:04:00+00', NULL, NULL, '2026-05-05 08:04:00+00', '2026-05-05 09:19:00+00'),
    ('refresh_token_005', 'user_demo_005', 'refresh-token-hash-005', 'refresh_family_005', 'device_005', 'Samsung Galaxy S24', '2026-12-06 00:05:00+00', NULL, NULL, '2026-05-06 08:05:00+00', '2026-05-06 09:20:00+00'),
    ('refresh_token_006', 'user_demo_006', 'refresh-token-hash-006', 'refresh_family_006', 'device_006', 'iPhone 15 Pro', '2026-12-07 00:06:00+00', NULL, NULL, '2026-05-07 08:06:00+00', '2026-05-07 09:21:00+00'),
    ('refresh_token_007', 'user_demo_007', 'refresh-token-hash-007', 'refresh_family_007', 'device_007', 'Tecno Camon 30', '2026-12-08 00:07:00+00', NULL, NULL, '2026-05-08 08:07:00+00', '2026-05-08 09:22:00+00'),
    ('refresh_token_008', 'user_demo_008', 'refresh-token-hash-008', 'refresh_family_008', 'device_008', 'Pixel 8', '2026-12-09 00:08:00+00', NULL, NULL, '2026-05-09 08:08:00+00', '2026-05-09 09:23:00+00'),
    ('refresh_token_009', 'user_demo_009', 'refresh-token-hash-009', 'refresh_family_009', 'device_009', 'iPhone 14', '2026-12-10 00:09:00+00', '2026-07-10 00:09:00+00', 'refresh_token_010', '2026-05-10 08:09:00+00', '2026-05-10 09:24:00+00'),
    ('refresh_token_010', 'user_demo_010', 'refresh-token-hash-010', 'refresh_family_010', 'device_010', 'Samsung Galaxy S24', '2026-12-11 00:10:00+00', NULL, NULL, '2026-05-11 08:10:00+00', '2026-05-11 09:25:00+00'),
    ('refresh_token_011', 'user_demo_011', 'refresh-token-hash-011', 'refresh_family_011', 'device_011', 'iPhone 15 Pro', '2026-12-12 00:11:00+00', NULL, NULL, '2026-05-12 08:11:00+00', '2026-05-12 09:26:00+00'),
    ('refresh_token_012', 'user_demo_012', 'refresh-token-hash-012', 'refresh_family_012', 'device_012', 'Tecno Camon 30', '2026-12-13 00:12:00+00', NULL, NULL, '2026-05-13 08:12:00+00', '2026-05-13 09:27:00+00'),
    ('refresh_token_013', 'user_demo_013', 'refresh-token-hash-013', 'refresh_family_013', 'device_013', 'Pixel 8', '2026-12-14 00:13:00+00', NULL, NULL, '2026-05-14 08:13:00+00', '2026-05-14 09:28:00+00'),
    ('refresh_token_014', 'user_demo_014', 'refresh-token-hash-014', 'refresh_family_014', 'device_014', 'iPhone 14', '2026-12-15 00:14:00+00', NULL, NULL, '2026-05-15 08:14:00+00', '2026-05-15 09:29:00+00'),
    ('refresh_token_015', 'user_demo_015', 'refresh-token-hash-015', 'refresh_family_015', 'device_015', 'Samsung Galaxy S24', '2026-12-16 00:15:00+00', NULL, NULL, '2026-05-16 08:15:00+00', '2026-05-16 09:30:00+00'),
    ('refresh_token_016', 'user_demo_016', 'refresh-token-hash-016', 'refresh_family_016', 'device_016', 'iPhone 15 Pro', '2026-12-17 00:16:00+00', NULL, NULL, '2026-05-17 08:16:00+00', '2026-05-17 09:31:00+00'),
    ('refresh_token_017', 'user_demo_017', 'refresh-token-hash-017', 'refresh_family_017', 'device_017', 'Tecno Camon 30', '2026-12-18 00:17:00+00', NULL, NULL, '2026-05-18 08:17:00+00', '2026-05-18 09:32:00+00'),
    ('refresh_token_018', 'user_demo_018', 'refresh-token-hash-018', 'refresh_family_018', 'device_018', 'Pixel 8', '2026-12-19 00:18:00+00', '2026-07-19 00:18:00+00', 'refresh_token_019', '2026-05-19 08:18:00+00', '2026-05-19 09:33:00+00'),
    ('refresh_token_019', 'user_demo_019', 'refresh-token-hash-019', 'refresh_family_019', 'device_019', 'iPhone 14', '2026-12-20 00:19:00+00', NULL, NULL, '2026-05-20 08:19:00+00', '2026-05-20 09:34:00+00'),
    ('refresh_token_020', 'user_demo_020', 'refresh-token-hash-020', 'refresh_family_020', 'device_020', 'Samsung Galaxy S24', '2026-12-21 00:20:00+00', NULL, NULL, '2026-05-21 08:20:00+00', '2026-05-21 09:35:00+00'),
    ('refresh_token_021', 'user_demo_021', 'refresh-token-hash-021', 'refresh_family_021', 'device_021', 'iPhone 15 Pro', '2026-12-22 00:21:00+00', NULL, NULL, '2026-05-22 08:21:00+00', '2026-05-22 09:36:00+00'),
    ('refresh_token_022', 'user_demo_022', 'refresh-token-hash-022', 'refresh_family_022', 'device_022', 'Tecno Camon 30', '2026-12-23 00:22:00+00', NULL, NULL, '2026-05-23 08:22:00+00', '2026-05-23 09:37:00+00'),
    ('refresh_token_023', 'user_demo_023', 'refresh-token-hash-023', 'refresh_family_023', 'device_023', 'Pixel 8', '2026-12-24 00:23:00+00', NULL, NULL, '2026-05-24 08:23:00+00', '2026-05-24 09:38:00+00'),
    ('refresh_token_024', 'user_demo_024', 'refresh-token-hash-024', 'refresh_family_024', 'device_024', 'iPhone 14', '2026-12-25 00:24:00+00', NULL, NULL, '2026-05-25 08:24:00+00', '2026-05-25 09:39:00+00'),
    ('refresh_token_025', 'user_demo_025', 'refresh-token-hash-025', 'refresh_family_025', 'device_025', 'Samsung Galaxy S24', '2026-12-26 00:25:00+00', NULL, NULL, '2026-05-26 08:25:00+00', '2026-05-26 09:40:00+00'),
    ('refresh_token_026', 'user_demo_026', 'refresh-token-hash-026', 'refresh_family_026', 'device_026', 'iPhone 15 Pro', '2026-12-27 00:26:00+00', NULL, NULL, '2026-05-27 08:26:00+00', '2026-05-27 09:41:00+00'),
    ('refresh_token_027', 'user_demo_027', 'refresh-token-hash-027', 'refresh_family_027', 'device_027', 'Tecno Camon 30', '2026-12-28 00:27:00+00', '2026-07-28 00:27:00+00', 'refresh_token_028', '2026-05-28 08:27:00+00', '2026-05-28 09:42:00+00'),
    ('refresh_token_028', 'user_demo_028', 'refresh-token-hash-028', 'refresh_family_028', 'device_028', 'Pixel 8', '2026-12-01 00:28:00+00', NULL, NULL, '2026-05-01 08:28:00+00', '2026-05-01 09:43:00+00'),
    ('refresh_token_029', 'user_demo_029', 'refresh-token-hash-029', 'refresh_family_029', 'device_029', 'iPhone 14', '2026-12-02 00:29:00+00', NULL, NULL, '2026-05-02 08:29:00+00', '2026-05-02 09:44:00+00'),
    ('refresh_token_030', 'user_demo_030', 'refresh-token-hash-030', 'refresh_family_030', 'device_030', 'Samsung Galaxy S24', '2026-12-03 00:30:00+00', NULL, NULL, '2026-05-03 08:30:00+00', '2026-05-03 09:45:00+00'),
    ('refresh_token_031', 'user_demo_031', 'refresh-token-hash-031', 'refresh_family_031', 'device_031', 'iPhone 15 Pro', '2026-12-04 00:31:00+00', NULL, NULL, '2026-05-04 08:31:00+00', '2026-05-04 09:46:00+00'),
    ('refresh_token_032', 'user_demo_032', 'refresh-token-hash-032', 'refresh_family_032', 'device_032', 'Tecno Camon 30', '2026-12-05 00:32:00+00', NULL, NULL, '2026-05-05 08:32:00+00', '2026-05-05 09:47:00+00'),
    ('refresh_token_033', 'user_demo_033', 'refresh-token-hash-033', 'refresh_family_033', 'device_033', 'Pixel 8', '2026-12-06 00:33:00+00', NULL, NULL, '2026-05-06 08:33:00+00', '2026-05-06 09:48:00+00'),
    ('refresh_token_034', 'user_demo_034', 'refresh-token-hash-034', 'refresh_family_034', 'device_034', 'iPhone 14', '2026-12-07 00:34:00+00', NULL, NULL, '2026-05-07 08:34:00+00', '2026-05-07 09:49:00+00'),
    ('refresh_token_035', 'user_demo_035', 'refresh-token-hash-035', 'refresh_family_035', 'device_035', 'Samsung Galaxy S24', '2026-12-08 00:35:00+00', NULL, NULL, '2026-05-08 08:35:00+00', '2026-05-08 09:50:00+00'),
    ('refresh_token_036', 'user_demo_036', 'refresh-token-hash-036', 'refresh_family_036', 'device_036', 'iPhone 15 Pro', '2026-12-09 00:36:00+00', '2026-07-09 00:36:00+00', 'refresh_token_037', '2026-05-09 08:36:00+00', '2026-05-09 09:51:00+00'),
    ('refresh_token_037', 'user_demo_037', 'refresh-token-hash-037', 'refresh_family_037', 'device_037', 'Tecno Camon 30', '2026-12-10 00:37:00+00', NULL, NULL, '2026-05-10 08:37:00+00', '2026-05-10 09:52:00+00'),
    ('refresh_token_038', 'user_demo_038', 'refresh-token-hash-038', 'refresh_family_038', 'device_038', 'Pixel 8', '2026-12-11 00:38:00+00', NULL, NULL, '2026-05-11 08:38:00+00', '2026-05-11 09:53:00+00'),
    ('refresh_token_039', 'user_demo_039', 'refresh-token-hash-039', 'refresh_family_039', 'device_039', 'iPhone 14', '2026-12-12 00:39:00+00', NULL, NULL, '2026-05-12 08:39:00+00', '2026-05-12 09:54:00+00'),
    ('refresh_token_040', 'user_demo_040', 'refresh-token-hash-040', 'refresh_family_040', 'device_040', 'Samsung Galaxy S24', '2026-12-13 00:40:00+00', NULL, NULL, '2026-05-13 08:40:00+00', '2026-05-13 09:55:00+00'),
    ('refresh_token_041', 'user_demo_041', 'refresh-token-hash-041', 'refresh_family_041', 'device_041', 'iPhone 15 Pro', '2026-12-14 00:41:00+00', NULL, NULL, '2026-05-14 08:41:00+00', '2026-05-14 09:56:00+00'),
    ('refresh_token_042', 'user_demo_042', 'refresh-token-hash-042', 'refresh_family_042', 'device_042', 'Tecno Camon 30', '2026-12-15 00:42:00+00', NULL, NULL, '2026-05-15 08:42:00+00', '2026-05-15 09:57:00+00'),
    ('refresh_token_043', 'user_demo_043', 'refresh-token-hash-043', 'refresh_family_043', 'device_043', 'Pixel 8', '2026-12-16 00:43:00+00', NULL, NULL, '2026-05-16 08:43:00+00', '2026-05-16 09:58:00+00'),
    ('refresh_token_044', 'user_demo_044', 'refresh-token-hash-044', 'refresh_family_044', 'device_044', 'iPhone 14', '2026-12-17 00:44:00+00', NULL, NULL, '2026-05-17 08:44:00+00', '2026-05-17 09:59:00+00'),
    ('refresh_token_045', 'user_demo_045', 'refresh-token-hash-045', 'refresh_family_045', 'device_045', 'Samsung Galaxy S24', '2026-12-18 00:45:00+00', '2026-07-18 00:45:00+00', 'refresh_token_046', '2026-05-18 08:45:00+00', '2026-05-18 09:00:00+00'),
    ('refresh_token_046', 'user_demo_046', 'refresh-token-hash-046', 'refresh_family_046', 'device_046', 'iPhone 15 Pro', '2026-12-19 00:46:00+00', NULL, NULL, '2026-05-19 08:46:00+00', '2026-05-19 09:01:00+00'),
    ('refresh_token_047', 'user_demo_047', 'refresh-token-hash-047', 'refresh_family_047', 'device_047', 'Tecno Camon 30', '2026-12-20 00:47:00+00', NULL, NULL, '2026-05-20 08:47:00+00', '2026-05-20 09:02:00+00'),
    ('refresh_token_048', 'user_demo_048', 'refresh-token-hash-048', 'refresh_family_048', 'device_048', 'Pixel 8', '2026-12-21 00:48:00+00', NULL, NULL, '2026-05-21 08:48:00+00', '2026-05-21 09:03:00+00'),
    ('refresh_token_049', 'user_demo_049', 'refresh-token-hash-049', 'refresh_family_049', 'device_049', 'iPhone 14', '2026-12-22 00:49:00+00', NULL, NULL, '2026-05-22 08:49:00+00', '2026-05-22 09:04:00+00'),
    ('refresh_token_050', 'user_demo_050', 'refresh-token-hash-050', 'refresh_family_050', 'device_050', 'Samsung Galaxy S24', '2026-12-23 00:50:00+00', NULL, NULL, '2026-05-23 08:50:00+00', '2026-05-23 09:05:00+00'),
    ('refresh_token_051', 'user_demo_051', 'refresh-token-hash-051', 'refresh_family_051', 'device_051', 'iPhone 15 Pro', '2026-12-24 00:51:00+00', NULL, NULL, '2026-05-24 08:51:00+00', '2026-05-24 09:06:00+00'),
    ('refresh_token_052', 'user_demo_052', 'refresh-token-hash-052', 'refresh_family_052', 'device_052', 'Tecno Camon 30', '2026-12-25 00:52:00+00', NULL, NULL, '2026-05-25 08:52:00+00', '2026-05-25 09:07:00+00'),
    ('refresh_token_053', 'user_demo_053', 'refresh-token-hash-053', 'refresh_family_053', 'device_053', 'Pixel 8', '2026-12-26 00:53:00+00', NULL, NULL, '2026-05-26 08:53:00+00', '2026-05-26 09:08:00+00'),
    ('refresh_token_054', 'user_demo_054', 'refresh-token-hash-054', 'refresh_family_054', 'device_054', 'iPhone 14', '2026-12-27 00:54:00+00', '2026-07-27 00:54:00+00', 'refresh_token_055', '2026-05-27 08:54:00+00', '2026-05-27 09:09:00+00'),
    ('refresh_token_055', 'user_demo_055', 'refresh-token-hash-055', 'refresh_family_055', 'device_055', 'Samsung Galaxy S24', '2026-12-28 00:55:00+00', NULL, NULL, '2026-05-28 08:55:00+00', '2026-05-28 09:10:00+00'),
    ('refresh_token_056', 'user_demo_056', 'refresh-token-hash-056', 'refresh_family_056', 'device_056', 'iPhone 15 Pro', '2026-12-01 00:56:00+00', NULL, NULL, '2026-05-01 08:56:00+00', '2026-05-01 09:11:00+00'),
    ('refresh_token_057', 'user_demo_057', 'refresh-token-hash-057', 'refresh_family_057', 'device_057', 'Tecno Camon 30', '2026-12-02 00:57:00+00', NULL, NULL, '2026-05-02 08:57:00+00', '2026-05-02 09:12:00+00'),
    ('refresh_token_058', 'user_demo_058', 'refresh-token-hash-058', 'refresh_family_058', 'device_058', 'Pixel 8', '2026-12-03 00:58:00+00', NULL, NULL, '2026-05-03 08:58:00+00', '2026-05-03 09:13:00+00'),
    ('refresh_token_059', 'user_demo_059', 'refresh-token-hash-059', 'refresh_family_059', 'device_059', 'iPhone 14', '2026-12-04 00:59:00+00', NULL, NULL, '2026-05-04 08:59:00+00', '2026-05-04 09:14:00+00'),
    ('refresh_token_060', 'user_demo_060', 'refresh-token-hash-060', 'refresh_family_060', 'device_060', 'Samsung Galaxy S24', '2026-12-05 00:00:00+00', NULL, NULL, '2026-05-05 08:00:00+00', '2026-05-05 09:15:00+00'),
    ('refresh_token_061', 'user_demo_061', 'refresh-token-hash-061', 'refresh_family_061', 'device_061', 'iPhone 15 Pro', '2026-12-06 00:01:00+00', NULL, NULL, '2026-05-06 08:01:00+00', '2026-05-06 09:16:00+00'),
    ('refresh_token_062', 'user_demo_062', 'refresh-token-hash-062', 'refresh_family_062', 'device_062', 'Tecno Camon 30', '2026-12-07 00:02:00+00', NULL, NULL, '2026-05-07 08:02:00+00', '2026-05-07 09:17:00+00'),
    ('refresh_token_063', 'user_demo_063', 'refresh-token-hash-063', 'refresh_family_063', 'device_063', 'Pixel 8', '2026-12-08 00:03:00+00', '2026-07-08 00:03:00+00', 'refresh_token_064', '2026-05-08 08:03:00+00', '2026-05-08 09:18:00+00'),
    ('refresh_token_064', 'user_demo_064', 'refresh-token-hash-064', 'refresh_family_064', 'device_064', 'iPhone 14', '2026-12-09 00:04:00+00', NULL, NULL, '2026-05-09 08:04:00+00', '2026-05-09 09:19:00+00'),
    ('refresh_token_065', 'user_demo_065', 'refresh-token-hash-065', 'refresh_family_065', 'device_065', 'Samsung Galaxy S24', '2026-12-10 00:05:00+00', NULL, NULL, '2026-05-10 08:05:00+00', '2026-05-10 09:20:00+00'),
    ('refresh_token_066', 'user_demo_066', 'refresh-token-hash-066', 'refresh_family_066', 'device_066', 'iPhone 15 Pro', '2026-12-11 00:06:00+00', NULL, NULL, '2026-05-11 08:06:00+00', '2026-05-11 09:21:00+00'),
    ('refresh_token_067', 'user_demo_067', 'refresh-token-hash-067', 'refresh_family_067', 'device_067', 'Tecno Camon 30', '2026-12-12 00:07:00+00', NULL, NULL, '2026-05-12 08:07:00+00', '2026-05-12 09:22:00+00'),
    ('refresh_token_068', 'user_demo_068', 'refresh-token-hash-068', 'refresh_family_068', 'device_068', 'Pixel 8', '2026-12-13 00:08:00+00', NULL, NULL, '2026-05-13 08:08:00+00', '2026-05-13 09:23:00+00'),
    ('refresh_token_069', 'user_demo_069', 'refresh-token-hash-069', 'refresh_family_069', 'device_069', 'iPhone 14', '2026-12-14 00:09:00+00', NULL, NULL, '2026-05-14 08:09:00+00', '2026-05-14 09:24:00+00'),
    ('refresh_token_070', 'user_demo_070', 'refresh-token-hash-070', 'refresh_family_070', 'device_070', 'Samsung Galaxy S24', '2026-12-15 00:10:00+00', NULL, NULL, '2026-05-15 08:10:00+00', '2026-05-15 09:25:00+00'),
    ('refresh_token_071', 'user_demo_071', 'refresh-token-hash-071', 'refresh_family_071', 'device_071', 'iPhone 15 Pro', '2026-12-16 00:11:00+00', NULL, NULL, '2026-05-16 08:11:00+00', '2026-05-16 09:26:00+00'),
    ('refresh_token_072', 'user_demo_072', 'refresh-token-hash-072', 'refresh_family_072', 'device_072', 'Tecno Camon 30', '2026-12-17 00:12:00+00', '2026-07-17 00:12:00+00', 'refresh_token_073', '2026-05-17 08:12:00+00', '2026-05-17 09:27:00+00'),
    ('refresh_token_073', 'user_demo_073', 'refresh-token-hash-073', 'refresh_family_073', 'device_073', 'Pixel 8', '2026-12-18 00:13:00+00', NULL, NULL, '2026-05-18 08:13:00+00', '2026-05-18 09:28:00+00'),
    ('refresh_token_074', 'user_demo_074', 'refresh-token-hash-074', 'refresh_family_074', 'device_074', 'iPhone 14', '2026-12-19 00:14:00+00', NULL, NULL, '2026-05-19 08:14:00+00', '2026-05-19 09:29:00+00'),
    ('refresh_token_075', 'user_demo_075', 'refresh-token-hash-075', 'refresh_family_075', 'device_075', 'Samsung Galaxy S24', '2026-12-20 00:15:00+00', NULL, NULL, '2026-05-20 08:15:00+00', '2026-05-20 09:30:00+00'),
    ('refresh_token_076', 'user_demo_076', 'refresh-token-hash-076', 'refresh_family_076', 'device_076', 'iPhone 15 Pro', '2026-12-21 00:16:00+00', NULL, NULL, '2026-05-21 08:16:00+00', '2026-05-21 09:31:00+00'),
    ('refresh_token_077', 'user_demo_077', 'refresh-token-hash-077', 'refresh_family_077', 'device_077', 'Tecno Camon 30', '2026-12-22 00:17:00+00', NULL, NULL, '2026-05-22 08:17:00+00', '2026-05-22 09:32:00+00'),
    ('refresh_token_078', 'user_demo_078', 'refresh-token-hash-078', 'refresh_family_078', 'device_078', 'Pixel 8', '2026-12-23 00:18:00+00', NULL, NULL, '2026-05-23 08:18:00+00', '2026-05-23 09:33:00+00'),
    ('refresh_token_079', 'user_demo_079', 'refresh-token-hash-079', 'refresh_family_079', 'device_079', 'iPhone 14', '2026-12-24 00:19:00+00', NULL, NULL, '2026-05-24 08:19:00+00', '2026-05-24 09:34:00+00'),
    ('refresh_token_080', 'user_demo_080', 'refresh-token-hash-080', 'refresh_family_080', 'device_080', 'Samsung Galaxy S24', '2026-12-25 00:20:00+00', NULL, NULL, '2026-05-25 08:20:00+00', '2026-05-25 09:35:00+00'),
    ('refresh_token_081', 'user_demo_081', 'refresh-token-hash-081', 'refresh_family_081', 'device_081', 'iPhone 15 Pro', '2026-12-26 00:21:00+00', '2026-07-26 00:21:00+00', 'refresh_token_082', '2026-05-26 08:21:00+00', '2026-05-26 09:36:00+00'),
    ('refresh_token_082', 'user_demo_082', 'refresh-token-hash-082', 'refresh_family_082', 'device_082', 'Tecno Camon 30', '2026-12-27 00:22:00+00', NULL, NULL, '2026-05-27 08:22:00+00', '2026-05-27 09:37:00+00'),
    ('refresh_token_083', 'user_demo_083', 'refresh-token-hash-083', 'refresh_family_083', 'device_083', 'Pixel 8', '2026-12-28 00:23:00+00', NULL, NULL, '2026-05-28 08:23:00+00', '2026-05-28 09:38:00+00'),
    ('refresh_token_084', 'user_demo_084', 'refresh-token-hash-084', 'refresh_family_084', 'device_084', 'iPhone 14', '2026-12-01 00:24:00+00', NULL, NULL, '2026-05-01 08:24:00+00', '2026-05-01 09:39:00+00'),
    ('refresh_token_085', 'user_demo_085', 'refresh-token-hash-085', 'refresh_family_085', 'device_085', 'Samsung Galaxy S24', '2026-12-02 00:25:00+00', NULL, NULL, '2026-05-02 08:25:00+00', '2026-05-02 09:40:00+00'),
    ('refresh_token_086', 'user_demo_086', 'refresh-token-hash-086', 'refresh_family_086', 'device_086', 'iPhone 15 Pro', '2026-12-03 00:26:00+00', NULL, NULL, '2026-05-03 08:26:00+00', '2026-05-03 09:41:00+00'),
    ('refresh_token_087', 'user_demo_087', 'refresh-token-hash-087', 'refresh_family_087', 'device_087', 'Tecno Camon 30', '2026-12-04 00:27:00+00', NULL, NULL, '2026-05-04 08:27:00+00', '2026-05-04 09:42:00+00'),
    ('refresh_token_088', 'user_demo_088', 'refresh-token-hash-088', 'refresh_family_088', 'device_088', 'Pixel 8', '2026-12-05 00:28:00+00', NULL, NULL, '2026-05-05 08:28:00+00', '2026-05-05 09:43:00+00'),
    ('refresh_token_089', 'user_demo_089', 'refresh-token-hash-089', 'refresh_family_089', 'device_089', 'iPhone 14', '2026-12-06 00:29:00+00', NULL, NULL, '2026-05-06 08:29:00+00', '2026-05-06 09:44:00+00'),
    ('refresh_token_090', 'user_demo_090', 'refresh-token-hash-090', 'refresh_family_090', 'device_090', 'Samsung Galaxy S24', '2026-12-07 00:30:00+00', '2026-07-07 00:30:00+00', 'refresh_token_091', '2026-05-07 08:30:00+00', '2026-05-07 09:45:00+00'),
    ('refresh_token_091', 'user_demo_091', 'refresh-token-hash-091', 'refresh_family_091', 'device_091', 'iPhone 15 Pro', '2026-12-08 00:31:00+00', NULL, NULL, '2026-05-08 08:31:00+00', '2026-05-08 09:46:00+00'),
    ('refresh_token_092', 'user_demo_092', 'refresh-token-hash-092', 'refresh_family_092', 'device_092', 'Tecno Camon 30', '2026-12-09 00:32:00+00', NULL, NULL, '2026-05-09 08:32:00+00', '2026-05-09 09:47:00+00'),
    ('refresh_token_093', 'user_demo_093', 'refresh-token-hash-093', 'refresh_family_093', 'device_093', 'Pixel 8', '2026-12-10 00:33:00+00', NULL, NULL, '2026-05-10 08:33:00+00', '2026-05-10 09:48:00+00'),
    ('refresh_token_094', 'user_demo_094', 'refresh-token-hash-094', 'refresh_family_094', 'device_094', 'iPhone 14', '2026-12-11 00:34:00+00', NULL, NULL, '2026-05-11 08:34:00+00', '2026-05-11 09:49:00+00'),
    ('refresh_token_095', 'user_demo_095', 'refresh-token-hash-095', 'refresh_family_095', 'device_095', 'Samsung Galaxy S24', '2026-12-12 00:35:00+00', NULL, NULL, '2026-05-12 08:35:00+00', '2026-05-12 09:50:00+00'),
    ('refresh_token_096', 'user_demo_096', 'refresh-token-hash-096', 'refresh_family_096', 'device_096', 'iPhone 15 Pro', '2026-12-13 00:36:00+00', NULL, NULL, '2026-05-13 08:36:00+00', '2026-05-13 09:51:00+00'),
    ('refresh_token_097', 'user_demo_097', 'refresh-token-hash-097', 'refresh_family_097', 'device_097', 'Tecno Camon 30', '2026-12-14 00:37:00+00', NULL, NULL, '2026-05-14 08:37:00+00', '2026-05-14 09:52:00+00'),
    ('refresh_token_098', 'user_demo_098', 'refresh-token-hash-098', 'refresh_family_098', 'device_098', 'Pixel 8', '2026-12-15 00:38:00+00', NULL, NULL, '2026-05-15 08:38:00+00', '2026-05-15 09:53:00+00'),
    ('refresh_token_099', 'user_demo_099', 'refresh-token-hash-099', 'refresh_family_099', 'device_099', 'iPhone 14', '2026-12-16 00:39:00+00', '2026-07-16 00:39:00+00', 'refresh_token_100', '2026-05-16 08:39:00+00', '2026-05-16 09:54:00+00'),
    ('refresh_token_100', 'user_demo_100', 'refresh-token-hash-100', 'refresh_family_100', 'device_100', 'Samsung Galaxy S24', '2026-12-17 00:40:00+00', NULL, NULL, '2026-05-17 08:40:00+00', '2026-05-17 09:55:00+00'),
    ('refresh_token_101', 'user_demo_101', 'refresh-token-hash-101', 'refresh_family_101', 'device_101', 'iPhone 15 Pro', '2026-12-18 00:41:00+00', NULL, NULL, '2026-05-18 08:41:00+00', '2026-05-18 09:56:00+00'),
    ('refresh_token_102', 'user_demo_102', 'refresh-token-hash-102', 'refresh_family_102', 'device_102', 'Tecno Camon 30', '2026-12-19 00:42:00+00', NULL, NULL, '2026-05-19 08:42:00+00', '2026-05-19 09:57:00+00'),
    ('refresh_token_103', 'user_demo_103', 'refresh-token-hash-103', 'refresh_family_103', 'device_103', 'Pixel 8', '2026-12-20 00:43:00+00', NULL, NULL, '2026-05-20 08:43:00+00', '2026-05-20 09:58:00+00'),
    ('refresh_token_104', 'user_demo_104', 'refresh-token-hash-104', 'refresh_family_104', 'device_104', 'iPhone 14', '2026-12-21 00:44:00+00', NULL, NULL, '2026-05-21 08:44:00+00', '2026-05-21 09:59:00+00'),
    ('refresh_token_105', 'user_demo_105', 'refresh-token-hash-105', 'refresh_family_105', 'device_105', 'Samsung Galaxy S24', '2026-12-22 00:45:00+00', NULL, NULL, '2026-05-22 08:45:00+00', '2026-05-22 09:00:00+00'),
    ('refresh_token_106', 'user_demo_106', 'refresh-token-hash-106', 'refresh_family_106', 'device_106', 'iPhone 15 Pro', '2026-12-23 00:46:00+00', NULL, NULL, '2026-05-23 08:46:00+00', '2026-05-23 09:01:00+00'),
    ('refresh_token_107', 'user_demo_107', 'refresh-token-hash-107', 'refresh_family_107', 'device_107', 'Tecno Camon 30', '2026-12-24 00:47:00+00', NULL, NULL, '2026-05-24 08:47:00+00', '2026-05-24 09:02:00+00'),
    ('refresh_token_108', 'user_demo_108', 'refresh-token-hash-108', 'refresh_family_108', 'device_108', 'Pixel 8', '2026-12-25 00:48:00+00', '2026-07-25 00:48:00+00', 'refresh_token_109', '2026-05-25 08:48:00+00', '2026-05-25 09:03:00+00'),
    ('refresh_token_109', 'user_demo_109', 'refresh-token-hash-109', 'refresh_family_109', 'device_109', 'iPhone 14', '2026-12-26 00:49:00+00', NULL, NULL, '2026-05-26 08:49:00+00', '2026-05-26 09:04:00+00'),
    ('refresh_token_110', 'user_demo_110', 'refresh-token-hash-110', 'refresh_family_110', 'device_110', 'Samsung Galaxy S24', '2026-12-27 00:50:00+00', NULL, NULL, '2026-05-27 08:50:00+00', '2026-05-27 09:05:00+00'),
    ('refresh_token_111', 'user_demo_111', 'refresh-token-hash-111', 'refresh_family_111', 'device_111', 'iPhone 15 Pro', '2026-12-28 00:51:00+00', NULL, NULL, '2026-05-28 08:51:00+00', '2026-05-28 09:06:00+00'),
    ('refresh_token_112', 'user_demo_112', 'refresh-token-hash-112', 'refresh_family_112', 'device_112', 'Tecno Camon 30', '2026-12-01 00:52:00+00', NULL, NULL, '2026-05-01 08:52:00+00', '2026-05-01 09:07:00+00'),
    ('refresh_token_113', 'user_demo_113', 'refresh-token-hash-113', 'refresh_family_113', 'device_113', 'Pixel 8', '2026-12-02 00:53:00+00', NULL, NULL, '2026-05-02 08:53:00+00', '2026-05-02 09:08:00+00'),
    ('refresh_token_114', 'user_demo_114', 'refresh-token-hash-114', 'refresh_family_114', 'device_114', 'iPhone 14', '2026-12-03 00:54:00+00', NULL, NULL, '2026-05-03 08:54:00+00', '2026-05-03 09:09:00+00'),
    ('refresh_token_115', 'user_demo_115', 'refresh-token-hash-115', 'refresh_family_115', 'device_115', 'Samsung Galaxy S24', '2026-12-04 00:55:00+00', NULL, NULL, '2026-05-04 08:55:00+00', '2026-05-04 09:10:00+00'),
    ('refresh_token_116', 'user_demo_116', 'refresh-token-hash-116', 'refresh_family_116', 'device_116', 'iPhone 15 Pro', '2026-12-05 00:56:00+00', NULL, NULL, '2026-05-05 08:56:00+00', '2026-05-05 09:11:00+00'),
    ('refresh_token_117', 'user_demo_117', 'refresh-token-hash-117', 'refresh_family_117', 'device_117', 'Tecno Camon 30', '2026-12-06 00:57:00+00', '2026-07-06 00:57:00+00', 'refresh_token_118', '2026-05-06 08:57:00+00', '2026-05-06 09:12:00+00'),
    ('refresh_token_118', 'user_demo_118', 'refresh-token-hash-118', 'refresh_family_118', 'device_118', 'Pixel 8', '2026-12-07 00:58:00+00', NULL, NULL, '2026-05-07 08:58:00+00', '2026-05-07 09:13:00+00'),
    ('refresh_token_119', 'user_demo_119', 'refresh-token-hash-119', 'refresh_family_119', 'device_119', 'iPhone 14', '2026-12-08 00:59:00+00', NULL, NULL, '2026-05-08 08:59:00+00', '2026-05-08 09:14:00+00'),
    ('refresh_token_120', 'user_demo_120', 'refresh-token-hash-120', 'refresh_family_120', 'device_120', 'Samsung Galaxy S24', '2026-12-09 00:00:00+00', NULL, NULL, '2026-05-09 08:00:00+00', '2026-05-09 09:15:00+00');

INSERT INTO service_places (id, name, kind, city, country_code, address_label, map_id, created_at, updated_at) VALUES
    ('rw-kgl-marriott', 'Kigali Marriott', 'HOTEL', 'Kigali', 'RW', 'Kigali Marriott', 'map_rw-kgl-marriott', '2026-01-01 08:00:00+00', '2026-01-01 08:00:00+00'),
    ('hotel_serena', 'Kigali Serena Hotel', 'HOTEL', 'Kigali', 'RW', 'Kigali Serena Hotel', 'map_hotel_serena', '2026-01-01 08:00:00+00', '2026-01-01 08:00:00+00'),
    ('hotel_radisson_blu', 'Radisson Blu Hotel & Convention Centre, Kigali', 'HOTEL', 'Kigali', 'RW', 'Radisson Blu Hotel & Convention Centre, Kigali', 'map_hotel_radisson_blu', '2026-01-01 08:00:00+00', '2026-01-01 08:00:00+00'),
    ('hotel_four_points', 'Four Points by Sheraton Kigali', 'HOTEL', 'Kigali', 'RW', 'Four Points by Sheraton Kigali', 'map_hotel_four_points', '2026-01-01 08:00:00+00', '2026-01-01 08:00:00+00'),
    ('hotel_mille_collines', 'Hôtel des Mille Collines', 'HOTEL', 'Kigali', 'RW', 'Hôtel des Mille Collines', 'map_hotel_mille_collines', '2026-01-01 08:00:00+00', '2026-01-01 08:00:00+00'),
    ('hotel_the_retreat', 'The Retreat by Heaven', 'HOTEL', 'Kigali', 'RW', 'The Retreat by Heaven', 'map_hotel_the_retreat', '2026-01-01 08:00:00+00', '2026-01-01 08:00:00+00'),
    ('hotel_park_inn', 'Park Inn by Radisson Kigali', 'HOTEL', 'Kigali', 'RW', 'Park Inn by Radisson Kigali', 'map_hotel_park_inn', '2026-01-01 08:00:00+00', '2026-01-01 08:00:00+00'),
    ('hotel_lemigo', 'Lemigo Hotel', 'HOTEL', 'Kigali', 'RW', 'Lemigo Hotel', 'map_hotel_lemigo', '2026-01-01 08:00:00+00', '2026-01-01 08:00:00+00'),
    ('hotel_urban_city', 'Urban by CityBlue Kigali', 'HOTEL', 'Kigali', 'RW', 'Urban by CityBlue Kigali', 'map_hotel_urban_city', '2026-01-01 08:00:00+00', '2026-01-01 08:00:00+00'),
    ('hotel_gorillas_nest', 'One&Only Gorillas Nest', 'HOTEL', 'Musanze', 'RW', 'One&Only Gorillas Nest', 'map_hotel_gorillas_nest', '2026-01-01 08:00:00+00', '2026-01-01 08:00:00+00'),
    ('hotel_bisate', 'Bisate Lodge', 'HOTEL', 'Musanze', 'RW', 'Bisate Lodge', 'map_hotel_bisate', '2026-01-01 08:00:00+00', '2026-01-01 08:00:00+00'),
    ('hotel_singita', 'Singita Kwitonda Lodge', 'HOTEL', 'Musanze', 'RW', 'Singita Kwitonda Lodge', 'map_hotel_singita', '2026-01-01 08:00:00+00', '2026-01-01 08:00:00+00'),
    ('hotel_ingagi', 'Ingagi Park View Lodge', 'HOTEL', 'Musanze', 'RW', 'Ingagi Park View Lodge', 'map_hotel_ingagi', '2026-01-01 08:00:00+00', '2026-01-01 08:00:00+00'),
    ('hotel_kivu_serena', 'Kivu Serena Hotel', 'HOTEL', 'Rubavu', 'RW', 'Kivu Serena Hotel', 'map_hotel_kivu_serena', '2026-01-01 08:00:00+00', '2026-01-01 08:00:00+00'),
    ('hotel_cormoran', 'Cormoran Lodge', 'HOTEL', 'Rubavu', 'RW', 'Cormoran Lodge', 'map_hotel_cormoran', '2026-01-01 08:00:00+00', '2026-01-01 08:00:00+00'),
    ('hotel_palm_beach', 'Palm Beach Resort', 'HOTEL', 'Rubavu', 'RW', 'Palm Beach Resort', 'map_hotel_palm_beach', '2026-01-01 08:00:00+00', '2026-01-01 08:00:00+00'),
    ('hotel_moriah_hill', 'Moriah Hill Resort', 'HOTEL', 'Muhanga', 'RW', 'Moriah Hill Resort', 'map_hotel_moriah_hill', '2026-01-01 08:00:00+00', '2026-01-01 08:00:00+00'),
    ('hotel_hill_view', 'Huye Hill View Hotel', 'HOTEL', 'Huye', 'RW', 'Huye Hill View Hotel', 'map_hotel_hill_view', '2026-01-01 08:00:00+00', '2026-01-01 08:00:00+00'),
    ('hotel_kitabi', 'Kitabi EcoCenter', 'HOTEL', 'Nyamagabe', 'RW', 'Kitabi EcoCenter', 'map_hotel_kitabi', '2026-01-01 08:00:00+00', '2026-01-01 08:00:00+00'),
    ('hotel_akagera', 'Akagera Transit Lodge', 'HOTEL', 'Kayonza', 'RW', 'Akagera Transit Lodge', 'map_hotel_akagera', '2026-01-01 08:00:00+00', '2026-01-01 08:00:00+00'),
    ('hotel_demo_001', 'Virunga Heights Hotel', 'HOTEL', 'Musanze', 'RW', 'Virunga Heights Hotel', 'map_hotel_demo_001', '2026-01-01 08:00:00+00', '2026-01-01 08:00:00+00'),
    ('hotel_demo_002', 'Virunga Grand Retreat', 'HOTEL', 'Rubavu', 'RW', 'Virunga Grand Retreat', 'map_hotel_demo_002', '2026-01-01 08:00:00+00', '2026-01-01 08:00:00+00'),
    ('hotel_demo_003', 'Virunga Suites & Spa', 'HOTEL', 'Huye', 'RW', 'Virunga Suites & Spa', 'map_hotel_demo_003', '2026-01-01 08:00:00+00', '2026-01-01 08:00:00+00'),
    ('hotel_demo_004', 'Virunga Conference Lodge', 'HOTEL', 'Rwamagana', 'RW', 'Virunga Conference Lodge', 'map_hotel_demo_004', '2026-01-01 08:00:00+00', '2026-01-01 08:00:00+00'),
    ('hotel_demo_005', 'Virunga Garden Residence', 'HOTEL', 'Nyagatare', 'RW', 'Virunga Garden Residence', 'map_hotel_demo_005', '2026-01-01 08:00:00+00', '2026-01-01 08:00:00+00'),
    ('hotel_demo_006', 'Virunga Panorama Hotel', 'HOTEL', 'Rusizi', 'RW', 'Virunga Panorama Hotel', 'map_hotel_demo_006', '2026-01-01 08:00:00+00', '2026-01-01 08:00:00+00'),
    ('hotel_demo_007', 'Virunga Boutique Stay', 'HOTEL', 'Karongi', 'RW', 'Virunga Boutique Stay', 'map_hotel_demo_007', '2026-01-01 08:00:00+00', '2026-01-01 08:00:00+00'),
    ('hotel_demo_008', 'Virunga Lake View Resort', 'HOTEL', 'Muhanga', 'RW', 'Virunga Lake View Resort', 'map_hotel_demo_008', '2026-01-01 08:00:00+00', '2026-01-01 08:00:00+00'),
    ('hotel_demo_009', 'Virunga Hilltop Manor', 'HOTEL', 'Kayonza', 'RW', 'Virunga Hilltop Manor', 'map_hotel_demo_009', '2026-01-01 08:00:00+00', '2026-01-01 08:00:00+00'),
    ('hotel_demo_010', 'Virunga Executive Inn', 'HOTEL', 'Kigali', 'RW', 'Virunga Executive Inn', 'map_hotel_demo_010', '2026-01-01 08:00:00+00', '2026-01-01 08:00:00+00'),
    ('hotel_demo_011', 'Ubumwe Heights Hotel', 'HOTEL', 'Musanze', 'RW', 'Ubumwe Heights Hotel', 'map_hotel_demo_011', '2026-01-01 08:00:00+00', '2026-01-01 08:00:00+00'),
    ('hotel_demo_012', 'Ubumwe Grand Retreat', 'HOTEL', 'Rubavu', 'RW', 'Ubumwe Grand Retreat', 'map_hotel_demo_012', '2026-01-01 08:00:00+00', '2026-01-01 08:00:00+00'),
    ('hotel_demo_013', 'Ubumwe Suites & Spa', 'HOTEL', 'Huye', 'RW', 'Ubumwe Suites & Spa', 'map_hotel_demo_013', '2026-01-01 08:00:00+00', '2026-01-01 08:00:00+00'),
    ('hotel_demo_014', 'Ubumwe Conference Lodge', 'HOTEL', 'Rwamagana', 'RW', 'Ubumwe Conference Lodge', 'map_hotel_demo_014', '2026-01-01 08:00:00+00', '2026-01-01 08:00:00+00'),
    ('hotel_demo_015', 'Ubumwe Garden Residence', 'HOTEL', 'Nyagatare', 'RW', 'Ubumwe Garden Residence', 'map_hotel_demo_015', '2026-01-01 08:00:00+00', '2026-01-01 08:00:00+00'),
    ('hotel_demo_016', 'Ubumwe Panorama Hotel', 'HOTEL', 'Rusizi', 'RW', 'Ubumwe Panorama Hotel', 'map_hotel_demo_016', '2026-01-01 08:00:00+00', '2026-01-01 08:00:00+00'),
    ('hotel_demo_017', 'Ubumwe Boutique Stay', 'HOTEL', 'Karongi', 'RW', 'Ubumwe Boutique Stay', 'map_hotel_demo_017', '2026-01-01 08:00:00+00', '2026-01-01 08:00:00+00'),
    ('hotel_demo_018', 'Ubumwe Lake View Resort', 'HOTEL', 'Muhanga', 'RW', 'Ubumwe Lake View Resort', 'map_hotel_demo_018', '2026-01-01 08:00:00+00', '2026-01-01 08:00:00+00'),
    ('hotel_demo_019', 'Ubumwe Hilltop Manor', 'HOTEL', 'Kayonza', 'RW', 'Ubumwe Hilltop Manor', 'map_hotel_demo_019', '2026-01-01 08:00:00+00', '2026-01-01 08:00:00+00'),
    ('hotel_demo_020', 'Ubumwe Executive Inn', 'HOTEL', 'Kigali', 'RW', 'Ubumwe Executive Inn', 'map_hotel_demo_020', '2026-01-01 08:00:00+00', '2026-01-01 08:00:00+00'),
    ('hotel_demo_021', 'Imigongo Heights Hotel', 'HOTEL', 'Musanze', 'RW', 'Imigongo Heights Hotel', 'map_hotel_demo_021', '2026-01-01 08:00:00+00', '2026-01-01 08:00:00+00'),
    ('hotel_demo_022', 'Imigongo Grand Retreat', 'HOTEL', 'Rubavu', 'RW', 'Imigongo Grand Retreat', 'map_hotel_demo_022', '2026-01-01 08:00:00+00', '2026-01-01 08:00:00+00'),
    ('hotel_demo_023', 'Imigongo Suites & Spa', 'HOTEL', 'Huye', 'RW', 'Imigongo Suites & Spa', 'map_hotel_demo_023', '2026-01-01 08:00:00+00', '2026-01-01 08:00:00+00'),
    ('hotel_demo_024', 'Imigongo Conference Lodge', 'HOTEL', 'Rwamagana', 'RW', 'Imigongo Conference Lodge', 'map_hotel_demo_024', '2026-01-01 08:00:00+00', '2026-01-01 08:00:00+00'),
    ('hotel_demo_025', 'Imigongo Garden Residence', 'HOTEL', 'Nyagatare', 'RW', 'Imigongo Garden Residence', 'map_hotel_demo_025', '2026-01-01 08:00:00+00', '2026-01-01 08:00:00+00'),
    ('hotel_demo_026', 'Imigongo Panorama Hotel', 'HOTEL', 'Rusizi', 'RW', 'Imigongo Panorama Hotel', 'map_hotel_demo_026', '2026-01-01 08:00:00+00', '2026-01-01 08:00:00+00'),
    ('hotel_demo_027', 'Imigongo Boutique Stay', 'HOTEL', 'Karongi', 'RW', 'Imigongo Boutique Stay', 'map_hotel_demo_027', '2026-01-01 08:00:00+00', '2026-01-01 08:00:00+00'),
    ('hotel_demo_028', 'Imigongo Lake View Resort', 'HOTEL', 'Muhanga', 'RW', 'Imigongo Lake View Resort', 'map_hotel_demo_028', '2026-01-01 08:00:00+00', '2026-01-01 08:00:00+00'),
    ('hotel_demo_029', 'Imigongo Hilltop Manor', 'HOTEL', 'Kayonza', 'RW', 'Imigongo Hilltop Manor', 'map_hotel_demo_029', '2026-01-01 08:00:00+00', '2026-01-01 08:00:00+00'),
    ('hotel_demo_030', 'Imigongo Executive Inn', 'HOTEL', 'Kigali', 'RW', 'Imigongo Executive Inn', 'map_hotel_demo_030', '2026-01-01 08:00:00+00', '2026-01-01 08:00:00+00'),
    ('hotel_demo_031', 'Akagera Heights Hotel', 'HOTEL', 'Musanze', 'RW', 'Akagera Heights Hotel', 'map_hotel_demo_031', '2026-01-01 08:00:00+00', '2026-01-01 08:00:00+00'),
    ('hotel_demo_032', 'Akagera Grand Retreat', 'HOTEL', 'Rubavu', 'RW', 'Akagera Grand Retreat', 'map_hotel_demo_032', '2026-01-01 08:00:00+00', '2026-01-01 08:00:00+00'),
    ('hotel_demo_033', 'Akagera Suites & Spa', 'HOTEL', 'Huye', 'RW', 'Akagera Suites & Spa', 'map_hotel_demo_033', '2026-01-01 08:00:00+00', '2026-01-01 08:00:00+00'),
    ('hotel_demo_034', 'Akagera Conference Lodge', 'HOTEL', 'Rwamagana', 'RW', 'Akagera Conference Lodge', 'map_hotel_demo_034', '2026-01-01 08:00:00+00', '2026-01-01 08:00:00+00'),
    ('hotel_demo_035', 'Akagera Garden Residence', 'HOTEL', 'Nyagatare', 'RW', 'Akagera Garden Residence', 'map_hotel_demo_035', '2026-01-01 08:00:00+00', '2026-01-01 08:00:00+00'),
    ('hotel_demo_036', 'Akagera Panorama Hotel', 'HOTEL', 'Rusizi', 'RW', 'Akagera Panorama Hotel', 'map_hotel_demo_036', '2026-01-01 08:00:00+00', '2026-01-01 08:00:00+00'),
    ('hotel_demo_037', 'Akagera Boutique Stay', 'HOTEL', 'Karongi', 'RW', 'Akagera Boutique Stay', 'map_hotel_demo_037', '2026-01-01 08:00:00+00', '2026-01-01 08:00:00+00'),
    ('hotel_demo_038', 'Akagera Lake View Resort', 'HOTEL', 'Muhanga', 'RW', 'Akagera Lake View Resort', 'map_hotel_demo_038', '2026-01-01 08:00:00+00', '2026-01-01 08:00:00+00'),
    ('hotel_demo_039', 'Akagera Hilltop Manor', 'HOTEL', 'Kayonza', 'RW', 'Akagera Hilltop Manor', 'map_hotel_demo_039', '2026-01-01 08:00:00+00', '2026-01-01 08:00:00+00'),
    ('hotel_demo_040', 'Akagera Executive Inn', 'HOTEL', 'Kigali', 'RW', 'Akagera Executive Inn', 'map_hotel_demo_040', '2026-01-01 08:00:00+00', '2026-01-01 08:00:00+00'),
    ('hotel_demo_041', 'Inzovu Heights Hotel', 'HOTEL', 'Musanze', 'RW', 'Inzovu Heights Hotel', 'map_hotel_demo_041', '2026-01-01 08:00:00+00', '2026-01-01 08:00:00+00'),
    ('hotel_demo_042', 'Inzovu Grand Retreat', 'HOTEL', 'Rubavu', 'RW', 'Inzovu Grand Retreat', 'map_hotel_demo_042', '2026-01-01 08:00:00+00', '2026-01-01 08:00:00+00'),
    ('hotel_demo_043', 'Inzovu Suites & Spa', 'HOTEL', 'Huye', 'RW', 'Inzovu Suites & Spa', 'map_hotel_demo_043', '2026-01-01 08:00:00+00', '2026-01-01 08:00:00+00'),
    ('hotel_demo_044', 'Inzovu Conference Lodge', 'HOTEL', 'Rwamagana', 'RW', 'Inzovu Conference Lodge', 'map_hotel_demo_044', '2026-01-01 08:00:00+00', '2026-01-01 08:00:00+00'),
    ('hotel_demo_045', 'Inzovu Garden Residence', 'HOTEL', 'Nyagatare', 'RW', 'Inzovu Garden Residence', 'map_hotel_demo_045', '2026-01-01 08:00:00+00', '2026-01-01 08:00:00+00'),
    ('hotel_demo_046', 'Inzovu Panorama Hotel', 'HOTEL', 'Rusizi', 'RW', 'Inzovu Panorama Hotel', 'map_hotel_demo_046', '2026-01-01 08:00:00+00', '2026-01-01 08:00:00+00'),
    ('hotel_demo_047', 'Inzovu Boutique Stay', 'HOTEL', 'Karongi', 'RW', 'Inzovu Boutique Stay', 'map_hotel_demo_047', '2026-01-01 08:00:00+00', '2026-01-01 08:00:00+00'),
    ('hotel_demo_048', 'Inzovu Lake View Resort', 'HOTEL', 'Muhanga', 'RW', 'Inzovu Lake View Resort', 'map_hotel_demo_048', '2026-01-01 08:00:00+00', '2026-01-01 08:00:00+00'),
    ('hotel_demo_049', 'Inzovu Hilltop Manor', 'HOTEL', 'Kayonza', 'RW', 'Inzovu Hilltop Manor', 'map_hotel_demo_049', '2026-01-01 08:00:00+00', '2026-01-01 08:00:00+00'),
    ('hotel_demo_050', 'Inzovu Executive Inn', 'HOTEL', 'Kigali', 'RW', 'Inzovu Executive Inn', 'map_hotel_demo_050', '2026-01-01 08:00:00+00', '2026-01-01 08:00:00+00'),
    ('hotel_demo_051', 'Nyungwe Heights Hotel', 'HOTEL', 'Musanze', 'RW', 'Nyungwe Heights Hotel', 'map_hotel_demo_051', '2026-01-01 08:00:00+00', '2026-01-01 08:00:00+00'),
    ('hotel_demo_052', 'Nyungwe Grand Retreat', 'HOTEL', 'Rubavu', 'RW', 'Nyungwe Grand Retreat', 'map_hotel_demo_052', '2026-01-01 08:00:00+00', '2026-01-01 08:00:00+00'),
    ('hotel_demo_053', 'Nyungwe Suites & Spa', 'HOTEL', 'Huye', 'RW', 'Nyungwe Suites & Spa', 'map_hotel_demo_053', '2026-01-01 08:00:00+00', '2026-01-01 08:00:00+00'),
    ('hotel_demo_054', 'Nyungwe Conference Lodge', 'HOTEL', 'Rwamagana', 'RW', 'Nyungwe Conference Lodge', 'map_hotel_demo_054', '2026-01-01 08:00:00+00', '2026-01-01 08:00:00+00'),
    ('hotel_demo_055', 'Nyungwe Garden Residence', 'HOTEL', 'Nyagatare', 'RW', 'Nyungwe Garden Residence', 'map_hotel_demo_055', '2026-01-01 08:00:00+00', '2026-01-01 08:00:00+00'),
    ('hotel_demo_056', 'Nyungwe Panorama Hotel', 'HOTEL', 'Rusizi', 'RW', 'Nyungwe Panorama Hotel', 'map_hotel_demo_056', '2026-01-01 08:00:00+00', '2026-01-01 08:00:00+00'),
    ('hotel_demo_057', 'Nyungwe Boutique Stay', 'HOTEL', 'Karongi', 'RW', 'Nyungwe Boutique Stay', 'map_hotel_demo_057', '2026-01-01 08:00:00+00', '2026-01-01 08:00:00+00'),
    ('hotel_demo_058', 'Nyungwe Lake View Resort', 'HOTEL', 'Muhanga', 'RW', 'Nyungwe Lake View Resort', 'map_hotel_demo_058', '2026-01-01 08:00:00+00', '2026-01-01 08:00:00+00'),
    ('hotel_demo_059', 'Nyungwe Hilltop Manor', 'HOTEL', 'Kayonza', 'RW', 'Nyungwe Hilltop Manor', 'map_hotel_demo_059', '2026-01-01 08:00:00+00', '2026-01-01 08:00:00+00'),
    ('hotel_demo_060', 'Nyungwe Executive Inn', 'HOTEL', 'Kigali', 'RW', 'Nyungwe Executive Inn', 'map_hotel_demo_060', '2026-01-01 08:00:00+00', '2026-01-01 08:00:00+00'),
    ('hotel_demo_061', 'Kivu Heights Hotel', 'HOTEL', 'Musanze', 'RW', 'Kivu Heights Hotel', 'map_hotel_demo_061', '2026-01-01 08:00:00+00', '2026-01-01 08:00:00+00'),
    ('hotel_demo_062', 'Kivu Grand Retreat', 'HOTEL', 'Rubavu', 'RW', 'Kivu Grand Retreat', 'map_hotel_demo_062', '2026-01-01 08:00:00+00', '2026-01-01 08:00:00+00'),
    ('hotel_demo_063', 'Kivu Suites & Spa', 'HOTEL', 'Huye', 'RW', 'Kivu Suites & Spa', 'map_hotel_demo_063', '2026-01-01 08:00:00+00', '2026-01-01 08:00:00+00'),
    ('hotel_demo_064', 'Kivu Conference Lodge', 'HOTEL', 'Rwamagana', 'RW', 'Kivu Conference Lodge', 'map_hotel_demo_064', '2026-01-01 08:00:00+00', '2026-01-01 08:00:00+00'),
    ('hotel_demo_065', 'Kivu Garden Residence', 'HOTEL', 'Nyagatare', 'RW', 'Kivu Garden Residence', 'map_hotel_demo_065', '2026-01-01 08:00:00+00', '2026-01-01 08:00:00+00'),
    ('hotel_demo_066', 'Kivu Panorama Hotel', 'HOTEL', 'Rusizi', 'RW', 'Kivu Panorama Hotel', 'map_hotel_demo_066', '2026-01-01 08:00:00+00', '2026-01-01 08:00:00+00'),
    ('hotel_demo_067', 'Kivu Boutique Stay', 'HOTEL', 'Karongi', 'RW', 'Kivu Boutique Stay', 'map_hotel_demo_067', '2026-01-01 08:00:00+00', '2026-01-01 08:00:00+00'),
    ('hotel_demo_068', 'Kivu Lake View Resort', 'HOTEL', 'Muhanga', 'RW', 'Kivu Lake View Resort', 'map_hotel_demo_068', '2026-01-01 08:00:00+00', '2026-01-01 08:00:00+00'),
    ('hotel_demo_069', 'Kivu Hilltop Manor', 'HOTEL', 'Kayonza', 'RW', 'Kivu Hilltop Manor', 'map_hotel_demo_069', '2026-01-01 08:00:00+00', '2026-01-01 08:00:00+00'),
    ('hotel_demo_070', 'Kivu Executive Inn', 'HOTEL', 'Kigali', 'RW', 'Kivu Executive Inn', 'map_hotel_demo_070', '2026-01-01 08:00:00+00', '2026-01-01 08:00:00+00'),
    ('hotel_demo_071', 'Milles Collines Heights Hotel', 'HOTEL', 'Musanze', 'RW', 'Milles Collines Heights Hotel', 'map_hotel_demo_071', '2026-01-01 08:00:00+00', '2026-01-01 08:00:00+00'),
    ('hotel_demo_072', 'Milles Collines Grand Retreat', 'HOTEL', 'Rubavu', 'RW', 'Milles Collines Grand Retreat', 'map_hotel_demo_072', '2026-01-01 08:00:00+00', '2026-01-01 08:00:00+00'),
    ('hotel_demo_073', 'Milles Collines Suites & Spa', 'HOTEL', 'Huye', 'RW', 'Milles Collines Suites & Spa', 'map_hotel_demo_073', '2026-01-01 08:00:00+00', '2026-01-01 08:00:00+00'),
    ('hotel_demo_074', 'Milles Collines Conference Lodge', 'HOTEL', 'Rwamagana', 'RW', 'Milles Collines Conference Lodge', 'map_hotel_demo_074', '2026-01-01 08:00:00+00', '2026-01-01 08:00:00+00'),
    ('hotel_demo_075', 'Milles Collines Garden Residence', 'HOTEL', 'Nyagatare', 'RW', 'Milles Collines Garden Residence', 'map_hotel_demo_075', '2026-01-01 08:00:00+00', '2026-01-01 08:00:00+00'),
    ('hotel_demo_076', 'Milles Collines Panorama Hotel', 'HOTEL', 'Rusizi', 'RW', 'Milles Collines Panorama Hotel', 'map_hotel_demo_076', '2026-01-01 08:00:00+00', '2026-01-01 08:00:00+00'),
    ('hotel_demo_077', 'Milles Collines Boutique Stay', 'HOTEL', 'Karongi', 'RW', 'Milles Collines Boutique Stay', 'map_hotel_demo_077', '2026-01-01 08:00:00+00', '2026-01-01 08:00:00+00'),
    ('hotel_demo_078', 'Milles Collines Lake View Resort', 'HOTEL', 'Muhanga', 'RW', 'Milles Collines Lake View Resort', 'map_hotel_demo_078', '2026-01-01 08:00:00+00', '2026-01-01 08:00:00+00'),
    ('hotel_demo_079', 'Milles Collines Hilltop Manor', 'HOTEL', 'Kayonza', 'RW', 'Milles Collines Hilltop Manor', 'map_hotel_demo_079', '2026-01-01 08:00:00+00', '2026-01-01 08:00:00+00'),
    ('hotel_demo_080', 'Milles Collines Executive Inn', 'HOTEL', 'Kigali', 'RW', 'Milles Collines Executive Inn', 'map_hotel_demo_080', '2026-01-01 08:00:00+00', '2026-01-01 08:00:00+00'),
    ('venue_demo_001', 'Kigali Convention Centre', 'WEDDING_VENUE', 'Musanze', 'RW', 'Kigali Convention Centre', NULL, '2026-02-01 09:00:00+00', '2026-02-01 09:00:00+00'),
    ('venue_demo_002', 'BK Arena', 'EVENT_SPACE', 'Rubavu', 'RW', 'BK Arena', NULL, '2026-02-01 09:00:00+00', '2026-02-01 09:00:00+00'),
    ('venue_demo_003', 'Intare Conference Arena', 'CONFERENCE_CENTER', 'Huye', 'RW', 'Intare Conference Arena', NULL, '2026-02-01 09:00:00+00', '2026-02-01 09:00:00+00'),
    ('venue_demo_004', 'Camp Kigali Grounds', 'WEDDING_VENUE', 'Kigali', 'RW', 'Camp Kigali Grounds', NULL, '2026-02-01 09:00:00+00', '2026-02-01 09:00:00+00'),
    ('venue_demo_005', 'Rebero Garden Venue', 'EVENT_SPACE', 'Musanze', 'RW', 'Rebero Garden Venue', NULL, '2026-02-01 09:00:00+00', '2026-02-01 09:00:00+00'),
    ('venue_demo_006', 'Norrsken House Kigali', 'CONFERENCE_CENTER', 'Rubavu', 'RW', 'Norrsken House Kigali', NULL, '2026-02-01 09:00:00+00', '2026-02-01 09:00:00+00'),
    ('venue_demo_007', 'Mundi Center', 'WEDDING_VENUE', 'Huye', 'RW', 'Mundi Center', NULL, '2026-02-01 09:00:00+00', '2026-02-01 09:00:00+00'),
    ('venue_demo_008', 'Kigali Cultural Village', 'EVENT_SPACE', 'Kigali', 'RW', 'Kigali Cultural Village', NULL, '2026-02-01 09:00:00+00', '2026-02-01 09:00:00+00'),
    ('venue_demo_009', 'Amahoro Garden Pavilion', 'CONFERENCE_CENTER', 'Musanze', 'RW', 'Amahoro Garden Pavilion', NULL, '2026-02-01 09:00:00+00', '2026-02-01 09:00:00+00'),
    ('venue_demo_010', 'Kivu Shore Terrace', 'WEDDING_VENUE', 'Rubavu', 'RW', 'Kivu Shore Terrace', NULL, '2026-02-01 09:00:00+00', '2026-02-01 09:00:00+00'),
    ('venue_demo_011', 'Virunga View Lawn', 'EVENT_SPACE', 'Huye', 'RW', 'Virunga View Lawn', NULL, '2026-02-01 09:00:00+00', '2026-02-01 09:00:00+00'),
    ('venue_demo_012', 'Nyungwe Banquet Hall', 'CONFERENCE_CENTER', 'Kigali', 'RW', 'Nyungwe Banquet Hall', NULL, '2026-02-01 09:00:00+00', '2026-02-01 09:00:00+00'),
    ('venue_demo_013', 'Paradisus Wedding Gardens', 'WEDDING_VENUE', 'Musanze', 'RW', 'Paradisus Wedding Gardens', NULL, '2026-02-01 09:00:00+00', '2026-02-01 09:00:00+00'),
    ('venue_demo_014', 'Umurinzi Grand Hall', 'EVENT_SPACE', 'Rubavu', 'RW', 'Umurinzi Grand Hall', NULL, '2026-02-01 09:00:00+00', '2026-02-01 09:00:00+00'),
    ('venue_demo_015', 'Sole Luna Rooftop Venue', 'CONFERENCE_CENTER', 'Huye', 'RW', 'Sole Luna Rooftop Venue', NULL, '2026-02-01 09:00:00+00', '2026-02-01 09:00:00+00'),
    ('venue_demo_016', 'The Manor Event Court', 'WEDDING_VENUE', 'Kigali', 'RW', 'The Manor Event Court', NULL, '2026-02-01 09:00:00+00', '2026-02-01 09:00:00+00'),
    ('venue_demo_017', 'Inganzo Celebration House', 'EVENT_SPACE', 'Musanze', 'RW', 'Inganzo Celebration House', NULL, '2026-02-01 09:00:00+00', '2026-02-01 09:00:00+00'),
    ('venue_demo_018', 'Zuri Conference Hall', 'CONFERENCE_CENTER', 'Rubavu', 'RW', 'Zuri Conference Hall', NULL, '2026-02-01 09:00:00+00', '2026-02-01 09:00:00+00'),
    ('venue_demo_019', 'Hilltop Ceremony Garden', 'WEDDING_VENUE', 'Huye', 'RW', 'Hilltop Ceremony Garden', NULL, '2026-02-01 09:00:00+00', '2026-02-01 09:00:00+00'),
    ('venue_demo_020', 'Riverside Reception Court', 'EVENT_SPACE', 'Kigali', 'RW', 'Riverside Reception Court', NULL, '2026-02-01 09:00:00+00', '2026-02-01 09:00:00+00'),
    ('venue_demo_021', 'Umuco Ballroom', 'CONFERENCE_CENTER', 'Musanze', 'RW', 'Umuco Ballroom', NULL, '2026-02-01 09:00:00+00', '2026-02-01 09:00:00+00'),
    ('venue_demo_022', 'Ishema Garden', 'WEDDING_VENUE', 'Rubavu', 'RW', 'Ishema Garden', NULL, '2026-02-01 09:00:00+00', '2026-02-01 09:00:00+00'),
    ('venue_demo_023', 'Amahoro Forum', 'EVENT_SPACE', 'Huye', 'RW', 'Amahoro Forum', NULL, '2026-02-01 09:00:00+00', '2026-02-01 09:00:00+00'),
    ('venue_demo_024', 'Urugano Terrace', 'CONFERENCE_CENTER', 'Kigali', 'RW', 'Urugano Terrace', NULL, '2026-02-01 09:00:00+00', '2026-02-01 09:00:00+00'),
    ('venue_demo_025', 'Virunga Pavilion', 'WEDDING_VENUE', 'Musanze', 'RW', 'Virunga Pavilion', NULL, '2026-02-01 09:00:00+00', '2026-02-01 09:00:00+00'),
    ('venue_demo_026', 'Ubumwe Ballroom', 'EVENT_SPACE', 'Rubavu', 'RW', 'Ubumwe Ballroom', NULL, '2026-02-01 09:00:00+00', '2026-02-01 09:00:00+00'),
    ('venue_demo_027', 'Imigongo Garden', 'CONFERENCE_CENTER', 'Huye', 'RW', 'Imigongo Garden', NULL, '2026-02-01 09:00:00+00', '2026-02-01 09:00:00+00'),
    ('venue_demo_028', 'Akagera Forum', 'WEDDING_VENUE', 'Kigali', 'RW', 'Akagera Forum', NULL, '2026-02-01 09:00:00+00', '2026-02-01 09:00:00+00'),
    ('venue_demo_029', 'Inzovu Terrace', 'EVENT_SPACE', 'Musanze', 'RW', 'Inzovu Terrace', NULL, '2026-02-01 09:00:00+00', '2026-02-01 09:00:00+00'),
    ('venue_demo_030', 'Nyungwe Pavilion', 'CONFERENCE_CENTER', 'Rubavu', 'RW', 'Nyungwe Pavilion', NULL, '2026-02-01 09:00:00+00', '2026-02-01 09:00:00+00'),
    ('venue_demo_031', 'Kivu Ballroom', 'WEDDING_VENUE', 'Huye', 'RW', 'Kivu Ballroom', NULL, '2026-02-01 09:00:00+00', '2026-02-01 09:00:00+00'),
    ('venue_demo_032', 'Milles Collines Garden', 'EVENT_SPACE', 'Kigali', 'RW', 'Milles Collines Garden', NULL, '2026-02-01 09:00:00+00', '2026-02-01 09:00:00+00'),
    ('venue_demo_033', 'Umuco Forum', 'CONFERENCE_CENTER', 'Musanze', 'RW', 'Umuco Forum', NULL, '2026-02-01 09:00:00+00', '2026-02-01 09:00:00+00'),
    ('venue_demo_034', 'Ishema Terrace', 'WEDDING_VENUE', 'Rubavu', 'RW', 'Ishema Terrace', NULL, '2026-02-01 09:00:00+00', '2026-02-01 09:00:00+00'),
    ('venue_demo_035', 'Amahoro Pavilion', 'EVENT_SPACE', 'Huye', 'RW', 'Amahoro Pavilion', NULL, '2026-02-01 09:00:00+00', '2026-02-01 09:00:00+00'),
    ('venue_demo_036', 'Urugano Ballroom', 'CONFERENCE_CENTER', 'Kigali', 'RW', 'Urugano Ballroom', NULL, '2026-02-01 09:00:00+00', '2026-02-01 09:00:00+00'),
    ('venue_demo_037', 'Virunga Garden', 'WEDDING_VENUE', 'Musanze', 'RW', 'Virunga Garden', NULL, '2026-02-01 09:00:00+00', '2026-02-01 09:00:00+00'),
    ('venue_demo_038', 'Ubumwe Forum', 'EVENT_SPACE', 'Rubavu', 'RW', 'Ubumwe Forum', NULL, '2026-02-01 09:00:00+00', '2026-02-01 09:00:00+00'),
    ('venue_demo_039', 'Imigongo Terrace', 'CONFERENCE_CENTER', 'Huye', 'RW', 'Imigongo Terrace', NULL, '2026-02-01 09:00:00+00', '2026-02-01 09:00:00+00'),
    ('venue_demo_040', 'Akagera Pavilion', 'WEDDING_VENUE', 'Kigali', 'RW', 'Akagera Pavilion', NULL, '2026-02-01 09:00:00+00', '2026-02-01 09:00:00+00'),
    ('venue_demo_041', 'Inzovu Ballroom', 'EVENT_SPACE', 'Musanze', 'RW', 'Inzovu Ballroom', NULL, '2026-02-01 09:00:00+00', '2026-02-01 09:00:00+00'),
    ('venue_demo_042', 'Nyungwe Garden', 'CONFERENCE_CENTER', 'Rubavu', 'RW', 'Nyungwe Garden', NULL, '2026-02-01 09:00:00+00', '2026-02-01 09:00:00+00'),
    ('venue_demo_043', 'Kivu Forum', 'WEDDING_VENUE', 'Huye', 'RW', 'Kivu Forum', NULL, '2026-02-01 09:00:00+00', '2026-02-01 09:00:00+00'),
    ('venue_demo_044', 'Milles Collines Terrace', 'EVENT_SPACE', 'Kigali', 'RW', 'Milles Collines Terrace', NULL, '2026-02-01 09:00:00+00', '2026-02-01 09:00:00+00'),
    ('venue_demo_045', 'Umuco Pavilion', 'CONFERENCE_CENTER', 'Musanze', 'RW', 'Umuco Pavilion', NULL, '2026-02-01 09:00:00+00', '2026-02-01 09:00:00+00'),
    ('venue_demo_046', 'Ishema Ballroom', 'WEDDING_VENUE', 'Rubavu', 'RW', 'Ishema Ballroom', NULL, '2026-02-01 09:00:00+00', '2026-02-01 09:00:00+00'),
    ('venue_demo_047', 'Amahoro Garden', 'EVENT_SPACE', 'Huye', 'RW', 'Amahoro Garden', NULL, '2026-02-01 09:00:00+00', '2026-02-01 09:00:00+00'),
    ('venue_demo_048', 'Urugano Forum', 'CONFERENCE_CENTER', 'Kigali', 'RW', 'Urugano Forum', NULL, '2026-02-01 09:00:00+00', '2026-02-01 09:00:00+00'),
    ('venue_demo_049', 'Virunga Terrace', 'WEDDING_VENUE', 'Musanze', 'RW', 'Virunga Terrace', NULL, '2026-02-01 09:00:00+00', '2026-02-01 09:00:00+00'),
    ('venue_demo_050', 'Ubumwe Pavilion', 'EVENT_SPACE', 'Rubavu', 'RW', 'Ubumwe Pavilion', NULL, '2026-02-01 09:00:00+00', '2026-02-01 09:00:00+00'),
    ('venue_demo_051', 'Imigongo Ballroom', 'CONFERENCE_CENTER', 'Huye', 'RW', 'Imigongo Ballroom', NULL, '2026-02-01 09:00:00+00', '2026-02-01 09:00:00+00'),
    ('venue_demo_052', 'Akagera Garden', 'WEDDING_VENUE', 'Kigali', 'RW', 'Akagera Garden', NULL, '2026-02-01 09:00:00+00', '2026-02-01 09:00:00+00'),
    ('venue_demo_053', 'Inzovu Forum', 'EVENT_SPACE', 'Musanze', 'RW', 'Inzovu Forum', NULL, '2026-02-01 09:00:00+00', '2026-02-01 09:00:00+00'),
    ('venue_demo_054', 'Nyungwe Terrace', 'CONFERENCE_CENTER', 'Rubavu', 'RW', 'Nyungwe Terrace', NULL, '2026-02-01 09:00:00+00', '2026-02-01 09:00:00+00'),
    ('venue_demo_055', 'Kivu Pavilion', 'WEDDING_VENUE', 'Huye', 'RW', 'Kivu Pavilion', NULL, '2026-02-01 09:00:00+00', '2026-02-01 09:00:00+00'),
    ('venue_demo_056', 'Milles Collines Ballroom', 'EVENT_SPACE', 'Kigali', 'RW', 'Milles Collines Ballroom', NULL, '2026-02-01 09:00:00+00', '2026-02-01 09:00:00+00'),
    ('venue_demo_057', 'Umuco Garden', 'CONFERENCE_CENTER', 'Musanze', 'RW', 'Umuco Garden', NULL, '2026-02-01 09:00:00+00', '2026-02-01 09:00:00+00'),
    ('venue_demo_058', 'Ishema Forum', 'WEDDING_VENUE', 'Rubavu', 'RW', 'Ishema Forum', NULL, '2026-02-01 09:00:00+00', '2026-02-01 09:00:00+00'),
    ('venue_demo_059', 'Amahoro Terrace', 'EVENT_SPACE', 'Huye', 'RW', 'Amahoro Terrace', NULL, '2026-02-01 09:00:00+00', '2026-02-01 09:00:00+00'),
    ('venue_demo_060', 'Urugano Pavilion', 'CONFERENCE_CENTER', 'Kigali', 'RW', 'Urugano Pavilion', NULL, '2026-02-01 09:00:00+00', '2026-02-01 09:00:00+00'),
    ('venue_demo_061', 'Virunga Ballroom', 'WEDDING_VENUE', 'Musanze', 'RW', 'Virunga Ballroom', NULL, '2026-02-01 09:00:00+00', '2026-02-01 09:00:00+00'),
    ('venue_demo_062', 'Ubumwe Garden', 'EVENT_SPACE', 'Rubavu', 'RW', 'Ubumwe Garden', NULL, '2026-02-01 09:00:00+00', '2026-02-01 09:00:00+00'),
    ('venue_demo_063', 'Imigongo Forum', 'CONFERENCE_CENTER', 'Huye', 'RW', 'Imigongo Forum', NULL, '2026-02-01 09:00:00+00', '2026-02-01 09:00:00+00'),
    ('venue_demo_064', 'Akagera Terrace', 'WEDDING_VENUE', 'Kigali', 'RW', 'Akagera Terrace', NULL, '2026-02-01 09:00:00+00', '2026-02-01 09:00:00+00'),
    ('venue_demo_065', 'Inzovu Pavilion', 'EVENT_SPACE', 'Musanze', 'RW', 'Inzovu Pavilion', NULL, '2026-02-01 09:00:00+00', '2026-02-01 09:00:00+00'),
    ('venue_demo_066', 'Nyungwe Ballroom', 'CONFERENCE_CENTER', 'Rubavu', 'RW', 'Nyungwe Ballroom', NULL, '2026-02-01 09:00:00+00', '2026-02-01 09:00:00+00'),
    ('venue_demo_067', 'Kivu Garden', 'WEDDING_VENUE', 'Huye', 'RW', 'Kivu Garden', NULL, '2026-02-01 09:00:00+00', '2026-02-01 09:00:00+00'),
    ('venue_demo_068', 'Milles Collines Forum', 'EVENT_SPACE', 'Kigali', 'RW', 'Milles Collines Forum', NULL, '2026-02-01 09:00:00+00', '2026-02-01 09:00:00+00'),
    ('venue_demo_069', 'Umuco Terrace', 'CONFERENCE_CENTER', 'Musanze', 'RW', 'Umuco Terrace', NULL, '2026-02-01 09:00:00+00', '2026-02-01 09:00:00+00'),
    ('venue_demo_070', 'Ishema Pavilion', 'WEDDING_VENUE', 'Rubavu', 'RW', 'Ishema Pavilion', NULL, '2026-02-01 09:00:00+00', '2026-02-01 09:00:00+00'),
    ('venue_demo_071', 'Amahoro Ballroom', 'EVENT_SPACE', 'Huye', 'RW', 'Amahoro Ballroom', NULL, '2026-02-01 09:00:00+00', '2026-02-01 09:00:00+00'),
    ('venue_demo_072', 'Urugano Garden', 'CONFERENCE_CENTER', 'Kigali', 'RW', 'Urugano Garden', NULL, '2026-02-01 09:00:00+00', '2026-02-01 09:00:00+00'),
    ('venue_demo_073', 'Virunga Forum', 'WEDDING_VENUE', 'Musanze', 'RW', 'Virunga Forum', NULL, '2026-02-01 09:00:00+00', '2026-02-01 09:00:00+00'),
    ('venue_demo_074', 'Ubumwe Terrace', 'EVENT_SPACE', 'Rubavu', 'RW', 'Ubumwe Terrace', NULL, '2026-02-01 09:00:00+00', '2026-02-01 09:00:00+00'),
    ('venue_demo_075', 'Imigongo Pavilion', 'CONFERENCE_CENTER', 'Huye', 'RW', 'Imigongo Pavilion', NULL, '2026-02-01 09:00:00+00', '2026-02-01 09:00:00+00'),
    ('venue_demo_076', 'Akagera Ballroom', 'WEDDING_VENUE', 'Kigali', 'RW', 'Akagera Ballroom', NULL, '2026-02-01 09:00:00+00', '2026-02-01 09:00:00+00'),
    ('venue_demo_077', 'Inzovu Garden', 'EVENT_SPACE', 'Musanze', 'RW', 'Inzovu Garden', NULL, '2026-02-01 09:00:00+00', '2026-02-01 09:00:00+00'),
    ('venue_demo_078', 'Nyungwe Forum', 'CONFERENCE_CENTER', 'Rubavu', 'RW', 'Nyungwe Forum', NULL, '2026-02-01 09:00:00+00', '2026-02-01 09:00:00+00'),
    ('venue_demo_079', 'Kivu Terrace', 'WEDDING_VENUE', 'Huye', 'RW', 'Kivu Terrace', NULL, '2026-02-01 09:00:00+00', '2026-02-01 09:00:00+00'),
    ('venue_demo_080', 'Milles Collines Pavilion', 'EVENT_SPACE', 'Kigali', 'RW', 'Milles Collines Pavilion', NULL, '2026-02-01 09:00:00+00', '2026-02-01 09:00:00+00'),
    ('venue_demo_081', 'Umuco Ballroom', 'CONFERENCE_CENTER', 'Musanze', 'RW', 'Umuco Ballroom', NULL, '2026-02-01 09:00:00+00', '2026-02-01 09:00:00+00'),
    ('venue_demo_082', 'Ishema Garden', 'WEDDING_VENUE', 'Rubavu', 'RW', 'Ishema Garden', NULL, '2026-02-01 09:00:00+00', '2026-02-01 09:00:00+00'),
    ('venue_demo_083', 'Amahoro Forum', 'EVENT_SPACE', 'Huye', 'RW', 'Amahoro Forum', NULL, '2026-02-01 09:00:00+00', '2026-02-01 09:00:00+00'),
    ('venue_demo_084', 'Urugano Terrace', 'CONFERENCE_CENTER', 'Kigali', 'RW', 'Urugano Terrace', NULL, '2026-02-01 09:00:00+00', '2026-02-01 09:00:00+00'),
    ('venue_demo_085', 'Virunga Pavilion', 'WEDDING_VENUE', 'Musanze', 'RW', 'Virunga Pavilion', NULL, '2026-02-01 09:00:00+00', '2026-02-01 09:00:00+00'),
    ('venue_demo_086', 'Ubumwe Ballroom', 'EVENT_SPACE', 'Rubavu', 'RW', 'Ubumwe Ballroom', NULL, '2026-02-01 09:00:00+00', '2026-02-01 09:00:00+00'),
    ('venue_demo_087', 'Imigongo Garden', 'CONFERENCE_CENTER', 'Huye', 'RW', 'Imigongo Garden', NULL, '2026-02-01 09:00:00+00', '2026-02-01 09:00:00+00'),
    ('venue_demo_088', 'Akagera Forum', 'WEDDING_VENUE', 'Kigali', 'RW', 'Akagera Forum', NULL, '2026-02-01 09:00:00+00', '2026-02-01 09:00:00+00'),
    ('venue_demo_089', 'Inzovu Terrace', 'EVENT_SPACE', 'Musanze', 'RW', 'Inzovu Terrace', NULL, '2026-02-01 09:00:00+00', '2026-02-01 09:00:00+00'),
    ('venue_demo_090', 'Nyungwe Pavilion', 'CONFERENCE_CENTER', 'Rubavu', 'RW', 'Nyungwe Pavilion', NULL, '2026-02-01 09:00:00+00', '2026-02-01 09:00:00+00'),
    ('venue_demo_091', 'Kivu Ballroom', 'WEDDING_VENUE', 'Huye', 'RW', 'Kivu Ballroom', NULL, '2026-02-01 09:00:00+00', '2026-02-01 09:00:00+00'),
    ('venue_demo_092', 'Milles Collines Garden', 'EVENT_SPACE', 'Kigali', 'RW', 'Milles Collines Garden', NULL, '2026-02-01 09:00:00+00', '2026-02-01 09:00:00+00'),
    ('venue_demo_093', 'Umuco Forum', 'CONFERENCE_CENTER', 'Musanze', 'RW', 'Umuco Forum', NULL, '2026-02-01 09:00:00+00', '2026-02-01 09:00:00+00'),
    ('venue_demo_094', 'Ishema Terrace', 'WEDDING_VENUE', 'Rubavu', 'RW', 'Ishema Terrace', NULL, '2026-02-01 09:00:00+00', '2026-02-01 09:00:00+00'),
    ('venue_demo_095', 'Amahoro Pavilion', 'EVENT_SPACE', 'Huye', 'RW', 'Amahoro Pavilion', NULL, '2026-02-01 09:00:00+00', '2026-02-01 09:00:00+00'),
    ('venue_demo_096', 'Urugano Ballroom', 'CONFERENCE_CENTER', 'Kigali', 'RW', 'Urugano Ballroom', NULL, '2026-02-01 09:00:00+00', '2026-02-01 09:00:00+00'),
    ('venue_demo_097', 'Virunga Garden', 'WEDDING_VENUE', 'Musanze', 'RW', 'Virunga Garden', NULL, '2026-02-01 09:00:00+00', '2026-02-01 09:00:00+00'),
    ('venue_demo_098', 'Ubumwe Forum', 'EVENT_SPACE', 'Rubavu', 'RW', 'Ubumwe Forum', NULL, '2026-02-01 09:00:00+00', '2026-02-01 09:00:00+00'),
    ('venue_demo_099', 'Imigongo Terrace', 'CONFERENCE_CENTER', 'Huye', 'RW', 'Imigongo Terrace', NULL, '2026-02-01 09:00:00+00', '2026-02-01 09:00:00+00'),
    ('venue_demo_100', 'Akagera Pavilion', 'WEDDING_VENUE', 'Kigali', 'RW', 'Akagera Pavilion', NULL, '2026-02-01 09:00:00+00', '2026-02-01 09:00:00+00');

INSERT INTO hotels (id, slug, market, timezone_id, display_name, primary_hex, secondary_hex, accent_hex, surface_hex, background_hex, logo_asset, wordmark_asset, heading_scale, body_scale, label_scale, supported_locales, default_currency_code, active_experiences) VALUES
    ('rw-kgl-marriott', 'kigali-marriott', 'LUXURY_HOTEL', 'Africa/Kigali', 'Kigali Marriott', '#2F6970', '#B4874F', '#D8C6A3', '#FCF8F1', '#F3EEE5', 'k_logo.svg', 'k_logo.svg', 1.0, 1.0, 0.96, ARRAY['en', 'fr', 'rw']::TEXT[], 'RWF', ARRAY['STAY', 'EVENT', 'EXPLORE', 'SERVICE_REQUESTS']::TEXT[]),
    ('hotel_serena', 'kigali-serena', 'LUXURY_HOTEL', 'Africa/Kigali', 'Kigali Serena Hotel', '#274C4F', '#A77B42', '#D9C7A6', '#FCF8F1', '#F3EEE5', 'k_logo.svg', 'k_logo.svg', 1.0, 1.0, 0.96, ARRAY['en', 'fr', 'rw']::TEXT[], 'RWF', ARRAY['STAY', 'EVENT', 'EXPLORE', 'SERVICE_REQUESTS']::TEXT[]),
    ('hotel_radisson_blu', 'radisson-blu-kigali', 'BUSINESS_HOTEL', 'Africa/Kigali', 'Radisson Blu Hotel & Convention Centre, Kigali', '#203A56', '#C8A25A', '#D8D8D0', '#FCF8F1', '#F3EEE5', 'k_logo.svg', 'k_logo.svg', 1.0, 1.0, 0.96, ARRAY['en', 'fr', 'rw']::TEXT[], 'RWF', ARRAY['STAY', 'EVENT', 'EXPLORE', 'SERVICE_REQUESTS']::TEXT[]),
    ('hotel_four_points', 'four-points-kigali', 'BUSINESS_HOTEL', 'Africa/Kigali', 'Four Points by Sheraton Kigali', '#34495E', '#B58A55', '#D9CFBF', '#FCF8F1', '#F3EEE5', 'k_logo.svg', 'k_logo.svg', 1.0, 1.0, 0.96, ARRAY['en', 'fr', 'rw']::TEXT[], 'RWF', ARRAY['STAY', 'EVENT', 'EXPLORE', 'SERVICE_REQUESTS']::TEXT[]),
    ('hotel_mille_collines', 'hotel-des-mille-collines', 'BOUTIQUE_HOTEL', 'Africa/Kigali', 'Hôtel des Mille Collines', '#5A3E36', '#B68B5B', '#E6D2BF', '#FCF8F1', '#F3EEE5', 'k_logo.svg', 'k_logo.svg', 1.0, 1.0, 0.96, ARRAY['en', 'fr', 'rw']::TEXT[], 'RWF', ARRAY['STAY', 'EVENT', 'EXPLORE', 'SERVICE_REQUESTS']::TEXT[]),
    ('hotel_the_retreat', 'the-retreat-kigali', 'BOUTIQUE_HOTEL', 'Africa/Kigali', 'The Retreat by Heaven', '#48624B', '#A8834E', '#D8D6C5', '#FCF8F1', '#F3EEE5', 'k_logo.svg', 'k_logo.svg', 1.0, 1.0, 0.96, ARRAY['en', 'fr', 'rw']::TEXT[], 'RWF', ARRAY['STAY', 'EVENT', 'EXPLORE', 'SERVICE_REQUESTS']::TEXT[]),
    ('hotel_park_inn', 'park-inn-kigali', 'BUSINESS_HOTEL', 'Africa/Kigali', 'Park Inn by Radisson Kigali', '#4B5F2A', '#A88943', '#DAD9C8', '#FCF8F1', '#F3EEE5', 'k_logo.svg', 'k_logo.svg', 1.0, 1.0, 0.96, ARRAY['en', 'fr', 'rw']::TEXT[], 'RWF', ARRAY['STAY', 'EVENT', 'EXPLORE', 'SERVICE_REQUESTS']::TEXT[]),
    ('hotel_lemigo', 'lemigo-hotel', 'BUSINESS_HOTEL', 'Africa/Kigali', 'Lemigo Hotel', '#3E4D5C', '#BB8B48', '#DDD3C4', '#FCF8F1', '#F3EEE5', 'k_logo.svg', 'k_logo.svg', 1.0, 1.0, 0.96, ARRAY['en', 'fr', 'rw']::TEXT[], 'RWF', ARRAY['STAY', 'EVENT', 'EXPLORE', 'SERVICE_REQUESTS']::TEXT[]),
    ('hotel_urban_city', 'urban-city-blue', 'BOUTIQUE_HOTEL', 'Africa/Kigali', 'Urban by CityBlue Kigali', '#2B4B63', '#B67F46', '#D7CEC2', '#FCF8F1', '#F3EEE5', 'k_logo.svg', 'k_logo.svg', 1.0, 1.0, 0.96, ARRAY['en', 'fr', 'rw']::TEXT[], 'RWF', ARRAY['STAY', 'EVENT', 'EXPLORE', 'SERVICE_REQUESTS']::TEXT[]),
    ('hotel_gorillas_nest', 'gorillas-nest', 'RESORT', 'Africa/Kigali', 'One&Only Gorillas Nest', '#355246', '#9B7A45', '#D9D1C3', '#FCF8F1', '#F3EEE5', 'k_logo.svg', 'k_logo.svg', 1.0, 1.0, 0.96, ARRAY['en', 'fr', 'rw']::TEXT[], 'RWF', ARRAY['STAY', 'EVENT', 'EXPLORE', 'SERVICE_REQUESTS']::TEXT[]),
    ('hotel_bisate', 'bisate-lodge', 'RESORT', 'Africa/Kigali', 'Bisate Lodge', '#4F5F3C', '#A47E4A', '#D7D0BE', '#FCF8F1', '#F3EEE5', 'k_logo.svg', 'k_logo.svg', 1.0, 1.0, 0.96, ARRAY['en', 'fr', 'rw']::TEXT[], 'RWF', ARRAY['STAY', 'EVENT', 'EXPLORE', 'SERVICE_REQUESTS']::TEXT[]),
    ('hotel_singita', 'singita-kwitonda', 'RESORT', 'Africa/Kigali', 'Singita Kwitonda Lodge', '#405445', '#A78656', '#D9D2C8', '#FCF8F1', '#F3EEE5', 'k_logo.svg', 'k_logo.svg', 1.0, 1.0, 0.96, ARRAY['en', 'fr', 'rw']::TEXT[], 'RWF', ARRAY['STAY', 'EVENT', 'EXPLORE', 'SERVICE_REQUESTS']::TEXT[]),
    ('hotel_ingagi', 'ingagi-park-view', 'BOUTIQUE_HOTEL', 'Africa/Kigali', 'Ingagi Park View Lodge', '#50614B', '#AD8554', '#DAD2C5', '#FCF8F1', '#F3EEE5', 'k_logo.svg', 'k_logo.svg', 1.0, 1.0, 0.96, ARRAY['en', 'fr', 'rw']::TEXT[], 'RWF', ARRAY['STAY', 'EVENT', 'EXPLORE', 'SERVICE_REQUESTS']::TEXT[]),
    ('hotel_kivu_serena', 'kivu-serena', 'RESORT', 'Africa/Kigali', 'Kivu Serena Hotel', '#355C7D', '#B08A54', '#DAD0C0', '#FCF8F1', '#F3EEE5', 'k_logo.svg', 'k_logo.svg', 1.0, 1.0, 0.96, ARRAY['en', 'fr', 'rw']::TEXT[], 'RWF', ARRAY['STAY', 'EVENT', 'EXPLORE', 'SERVICE_REQUESTS']::TEXT[]),
    ('hotel_cormoran', 'cormoran-lodge', 'RESORT', 'Africa/Kigali', 'Cormoran Lodge', '#4E6A71', '#B7925F', '#DED6CA', '#FCF8F1', '#F3EEE5', 'k_logo.svg', 'k_logo.svg', 1.0, 1.0, 0.96, ARRAY['en', 'fr', 'rw']::TEXT[], 'RWF', ARRAY['STAY', 'EVENT', 'EXPLORE', 'SERVICE_REQUESTS']::TEXT[]),
    ('hotel_palm_beach', 'palm-beach-resort', 'RESORT', 'Africa/Kigali', 'Palm Beach Resort', '#497A7C', '#B78F53', '#DCD4C7', '#FCF8F1', '#F3EEE5', 'k_logo.svg', 'k_logo.svg', 1.0, 1.0, 0.96, ARRAY['en', 'fr', 'rw']::TEXT[], 'RWF', ARRAY['STAY', 'EVENT', 'EXPLORE', 'SERVICE_REQUESTS']::TEXT[]),
    ('hotel_moriah_hill', 'moriah-hill', 'RESORT', 'Africa/Kigali', 'Moriah Hill Resort', '#5B6A44', '#A9874E', '#D8D1C3', '#FCF8F1', '#F3EEE5', 'k_logo.svg', 'k_logo.svg', 1.0, 1.0, 0.96, ARRAY['en', 'fr', 'rw']::TEXT[], 'RWF', ARRAY['STAY', 'EVENT', 'EXPLORE', 'SERVICE_REQUESTS']::TEXT[]),
    ('hotel_hill_view', 'hill-view-huye', 'BOUTIQUE_HOTEL', 'Africa/Kigali', 'Huye Hill View Hotel', '#485A63', '#A67E4D', '#D6CEC0', '#FCF8F1', '#F3EEE5', 'k_logo.svg', 'k_logo.svg', 1.0, 1.0, 0.96, ARRAY['en', 'fr', 'rw']::TEXT[], 'RWF', ARRAY['STAY', 'EVENT', 'EXPLORE', 'SERVICE_REQUESTS']::TEXT[]),
    ('hotel_kitabi', 'kitabi-eco-center', 'RESORT', 'Africa/Kigali', 'Kitabi EcoCenter', '#46624C', '#9F7A4D', '#D5D0C6', '#FCF8F1', '#F3EEE5', 'k_logo.svg', 'k_logo.svg', 1.0, 1.0, 0.96, ARRAY['en', 'fr', 'rw']::TEXT[], 'RWF', ARRAY['STAY', 'EVENT', 'EXPLORE', 'SERVICE_REQUESTS']::TEXT[]),
    ('hotel_akagera', 'akagera-transit-lodge', 'RESORT', 'Africa/Kigali', 'Akagera Transit Lodge', '#6B5F3F', '#B28A4C', '#DDD3C2', '#FCF8F1', '#F3EEE5', 'k_logo.svg', 'k_logo.svg', 1.0, 1.0, 0.96, ARRAY['en', 'fr', 'rw']::TEXT[], 'RWF', ARRAY['STAY', 'EVENT', 'EXPLORE', 'SERVICE_REQUESTS']::TEXT[]),
    ('hotel_demo_001', 'virunga-heights-hotel', 'BUSINESS_HOTEL', 'Africa/Kigali', 'Virunga Heights Hotel', '#355C7D', '#C79A52', '#E3D5B8', '#FCF8F1', '#F3EEE5', 'k_logo.svg', 'k_logo.svg', 1.0, 1.0, 0.96, ARRAY['en', 'fr', 'rw']::TEXT[], 'RWF', ARRAY['STAY', 'EVENT', 'EXPLORE', 'SERVICE_REQUESTS']::TEXT[]),
    ('hotel_demo_002', 'virunga-grand-retreat', 'RESORT', 'Africa/Kigali', 'Virunga Grand Retreat', '#44624A', '#A88B57', '#C9D8C0', '#FCF8F1', '#F3EEE5', 'k_logo.svg', 'k_logo.svg', 1.0, 1.0, 0.96, ARRAY['en', 'fr', 'rw']::TEXT[], 'RWF', ARRAY['STAY', 'EVENT', 'EXPLORE', 'SERVICE_REQUESTS']::TEXT[]),
    ('hotel_demo_003', 'virunga-suites-and-spa', 'BOUTIQUE_HOTEL', 'Africa/Kigali', 'Virunga Suites & Spa', '#5C4B51', '#C7A26B', '#E0D3C0', '#FCF8F1', '#F3EEE5', 'k_logo.svg', 'k_logo.svg', 1.0, 1.0, 0.96, ARRAY['en', 'fr', 'rw']::TEXT[], 'RWF', ARRAY['STAY', 'EVENT', 'EXPLORE', 'SERVICE_REQUESTS']::TEXT[]),
    ('hotel_demo_004', 'virunga-conference-lodge', 'BUSINESS_HOTEL', 'Africa/Kigali', 'Virunga Conference Lodge', '#2F6970', '#B4874F', '#D8C6A3', '#FCF8F1', '#F3EEE5', 'k_logo.svg', 'k_logo.svg', 1.0, 1.0, 0.96, ARRAY['en', 'fr', 'rw']::TEXT[], 'RWF', ARRAY['STAY', 'EVENT', 'EXPLORE', 'SERVICE_REQUESTS']::TEXT[]),
    ('hotel_demo_005', 'virunga-garden-residence', 'RESORT', 'Africa/Kigali', 'Virunga Garden Residence', '#355C7D', '#C79A52', '#E3D5B8', '#FCF8F1', '#F3EEE5', 'k_logo.svg', 'k_logo.svg', 1.0, 1.0, 0.96, ARRAY['en', 'fr', 'rw']::TEXT[], 'RWF', ARRAY['STAY', 'EVENT', 'EXPLORE', 'SERVICE_REQUESTS']::TEXT[]),
    ('hotel_demo_006', 'virunga-panorama-hotel', 'BOUTIQUE_HOTEL', 'Africa/Kigali', 'Virunga Panorama Hotel', '#44624A', '#A88B57', '#C9D8C0', '#FCF8F1', '#F3EEE5', 'k_logo.svg', 'k_logo.svg', 1.0, 1.0, 0.96, ARRAY['en', 'fr', 'rw']::TEXT[], 'RWF', ARRAY['STAY', 'EVENT', 'EXPLORE', 'SERVICE_REQUESTS']::TEXT[]),
    ('hotel_demo_007', 'virunga-boutique-stay', 'BUSINESS_HOTEL', 'Africa/Kigali', 'Virunga Boutique Stay', '#5C4B51', '#C7A26B', '#E0D3C0', '#FCF8F1', '#F3EEE5', 'k_logo.svg', 'k_logo.svg', 1.0, 1.0, 0.96, ARRAY['en', 'fr', 'rw']::TEXT[], 'RWF', ARRAY['STAY', 'EVENT', 'EXPLORE', 'SERVICE_REQUESTS']::TEXT[]),
    ('hotel_demo_008', 'virunga-lake-view-resort', 'RESORT', 'Africa/Kigali', 'Virunga Lake View Resort', '#2F6970', '#B4874F', '#D8C6A3', '#FCF8F1', '#F3EEE5', 'k_logo.svg', 'k_logo.svg', 1.0, 1.0, 0.96, ARRAY['en', 'fr', 'rw']::TEXT[], 'RWF', ARRAY['STAY', 'EVENT', 'EXPLORE', 'SERVICE_REQUESTS']::TEXT[]),
    ('hotel_demo_009', 'virunga-hilltop-manor', 'BOUTIQUE_HOTEL', 'Africa/Kigali', 'Virunga Hilltop Manor', '#355C7D', '#C79A52', '#E3D5B8', '#FCF8F1', '#F3EEE5', 'k_logo.svg', 'k_logo.svg', 1.0, 1.0, 0.96, ARRAY['en', 'fr', 'rw']::TEXT[], 'RWF', ARRAY['STAY', 'EVENT', 'EXPLORE', 'SERVICE_REQUESTS']::TEXT[]),
    ('hotel_demo_010', 'virunga-executive-inn', 'BUSINESS_HOTEL', 'Africa/Kigali', 'Virunga Executive Inn', '#44624A', '#A88B57', '#C9D8C0', '#FCF8F1', '#F3EEE5', 'k_logo.svg', 'k_logo.svg', 1.0, 1.0, 0.96, ARRAY['en', 'fr', 'rw']::TEXT[], 'RWF', ARRAY['STAY', 'EVENT', 'EXPLORE', 'SERVICE_REQUESTS']::TEXT[]),
    ('hotel_demo_011', 'ubumwe-heights-hotel', 'RESORT', 'Africa/Kigali', 'Ubumwe Heights Hotel', '#5C4B51', '#C7A26B', '#E0D3C0', '#FCF8F1', '#F3EEE5', 'k_logo.svg', 'k_logo.svg', 1.0, 1.0, 0.96, ARRAY['en', 'fr', 'rw']::TEXT[], 'RWF', ARRAY['STAY', 'EVENT', 'EXPLORE', 'SERVICE_REQUESTS']::TEXT[]),
    ('hotel_demo_012', 'ubumwe-grand-retreat', 'BOUTIQUE_HOTEL', 'Africa/Kigali', 'Ubumwe Grand Retreat', '#2F6970', '#B4874F', '#D8C6A3', '#FCF8F1', '#F3EEE5', 'k_logo.svg', 'k_logo.svg', 1.0, 1.0, 0.96, ARRAY['en', 'fr', 'rw']::TEXT[], 'RWF', ARRAY['STAY', 'EVENT', 'EXPLORE', 'SERVICE_REQUESTS']::TEXT[]),
    ('hotel_demo_013', 'ubumwe-suites-and-spa', 'BUSINESS_HOTEL', 'Africa/Kigali', 'Ubumwe Suites & Spa', '#355C7D', '#C79A52', '#E3D5B8', '#FCF8F1', '#F3EEE5', 'k_logo.svg', 'k_logo.svg', 1.0, 1.0, 0.96, ARRAY['en', 'fr', 'rw']::TEXT[], 'RWF', ARRAY['STAY', 'EVENT', 'EXPLORE', 'SERVICE_REQUESTS']::TEXT[]),
    ('hotel_demo_014', 'ubumwe-conference-lodge', 'RESORT', 'Africa/Kigali', 'Ubumwe Conference Lodge', '#44624A', '#A88B57', '#C9D8C0', '#FCF8F1', '#F3EEE5', 'k_logo.svg', 'k_logo.svg', 1.0, 1.0, 0.96, ARRAY['en', 'fr', 'rw']::TEXT[], 'RWF', ARRAY['STAY', 'EVENT', 'EXPLORE', 'SERVICE_REQUESTS']::TEXT[]),
    ('hotel_demo_015', 'ubumwe-garden-residence', 'BOUTIQUE_HOTEL', 'Africa/Kigali', 'Ubumwe Garden Residence', '#5C4B51', '#C7A26B', '#E0D3C0', '#FCF8F1', '#F3EEE5', 'k_logo.svg', 'k_logo.svg', 1.0, 1.0, 0.96, ARRAY['en', 'fr', 'rw']::TEXT[], 'RWF', ARRAY['STAY', 'EVENT', 'EXPLORE', 'SERVICE_REQUESTS']::TEXT[]),
    ('hotel_demo_016', 'ubumwe-panorama-hotel', 'BUSINESS_HOTEL', 'Africa/Kigali', 'Ubumwe Panorama Hotel', '#2F6970', '#B4874F', '#D8C6A3', '#FCF8F1', '#F3EEE5', 'k_logo.svg', 'k_logo.svg', 1.0, 1.0, 0.96, ARRAY['en', 'fr', 'rw']::TEXT[], 'RWF', ARRAY['STAY', 'EVENT', 'EXPLORE', 'SERVICE_REQUESTS']::TEXT[]),
    ('hotel_demo_017', 'ubumwe-boutique-stay', 'RESORT', 'Africa/Kigali', 'Ubumwe Boutique Stay', '#355C7D', '#C79A52', '#E3D5B8', '#FCF8F1', '#F3EEE5', 'k_logo.svg', 'k_logo.svg', 1.0, 1.0, 0.96, ARRAY['en', 'fr', 'rw']::TEXT[], 'RWF', ARRAY['STAY', 'EVENT', 'EXPLORE', 'SERVICE_REQUESTS']::TEXT[]),
    ('hotel_demo_018', 'ubumwe-lake-view-resort', 'BOUTIQUE_HOTEL', 'Africa/Kigali', 'Ubumwe Lake View Resort', '#44624A', '#A88B57', '#C9D8C0', '#FCF8F1', '#F3EEE5', 'k_logo.svg', 'k_logo.svg', 1.0, 1.0, 0.96, ARRAY['en', 'fr', 'rw']::TEXT[], 'RWF', ARRAY['STAY', 'EVENT', 'EXPLORE', 'SERVICE_REQUESTS']::TEXT[]),
    ('hotel_demo_019', 'ubumwe-hilltop-manor', 'BUSINESS_HOTEL', 'Africa/Kigali', 'Ubumwe Hilltop Manor', '#5C4B51', '#C7A26B', '#E0D3C0', '#FCF8F1', '#F3EEE5', 'k_logo.svg', 'k_logo.svg', 1.0, 1.0, 0.96, ARRAY['en', 'fr', 'rw']::TEXT[], 'RWF', ARRAY['STAY', 'EVENT', 'EXPLORE', 'SERVICE_REQUESTS']::TEXT[]),
    ('hotel_demo_020', 'ubumwe-executive-inn', 'RESORT', 'Africa/Kigali', 'Ubumwe Executive Inn', '#2F6970', '#B4874F', '#D8C6A3', '#FCF8F1', '#F3EEE5', 'k_logo.svg', 'k_logo.svg', 1.0, 1.0, 0.96, ARRAY['en', 'fr', 'rw']::TEXT[], 'RWF', ARRAY['STAY', 'EVENT', 'EXPLORE', 'SERVICE_REQUESTS']::TEXT[]),
    ('hotel_demo_021', 'imigongo-heights-hotel', 'BOUTIQUE_HOTEL', 'Africa/Kigali', 'Imigongo Heights Hotel', '#355C7D', '#C79A52', '#E3D5B8', '#FCF8F1', '#F3EEE5', 'k_logo.svg', 'k_logo.svg', 1.0, 1.0, 0.96, ARRAY['en', 'fr', 'rw']::TEXT[], 'RWF', ARRAY['STAY', 'EVENT', 'EXPLORE', 'SERVICE_REQUESTS']::TEXT[]),
    ('hotel_demo_022', 'imigongo-grand-retreat', 'BUSINESS_HOTEL', 'Africa/Kigali', 'Imigongo Grand Retreat', '#44624A', '#A88B57', '#C9D8C0', '#FCF8F1', '#F3EEE5', 'k_logo.svg', 'k_logo.svg', 1.0, 1.0, 0.96, ARRAY['en', 'fr', 'rw']::TEXT[], 'RWF', ARRAY['STAY', 'EVENT', 'EXPLORE', 'SERVICE_REQUESTS']::TEXT[]),
    ('hotel_demo_023', 'imigongo-suites-and-spa', 'RESORT', 'Africa/Kigali', 'Imigongo Suites & Spa', '#5C4B51', '#C7A26B', '#E0D3C0', '#FCF8F1', '#F3EEE5', 'k_logo.svg', 'k_logo.svg', 1.0, 1.0, 0.96, ARRAY['en', 'fr', 'rw']::TEXT[], 'RWF', ARRAY['STAY', 'EVENT', 'EXPLORE', 'SERVICE_REQUESTS']::TEXT[]),
    ('hotel_demo_024', 'imigongo-conference-lodge', 'BOUTIQUE_HOTEL', 'Africa/Kigali', 'Imigongo Conference Lodge', '#2F6970', '#B4874F', '#D8C6A3', '#FCF8F1', '#F3EEE5', 'k_logo.svg', 'k_logo.svg', 1.0, 1.0, 0.96, ARRAY['en', 'fr', 'rw']::TEXT[], 'RWF', ARRAY['STAY', 'EVENT', 'EXPLORE', 'SERVICE_REQUESTS']::TEXT[]),
    ('hotel_demo_025', 'imigongo-garden-residence', 'BUSINESS_HOTEL', 'Africa/Kigali', 'Imigongo Garden Residence', '#355C7D', '#C79A52', '#E3D5B8', '#FCF8F1', '#F3EEE5', 'k_logo.svg', 'k_logo.svg', 1.0, 1.0, 0.96, ARRAY['en', 'fr', 'rw']::TEXT[], 'RWF', ARRAY['STAY', 'EVENT', 'EXPLORE', 'SERVICE_REQUESTS']::TEXT[]),
    ('hotel_demo_026', 'imigongo-panorama-hotel', 'RESORT', 'Africa/Kigali', 'Imigongo Panorama Hotel', '#44624A', '#A88B57', '#C9D8C0', '#FCF8F1', '#F3EEE5', 'k_logo.svg', 'k_logo.svg', 1.0, 1.0, 0.96, ARRAY['en', 'fr', 'rw']::TEXT[], 'RWF', ARRAY['STAY', 'EVENT', 'EXPLORE', 'SERVICE_REQUESTS']::TEXT[]),
    ('hotel_demo_027', 'imigongo-boutique-stay', 'BOUTIQUE_HOTEL', 'Africa/Kigali', 'Imigongo Boutique Stay', '#5C4B51', '#C7A26B', '#E0D3C0', '#FCF8F1', '#F3EEE5', 'k_logo.svg', 'k_logo.svg', 1.0, 1.0, 0.96, ARRAY['en', 'fr', 'rw']::TEXT[], 'RWF', ARRAY['STAY', 'EVENT', 'EXPLORE', 'SERVICE_REQUESTS']::TEXT[]),
    ('hotel_demo_028', 'imigongo-lake-view-resort', 'BUSINESS_HOTEL', 'Africa/Kigali', 'Imigongo Lake View Resort', '#2F6970', '#B4874F', '#D8C6A3', '#FCF8F1', '#F3EEE5', 'k_logo.svg', 'k_logo.svg', 1.0, 1.0, 0.96, ARRAY['en', 'fr', 'rw']::TEXT[], 'RWF', ARRAY['STAY', 'EVENT', 'EXPLORE', 'SERVICE_REQUESTS']::TEXT[]),
    ('hotel_demo_029', 'imigongo-hilltop-manor', 'RESORT', 'Africa/Kigali', 'Imigongo Hilltop Manor', '#355C7D', '#C79A52', '#E3D5B8', '#FCF8F1', '#F3EEE5', 'k_logo.svg', 'k_logo.svg', 1.0, 1.0, 0.96, ARRAY['en', 'fr', 'rw']::TEXT[], 'RWF', ARRAY['STAY', 'EVENT', 'EXPLORE', 'SERVICE_REQUESTS']::TEXT[]),
    ('hotel_demo_030', 'imigongo-executive-inn', 'BOUTIQUE_HOTEL', 'Africa/Kigali', 'Imigongo Executive Inn', '#44624A', '#A88B57', '#C9D8C0', '#FCF8F1', '#F3EEE5', 'k_logo.svg', 'k_logo.svg', 1.0, 1.0, 0.96, ARRAY['en', 'fr', 'rw']::TEXT[], 'RWF', ARRAY['STAY', 'EVENT', 'EXPLORE', 'SERVICE_REQUESTS']::TEXT[]),
    ('hotel_demo_031', 'akagera-heights-hotel', 'BUSINESS_HOTEL', 'Africa/Kigali', 'Akagera Heights Hotel', '#5C4B51', '#C7A26B', '#E0D3C0', '#FCF8F1', '#F3EEE5', 'k_logo.svg', 'k_logo.svg', 1.0, 1.0, 0.96, ARRAY['en', 'fr', 'rw']::TEXT[], 'RWF', ARRAY['STAY', 'EVENT', 'EXPLORE', 'SERVICE_REQUESTS']::TEXT[]),
    ('hotel_demo_032', 'akagera-grand-retreat', 'RESORT', 'Africa/Kigali', 'Akagera Grand Retreat', '#2F6970', '#B4874F', '#D8C6A3', '#FCF8F1', '#F3EEE5', 'k_logo.svg', 'k_logo.svg', 1.0, 1.0, 0.96, ARRAY['en', 'fr', 'rw']::TEXT[], 'RWF', ARRAY['STAY', 'EVENT', 'EXPLORE', 'SERVICE_REQUESTS']::TEXT[]),
    ('hotel_demo_033', 'akagera-suites-and-spa', 'BOUTIQUE_HOTEL', 'Africa/Kigali', 'Akagera Suites & Spa', '#355C7D', '#C79A52', '#E3D5B8', '#FCF8F1', '#F3EEE5', 'k_logo.svg', 'k_logo.svg', 1.0, 1.0, 0.96, ARRAY['en', 'fr', 'rw']::TEXT[], 'RWF', ARRAY['STAY', 'EVENT', 'EXPLORE', 'SERVICE_REQUESTS']::TEXT[]),
    ('hotel_demo_034', 'akagera-conference-lodge', 'BUSINESS_HOTEL', 'Africa/Kigali', 'Akagera Conference Lodge', '#44624A', '#A88B57', '#C9D8C0', '#FCF8F1', '#F3EEE5', 'k_logo.svg', 'k_logo.svg', 1.0, 1.0, 0.96, ARRAY['en', 'fr', 'rw']::TEXT[], 'RWF', ARRAY['STAY', 'EVENT', 'EXPLORE', 'SERVICE_REQUESTS']::TEXT[]),
    ('hotel_demo_035', 'akagera-garden-residence', 'RESORT', 'Africa/Kigali', 'Akagera Garden Residence', '#5C4B51', '#C7A26B', '#E0D3C0', '#FCF8F1', '#F3EEE5', 'k_logo.svg', 'k_logo.svg', 1.0, 1.0, 0.96, ARRAY['en', 'fr', 'rw']::TEXT[], 'RWF', ARRAY['STAY', 'EVENT', 'EXPLORE', 'SERVICE_REQUESTS']::TEXT[]),
    ('hotel_demo_036', 'akagera-panorama-hotel', 'BOUTIQUE_HOTEL', 'Africa/Kigali', 'Akagera Panorama Hotel', '#2F6970', '#B4874F', '#D8C6A3', '#FCF8F1', '#F3EEE5', 'k_logo.svg', 'k_logo.svg', 1.0, 1.0, 0.96, ARRAY['en', 'fr', 'rw']::TEXT[], 'RWF', ARRAY['STAY', 'EVENT', 'EXPLORE', 'SERVICE_REQUESTS']::TEXT[]),
    ('hotel_demo_037', 'akagera-boutique-stay', 'BUSINESS_HOTEL', 'Africa/Kigali', 'Akagera Boutique Stay', '#355C7D', '#C79A52', '#E3D5B8', '#FCF8F1', '#F3EEE5', 'k_logo.svg', 'k_logo.svg', 1.0, 1.0, 0.96, ARRAY['en', 'fr', 'rw']::TEXT[], 'RWF', ARRAY['STAY', 'EVENT', 'EXPLORE', 'SERVICE_REQUESTS']::TEXT[]),
    ('hotel_demo_038', 'akagera-lake-view-resort', 'RESORT', 'Africa/Kigali', 'Akagera Lake View Resort', '#44624A', '#A88B57', '#C9D8C0', '#FCF8F1', '#F3EEE5', 'k_logo.svg', 'k_logo.svg', 1.0, 1.0, 0.96, ARRAY['en', 'fr', 'rw']::TEXT[], 'RWF', ARRAY['STAY', 'EVENT', 'EXPLORE', 'SERVICE_REQUESTS']::TEXT[]),
    ('hotel_demo_039', 'akagera-hilltop-manor', 'BOUTIQUE_HOTEL', 'Africa/Kigali', 'Akagera Hilltop Manor', '#5C4B51', '#C7A26B', '#E0D3C0', '#FCF8F1', '#F3EEE5', 'k_logo.svg', 'k_logo.svg', 1.0, 1.0, 0.96, ARRAY['en', 'fr', 'rw']::TEXT[], 'RWF', ARRAY['STAY', 'EVENT', 'EXPLORE', 'SERVICE_REQUESTS']::TEXT[]),
    ('hotel_demo_040', 'akagera-executive-inn', 'BUSINESS_HOTEL', 'Africa/Kigali', 'Akagera Executive Inn', '#2F6970', '#B4874F', '#D8C6A3', '#FCF8F1', '#F3EEE5', 'k_logo.svg', 'k_logo.svg', 1.0, 1.0, 0.96, ARRAY['en', 'fr', 'rw']::TEXT[], 'RWF', ARRAY['STAY', 'EVENT', 'EXPLORE', 'SERVICE_REQUESTS']::TEXT[]),
    ('hotel_demo_041', 'inzovu-heights-hotel', 'RESORT', 'Africa/Kigali', 'Inzovu Heights Hotel', '#355C7D', '#C79A52', '#E3D5B8', '#FCF8F1', '#F3EEE5', 'k_logo.svg', 'k_logo.svg', 1.0, 1.0, 0.96, ARRAY['en', 'fr', 'rw']::TEXT[], 'RWF', ARRAY['STAY', 'EVENT', 'EXPLORE', 'SERVICE_REQUESTS']::TEXT[]),
    ('hotel_demo_042', 'inzovu-grand-retreat', 'BOUTIQUE_HOTEL', 'Africa/Kigali', 'Inzovu Grand Retreat', '#44624A', '#A88B57', '#C9D8C0', '#FCF8F1', '#F3EEE5', 'k_logo.svg', 'k_logo.svg', 1.0, 1.0, 0.96, ARRAY['en', 'fr', 'rw']::TEXT[], 'RWF', ARRAY['STAY', 'EVENT', 'EXPLORE', 'SERVICE_REQUESTS']::TEXT[]),
    ('hotel_demo_043', 'inzovu-suites-and-spa', 'BUSINESS_HOTEL', 'Africa/Kigali', 'Inzovu Suites & Spa', '#5C4B51', '#C7A26B', '#E0D3C0', '#FCF8F1', '#F3EEE5', 'k_logo.svg', 'k_logo.svg', 1.0, 1.0, 0.96, ARRAY['en', 'fr', 'rw']::TEXT[], 'RWF', ARRAY['STAY', 'EVENT', 'EXPLORE', 'SERVICE_REQUESTS']::TEXT[]),
    ('hotel_demo_044', 'inzovu-conference-lodge', 'RESORT', 'Africa/Kigali', 'Inzovu Conference Lodge', '#2F6970', '#B4874F', '#D8C6A3', '#FCF8F1', '#F3EEE5', 'k_logo.svg', 'k_logo.svg', 1.0, 1.0, 0.96, ARRAY['en', 'fr', 'rw']::TEXT[], 'RWF', ARRAY['STAY', 'EVENT', 'EXPLORE', 'SERVICE_REQUESTS']::TEXT[]),
    ('hotel_demo_045', 'inzovu-garden-residence', 'BOUTIQUE_HOTEL', 'Africa/Kigali', 'Inzovu Garden Residence', '#355C7D', '#C79A52', '#E3D5B8', '#FCF8F1', '#F3EEE5', 'k_logo.svg', 'k_logo.svg', 1.0, 1.0, 0.96, ARRAY['en', 'fr', 'rw']::TEXT[], 'RWF', ARRAY['STAY', 'EVENT', 'EXPLORE', 'SERVICE_REQUESTS']::TEXT[]),
    ('hotel_demo_046', 'inzovu-panorama-hotel', 'BUSINESS_HOTEL', 'Africa/Kigali', 'Inzovu Panorama Hotel', '#44624A', '#A88B57', '#C9D8C0', '#FCF8F1', '#F3EEE5', 'k_logo.svg', 'k_logo.svg', 1.0, 1.0, 0.96, ARRAY['en', 'fr', 'rw']::TEXT[], 'RWF', ARRAY['STAY', 'EVENT', 'EXPLORE', 'SERVICE_REQUESTS']::TEXT[]),
    ('hotel_demo_047', 'inzovu-boutique-stay', 'RESORT', 'Africa/Kigali', 'Inzovu Boutique Stay', '#5C4B51', '#C7A26B', '#E0D3C0', '#FCF8F1', '#F3EEE5', 'k_logo.svg', 'k_logo.svg', 1.0, 1.0, 0.96, ARRAY['en', 'fr', 'rw']::TEXT[], 'RWF', ARRAY['STAY', 'EVENT', 'EXPLORE', 'SERVICE_REQUESTS']::TEXT[]),
    ('hotel_demo_048', 'inzovu-lake-view-resort', 'BOUTIQUE_HOTEL', 'Africa/Kigali', 'Inzovu Lake View Resort', '#2F6970', '#B4874F', '#D8C6A3', '#FCF8F1', '#F3EEE5', 'k_logo.svg', 'k_logo.svg', 1.0, 1.0, 0.96, ARRAY['en', 'fr', 'rw']::TEXT[], 'RWF', ARRAY['STAY', 'EVENT', 'EXPLORE', 'SERVICE_REQUESTS']::TEXT[]),
    ('hotel_demo_049', 'inzovu-hilltop-manor', 'BUSINESS_HOTEL', 'Africa/Kigali', 'Inzovu Hilltop Manor', '#355C7D', '#C79A52', '#E3D5B8', '#FCF8F1', '#F3EEE5', 'k_logo.svg', 'k_logo.svg', 1.0, 1.0, 0.96, ARRAY['en', 'fr', 'rw']::TEXT[], 'RWF', ARRAY['STAY', 'EVENT', 'EXPLORE', 'SERVICE_REQUESTS']::TEXT[]),
    ('hotel_demo_050', 'inzovu-executive-inn', 'RESORT', 'Africa/Kigali', 'Inzovu Executive Inn', '#44624A', '#A88B57', '#C9D8C0', '#FCF8F1', '#F3EEE5', 'k_logo.svg', 'k_logo.svg', 1.0, 1.0, 0.96, ARRAY['en', 'fr', 'rw']::TEXT[], 'RWF', ARRAY['STAY', 'EVENT', 'EXPLORE', 'SERVICE_REQUESTS']::TEXT[]),
    ('hotel_demo_051', 'nyungwe-heights-hotel', 'BOUTIQUE_HOTEL', 'Africa/Kigali', 'Nyungwe Heights Hotel', '#5C4B51', '#C7A26B', '#E0D3C0', '#FCF8F1', '#F3EEE5', 'k_logo.svg', 'k_logo.svg', 1.0, 1.0, 0.96, ARRAY['en', 'fr', 'rw']::TEXT[], 'RWF', ARRAY['STAY', 'EVENT', 'EXPLORE', 'SERVICE_REQUESTS']::TEXT[]),
    ('hotel_demo_052', 'nyungwe-grand-retreat', 'BUSINESS_HOTEL', 'Africa/Kigali', 'Nyungwe Grand Retreat', '#2F6970', '#B4874F', '#D8C6A3', '#FCF8F1', '#F3EEE5', 'k_logo.svg', 'k_logo.svg', 1.0, 1.0, 0.96, ARRAY['en', 'fr', 'rw']::TEXT[], 'RWF', ARRAY['STAY', 'EVENT', 'EXPLORE', 'SERVICE_REQUESTS']::TEXT[]),
    ('hotel_demo_053', 'nyungwe-suites-and-spa', 'RESORT', 'Africa/Kigali', 'Nyungwe Suites & Spa', '#355C7D', '#C79A52', '#E3D5B8', '#FCF8F1', '#F3EEE5', 'k_logo.svg', 'k_logo.svg', 1.0, 1.0, 0.96, ARRAY['en', 'fr', 'rw']::TEXT[], 'RWF', ARRAY['STAY', 'EVENT', 'EXPLORE', 'SERVICE_REQUESTS']::TEXT[]),
    ('hotel_demo_054', 'nyungwe-conference-lodge', 'BOUTIQUE_HOTEL', 'Africa/Kigali', 'Nyungwe Conference Lodge', '#44624A', '#A88B57', '#C9D8C0', '#FCF8F1', '#F3EEE5', 'k_logo.svg', 'k_logo.svg', 1.0, 1.0, 0.96, ARRAY['en', 'fr', 'rw']::TEXT[], 'RWF', ARRAY['STAY', 'EVENT', 'EXPLORE', 'SERVICE_REQUESTS']::TEXT[]),
    ('hotel_demo_055', 'nyungwe-garden-residence', 'BUSINESS_HOTEL', 'Africa/Kigali', 'Nyungwe Garden Residence', '#5C4B51', '#C7A26B', '#E0D3C0', '#FCF8F1', '#F3EEE5', 'k_logo.svg', 'k_logo.svg', 1.0, 1.0, 0.96, ARRAY['en', 'fr', 'rw']::TEXT[], 'RWF', ARRAY['STAY', 'EVENT', 'EXPLORE', 'SERVICE_REQUESTS']::TEXT[]),
    ('hotel_demo_056', 'nyungwe-panorama-hotel', 'RESORT', 'Africa/Kigali', 'Nyungwe Panorama Hotel', '#2F6970', '#B4874F', '#D8C6A3', '#FCF8F1', '#F3EEE5', 'k_logo.svg', 'k_logo.svg', 1.0, 1.0, 0.96, ARRAY['en', 'fr', 'rw']::TEXT[], 'RWF', ARRAY['STAY', 'EVENT', 'EXPLORE', 'SERVICE_REQUESTS']::TEXT[]),
    ('hotel_demo_057', 'nyungwe-boutique-stay', 'BOUTIQUE_HOTEL', 'Africa/Kigali', 'Nyungwe Boutique Stay', '#355C7D', '#C79A52', '#E3D5B8', '#FCF8F1', '#F3EEE5', 'k_logo.svg', 'k_logo.svg', 1.0, 1.0, 0.96, ARRAY['en', 'fr', 'rw']::TEXT[], 'RWF', ARRAY['STAY', 'EVENT', 'EXPLORE', 'SERVICE_REQUESTS']::TEXT[]),
    ('hotel_demo_058', 'nyungwe-lake-view-resort', 'BUSINESS_HOTEL', 'Africa/Kigali', 'Nyungwe Lake View Resort', '#44624A', '#A88B57', '#C9D8C0', '#FCF8F1', '#F3EEE5', 'k_logo.svg', 'k_logo.svg', 1.0, 1.0, 0.96, ARRAY['en', 'fr', 'rw']::TEXT[], 'RWF', ARRAY['STAY', 'EVENT', 'EXPLORE', 'SERVICE_REQUESTS']::TEXT[]),
    ('hotel_demo_059', 'nyungwe-hilltop-manor', 'RESORT', 'Africa/Kigali', 'Nyungwe Hilltop Manor', '#5C4B51', '#C7A26B', '#E0D3C0', '#FCF8F1', '#F3EEE5', 'k_logo.svg', 'k_logo.svg', 1.0, 1.0, 0.96, ARRAY['en', 'fr', 'rw']::TEXT[], 'RWF', ARRAY['STAY', 'EVENT', 'EXPLORE', 'SERVICE_REQUESTS']::TEXT[]),
    ('hotel_demo_060', 'nyungwe-executive-inn', 'BOUTIQUE_HOTEL', 'Africa/Kigali', 'Nyungwe Executive Inn', '#2F6970', '#B4874F', '#D8C6A3', '#FCF8F1', '#F3EEE5', 'k_logo.svg', 'k_logo.svg', 1.0, 1.0, 0.96, ARRAY['en', 'fr', 'rw']::TEXT[], 'RWF', ARRAY['STAY', 'EVENT', 'EXPLORE', 'SERVICE_REQUESTS']::TEXT[]),
    ('hotel_demo_061', 'kivu-heights-hotel', 'BUSINESS_HOTEL', 'Africa/Kigali', 'Kivu Heights Hotel', '#355C7D', '#C79A52', '#E3D5B8', '#FCF8F1', '#F3EEE5', 'k_logo.svg', 'k_logo.svg', 1.0, 1.0, 0.96, ARRAY['en', 'fr', 'rw']::TEXT[], 'RWF', ARRAY['STAY', 'EVENT', 'EXPLORE', 'SERVICE_REQUESTS']::TEXT[]),
    ('hotel_demo_062', 'kivu-grand-retreat', 'RESORT', 'Africa/Kigali', 'Kivu Grand Retreat', '#44624A', '#A88B57', '#C9D8C0', '#FCF8F1', '#F3EEE5', 'k_logo.svg', 'k_logo.svg', 1.0, 1.0, 0.96, ARRAY['en', 'fr', 'rw']::TEXT[], 'RWF', ARRAY['STAY', 'EVENT', 'EXPLORE', 'SERVICE_REQUESTS']::TEXT[]),
    ('hotel_demo_063', 'kivu-suites-and-spa', 'BOUTIQUE_HOTEL', 'Africa/Kigali', 'Kivu Suites & Spa', '#5C4B51', '#C7A26B', '#E0D3C0', '#FCF8F1', '#F3EEE5', 'k_logo.svg', 'k_logo.svg', 1.0, 1.0, 0.96, ARRAY['en', 'fr', 'rw']::TEXT[], 'RWF', ARRAY['STAY', 'EVENT', 'EXPLORE', 'SERVICE_REQUESTS']::TEXT[]),
    ('hotel_demo_064', 'kivu-conference-lodge', 'BUSINESS_HOTEL', 'Africa/Kigali', 'Kivu Conference Lodge', '#2F6970', '#B4874F', '#D8C6A3', '#FCF8F1', '#F3EEE5', 'k_logo.svg', 'k_logo.svg', 1.0, 1.0, 0.96, ARRAY['en', 'fr', 'rw']::TEXT[], 'RWF', ARRAY['STAY', 'EVENT', 'EXPLORE', 'SERVICE_REQUESTS']::TEXT[]),
    ('hotel_demo_065', 'kivu-garden-residence', 'RESORT', 'Africa/Kigali', 'Kivu Garden Residence', '#355C7D', '#C79A52', '#E3D5B8', '#FCF8F1', '#F3EEE5', 'k_logo.svg', 'k_logo.svg', 1.0, 1.0, 0.96, ARRAY['en', 'fr', 'rw']::TEXT[], 'RWF', ARRAY['STAY', 'EVENT', 'EXPLORE', 'SERVICE_REQUESTS']::TEXT[]),
    ('hotel_demo_066', 'kivu-panorama-hotel', 'BOUTIQUE_HOTEL', 'Africa/Kigali', 'Kivu Panorama Hotel', '#44624A', '#A88B57', '#C9D8C0', '#FCF8F1', '#F3EEE5', 'k_logo.svg', 'k_logo.svg', 1.0, 1.0, 0.96, ARRAY['en', 'fr', 'rw']::TEXT[], 'RWF', ARRAY['STAY', 'EVENT', 'EXPLORE', 'SERVICE_REQUESTS']::TEXT[]),
    ('hotel_demo_067', 'kivu-boutique-stay', 'BUSINESS_HOTEL', 'Africa/Kigali', 'Kivu Boutique Stay', '#5C4B51', '#C7A26B', '#E0D3C0', '#FCF8F1', '#F3EEE5', 'k_logo.svg', 'k_logo.svg', 1.0, 1.0, 0.96, ARRAY['en', 'fr', 'rw']::TEXT[], 'RWF', ARRAY['STAY', 'EVENT', 'EXPLORE', 'SERVICE_REQUESTS']::TEXT[]),
    ('hotel_demo_068', 'kivu-lake-view-resort', 'RESORT', 'Africa/Kigali', 'Kivu Lake View Resort', '#2F6970', '#B4874F', '#D8C6A3', '#FCF8F1', '#F3EEE5', 'k_logo.svg', 'k_logo.svg', 1.0, 1.0, 0.96, ARRAY['en', 'fr', 'rw']::TEXT[], 'RWF', ARRAY['STAY', 'EVENT', 'EXPLORE', 'SERVICE_REQUESTS']::TEXT[]),
    ('hotel_demo_069', 'kivu-hilltop-manor', 'BOUTIQUE_HOTEL', 'Africa/Kigali', 'Kivu Hilltop Manor', '#355C7D', '#C79A52', '#E3D5B8', '#FCF8F1', '#F3EEE5', 'k_logo.svg', 'k_logo.svg', 1.0, 1.0, 0.96, ARRAY['en', 'fr', 'rw']::TEXT[], 'RWF', ARRAY['STAY', 'EVENT', 'EXPLORE', 'SERVICE_REQUESTS']::TEXT[]),
    ('hotel_demo_070', 'kivu-executive-inn', 'BUSINESS_HOTEL', 'Africa/Kigali', 'Kivu Executive Inn', '#44624A', '#A88B57', '#C9D8C0', '#FCF8F1', '#F3EEE5', 'k_logo.svg', 'k_logo.svg', 1.0, 1.0, 0.96, ARRAY['en', 'fr', 'rw']::TEXT[], 'RWF', ARRAY['STAY', 'EVENT', 'EXPLORE', 'SERVICE_REQUESTS']::TEXT[]),
    ('hotel_demo_071', 'milles-collines-heights-hotel', 'RESORT', 'Africa/Kigali', 'Milles Collines Heights Hotel', '#5C4B51', '#C7A26B', '#E0D3C0', '#FCF8F1', '#F3EEE5', 'k_logo.svg', 'k_logo.svg', 1.0, 1.0, 0.96, ARRAY['en', 'fr', 'rw']::TEXT[], 'RWF', ARRAY['STAY', 'EVENT', 'EXPLORE', 'SERVICE_REQUESTS']::TEXT[]),
    ('hotel_demo_072', 'milles-collines-grand-retreat', 'BOUTIQUE_HOTEL', 'Africa/Kigali', 'Milles Collines Grand Retreat', '#2F6970', '#B4874F', '#D8C6A3', '#FCF8F1', '#F3EEE5', 'k_logo.svg', 'k_logo.svg', 1.0, 1.0, 0.96, ARRAY['en', 'fr', 'rw']::TEXT[], 'RWF', ARRAY['STAY', 'EVENT', 'EXPLORE', 'SERVICE_REQUESTS']::TEXT[]),
    ('hotel_demo_073', 'milles-collines-suites-and-spa', 'BUSINESS_HOTEL', 'Africa/Kigali', 'Milles Collines Suites & Spa', '#355C7D', '#C79A52', '#E3D5B8', '#FCF8F1', '#F3EEE5', 'k_logo.svg', 'k_logo.svg', 1.0, 1.0, 0.96, ARRAY['en', 'fr', 'rw']::TEXT[], 'RWF', ARRAY['STAY', 'EVENT', 'EXPLORE', 'SERVICE_REQUESTS']::TEXT[]),
    ('hotel_demo_074', 'milles-collines-conference-lodge', 'RESORT', 'Africa/Kigali', 'Milles Collines Conference Lodge', '#44624A', '#A88B57', '#C9D8C0', '#FCF8F1', '#F3EEE5', 'k_logo.svg', 'k_logo.svg', 1.0, 1.0, 0.96, ARRAY['en', 'fr', 'rw']::TEXT[], 'RWF', ARRAY['STAY', 'EVENT', 'EXPLORE', 'SERVICE_REQUESTS']::TEXT[]),
    ('hotel_demo_075', 'milles-collines-garden-residence', 'BOUTIQUE_HOTEL', 'Africa/Kigali', 'Milles Collines Garden Residence', '#5C4B51', '#C7A26B', '#E0D3C0', '#FCF8F1', '#F3EEE5', 'k_logo.svg', 'k_logo.svg', 1.0, 1.0, 0.96, ARRAY['en', 'fr', 'rw']::TEXT[], 'RWF', ARRAY['STAY', 'EVENT', 'EXPLORE', 'SERVICE_REQUESTS']::TEXT[]),
    ('hotel_demo_076', 'milles-collines-panorama-hotel', 'BUSINESS_HOTEL', 'Africa/Kigali', 'Milles Collines Panorama Hotel', '#2F6970', '#B4874F', '#D8C6A3', '#FCF8F1', '#F3EEE5', 'k_logo.svg', 'k_logo.svg', 1.0, 1.0, 0.96, ARRAY['en', 'fr', 'rw']::TEXT[], 'RWF', ARRAY['STAY', 'EVENT', 'EXPLORE', 'SERVICE_REQUESTS']::TEXT[]),
    ('hotel_demo_077', 'milles-collines-boutique-stay', 'RESORT', 'Africa/Kigali', 'Milles Collines Boutique Stay', '#355C7D', '#C79A52', '#E3D5B8', '#FCF8F1', '#F3EEE5', 'k_logo.svg', 'k_logo.svg', 1.0, 1.0, 0.96, ARRAY['en', 'fr', 'rw']::TEXT[], 'RWF', ARRAY['STAY', 'EVENT', 'EXPLORE', 'SERVICE_REQUESTS']::TEXT[]),
    ('hotel_demo_078', 'milles-collines-lake-view-resort', 'BOUTIQUE_HOTEL', 'Africa/Kigali', 'Milles Collines Lake View Resort', '#44624A', '#A88B57', '#C9D8C0', '#FCF8F1', '#F3EEE5', 'k_logo.svg', 'k_logo.svg', 1.0, 1.0, 0.96, ARRAY['en', 'fr', 'rw']::TEXT[], 'RWF', ARRAY['STAY', 'EVENT', 'EXPLORE', 'SERVICE_REQUESTS']::TEXT[]),
    ('hotel_demo_079', 'milles-collines-hilltop-manor', 'BUSINESS_HOTEL', 'Africa/Kigali', 'Milles Collines Hilltop Manor', '#5C4B51', '#C7A26B', '#E0D3C0', '#FCF8F1', '#F3EEE5', 'k_logo.svg', 'k_logo.svg', 1.0, 1.0, 0.96, ARRAY['en', 'fr', 'rw']::TEXT[], 'RWF', ARRAY['STAY', 'EVENT', 'EXPLORE', 'SERVICE_REQUESTS']::TEXT[]),
    ('hotel_demo_080', 'milles-collines-executive-inn', 'RESORT', 'Africa/Kigali', 'Milles Collines Executive Inn', '#2F6970', '#B4874F', '#D8C6A3', '#FCF8F1', '#F3EEE5', 'k_logo.svg', 'k_logo.svg', 1.0, 1.0, 0.96, ARRAY['en', 'fr', 'rw']::TEXT[], 'RWF', ARRAY['STAY', 'EVENT', 'EXPLORE', 'SERVICE_REQUESTS']::TEXT[]);

INSERT INTO hotel_buildings (id, hotel_id, name, floors) VALUES
    ('main-tower', 'rw-kgl-marriott', 'Main Tower', ARRAY['l1', 'l9']::TEXT[]),
    ('building_demo_001', 'hotel_serena', 'Garden Wing', ARRAY['floor_a_001', 'floor_b_001']::TEXT[]),
    ('building_demo_002', 'hotel_radisson_blu', 'Lake Wing', ARRAY['floor_a_002', 'floor_b_002']::TEXT[]),
    ('building_demo_003', 'hotel_four_points', 'Executive Wing', ARRAY['floor_a_003', 'floor_b_003']::TEXT[]),
    ('building_demo_004', 'hotel_mille_collines', 'Main Wing', ARRAY['floor_a_004', 'floor_b_004']::TEXT[]),
    ('building_demo_005', 'hotel_the_retreat', 'Garden Wing', ARRAY['floor_a_005', 'floor_b_005']::TEXT[]),
    ('building_demo_006', 'hotel_park_inn', 'Lake Wing', ARRAY['floor_a_006', 'floor_b_006']::TEXT[]),
    ('building_demo_007', 'hotel_lemigo', 'Executive Wing', ARRAY['floor_a_007', 'floor_b_007']::TEXT[]),
    ('building_demo_008', 'hotel_urban_city', 'Main Wing', ARRAY['floor_a_008', 'floor_b_008']::TEXT[]),
    ('building_demo_009', 'hotel_gorillas_nest', 'Garden Wing', ARRAY['floor_a_009', 'floor_b_009']::TEXT[]),
    ('building_demo_010', 'hotel_bisate', 'Lake Wing', ARRAY['floor_a_010', 'floor_b_010']::TEXT[]),
    ('building_demo_011', 'hotel_singita', 'Executive Wing', ARRAY['floor_a_011', 'floor_b_011']::TEXT[]),
    ('building_demo_012', 'hotel_ingagi', 'Main Wing', ARRAY['floor_a_012', 'floor_b_012']::TEXT[]),
    ('building_demo_013', 'hotel_kivu_serena', 'Garden Wing', ARRAY['floor_a_013', 'floor_b_013']::TEXT[]),
    ('building_demo_014', 'hotel_cormoran', 'Lake Wing', ARRAY['floor_a_014', 'floor_b_014']::TEXT[]),
    ('building_demo_015', 'hotel_palm_beach', 'Executive Wing', ARRAY['floor_a_015', 'floor_b_015']::TEXT[]),
    ('building_demo_016', 'hotel_moriah_hill', 'Main Wing', ARRAY['floor_a_016', 'floor_b_016']::TEXT[]),
    ('building_demo_017', 'hotel_hill_view', 'Garden Wing', ARRAY['floor_a_017', 'floor_b_017']::TEXT[]),
    ('building_demo_018', 'hotel_kitabi', 'Lake Wing', ARRAY['floor_a_018', 'floor_b_018']::TEXT[]),
    ('building_demo_019', 'hotel_akagera', 'Executive Wing', ARRAY['floor_a_019', 'floor_b_019']::TEXT[]),
    ('building_demo_020', 'hotel_demo_001', 'Main Wing', ARRAY['floor_a_020', 'floor_b_020']::TEXT[]),
    ('building_demo_021', 'hotel_demo_002', 'Garden Wing', ARRAY['floor_a_021', 'floor_b_021']::TEXT[]),
    ('building_demo_022', 'hotel_demo_003', 'Lake Wing', ARRAY['floor_a_022', 'floor_b_022']::TEXT[]),
    ('building_demo_023', 'hotel_demo_004', 'Executive Wing', ARRAY['floor_a_023', 'floor_b_023']::TEXT[]),
    ('building_demo_024', 'hotel_demo_005', 'Main Wing', ARRAY['floor_a_024', 'floor_b_024']::TEXT[]),
    ('building_demo_025', 'hotel_demo_006', 'Garden Wing', ARRAY['floor_a_025', 'floor_b_025']::TEXT[]),
    ('building_demo_026', 'hotel_demo_007', 'Lake Wing', ARRAY['floor_a_026', 'floor_b_026']::TEXT[]),
    ('building_demo_027', 'hotel_demo_008', 'Executive Wing', ARRAY['floor_a_027', 'floor_b_027']::TEXT[]),
    ('building_demo_028', 'hotel_demo_009', 'Main Wing', ARRAY['floor_a_028', 'floor_b_028']::TEXT[]),
    ('building_demo_029', 'hotel_demo_010', 'Garden Wing', ARRAY['floor_a_029', 'floor_b_029']::TEXT[]),
    ('building_demo_030', 'hotel_demo_011', 'Lake Wing', ARRAY['floor_a_030', 'floor_b_030']::TEXT[]),
    ('building_demo_031', 'hotel_demo_012', 'Executive Wing', ARRAY['floor_a_031', 'floor_b_031']::TEXT[]),
    ('building_demo_032', 'hotel_demo_013', 'Main Wing', ARRAY['floor_a_032', 'floor_b_032']::TEXT[]),
    ('building_demo_033', 'hotel_demo_014', 'Garden Wing', ARRAY['floor_a_033', 'floor_b_033']::TEXT[]),
    ('building_demo_034', 'hotel_demo_015', 'Lake Wing', ARRAY['floor_a_034', 'floor_b_034']::TEXT[]),
    ('building_demo_035', 'hotel_demo_016', 'Executive Wing', ARRAY['floor_a_035', 'floor_b_035']::TEXT[]),
    ('building_demo_036', 'hotel_demo_017', 'Main Wing', ARRAY['floor_a_036', 'floor_b_036']::TEXT[]),
    ('building_demo_037', 'hotel_demo_018', 'Garden Wing', ARRAY['floor_a_037', 'floor_b_037']::TEXT[]),
    ('building_demo_038', 'hotel_demo_019', 'Lake Wing', ARRAY['floor_a_038', 'floor_b_038']::TEXT[]),
    ('building_demo_039', 'hotel_demo_020', 'Executive Wing', ARRAY['floor_a_039', 'floor_b_039']::TEXT[]),
    ('building_demo_040', 'hotel_demo_021', 'Main Wing', ARRAY['floor_a_040', 'floor_b_040']::TEXT[]),
    ('building_demo_041', 'hotel_demo_022', 'Garden Wing', ARRAY['floor_a_041', 'floor_b_041']::TEXT[]),
    ('building_demo_042', 'hotel_demo_023', 'Lake Wing', ARRAY['floor_a_042', 'floor_b_042']::TEXT[]),
    ('building_demo_043', 'hotel_demo_024', 'Executive Wing', ARRAY['floor_a_043', 'floor_b_043']::TEXT[]),
    ('building_demo_044', 'hotel_demo_025', 'Main Wing', ARRAY['floor_a_044', 'floor_b_044']::TEXT[]),
    ('building_demo_045', 'hotel_demo_026', 'Garden Wing', ARRAY['floor_a_045', 'floor_b_045']::TEXT[]),
    ('building_demo_046', 'hotel_demo_027', 'Lake Wing', ARRAY['floor_a_046', 'floor_b_046']::TEXT[]),
    ('building_demo_047', 'hotel_demo_028', 'Executive Wing', ARRAY['floor_a_047', 'floor_b_047']::TEXT[]),
    ('building_demo_048', 'hotel_demo_029', 'Main Wing', ARRAY['floor_a_048', 'floor_b_048']::TEXT[]),
    ('building_demo_049', 'hotel_demo_030', 'Garden Wing', ARRAY['floor_a_049', 'floor_b_049']::TEXT[]),
    ('building_demo_050', 'hotel_demo_031', 'Lake Wing', ARRAY['floor_a_050', 'floor_b_050']::TEXT[]),
    ('building_demo_051', 'hotel_demo_032', 'Executive Wing', ARRAY['floor_a_051', 'floor_b_051']::TEXT[]),
    ('building_demo_052', 'hotel_demo_033', 'Main Wing', ARRAY['floor_a_052', 'floor_b_052']::TEXT[]),
    ('building_demo_053', 'hotel_demo_034', 'Garden Wing', ARRAY['floor_a_053', 'floor_b_053']::TEXT[]),
    ('building_demo_054', 'hotel_demo_035', 'Lake Wing', ARRAY['floor_a_054', 'floor_b_054']::TEXT[]),
    ('building_demo_055', 'hotel_demo_036', 'Executive Wing', ARRAY['floor_a_055', 'floor_b_055']::TEXT[]),
    ('building_demo_056', 'hotel_demo_037', 'Main Wing', ARRAY['floor_a_056', 'floor_b_056']::TEXT[]),
    ('building_demo_057', 'hotel_demo_038', 'Garden Wing', ARRAY['floor_a_057', 'floor_b_057']::TEXT[]),
    ('building_demo_058', 'hotel_demo_039', 'Lake Wing', ARRAY['floor_a_058', 'floor_b_058']::TEXT[]),
    ('building_demo_059', 'hotel_demo_040', 'Executive Wing', ARRAY['floor_a_059', 'floor_b_059']::TEXT[]),
    ('building_demo_060', 'hotel_demo_041', 'Main Wing', ARRAY['floor_a_060', 'floor_b_060']::TEXT[]),
    ('building_demo_061', 'hotel_demo_042', 'Garden Wing', ARRAY['floor_a_061', 'floor_b_061']::TEXT[]),
    ('building_demo_062', 'hotel_demo_043', 'Lake Wing', ARRAY['floor_a_062', 'floor_b_062']::TEXT[]),
    ('building_demo_063', 'hotel_demo_044', 'Executive Wing', ARRAY['floor_a_063', 'floor_b_063']::TEXT[]),
    ('building_demo_064', 'hotel_demo_045', 'Main Wing', ARRAY['floor_a_064', 'floor_b_064']::TEXT[]),
    ('building_demo_065', 'hotel_demo_046', 'Garden Wing', ARRAY['floor_a_065', 'floor_b_065']::TEXT[]),
    ('building_demo_066', 'hotel_demo_047', 'Lake Wing', ARRAY['floor_a_066', 'floor_b_066']::TEXT[]),
    ('building_demo_067', 'hotel_demo_048', 'Executive Wing', ARRAY['floor_a_067', 'floor_b_067']::TEXT[]),
    ('building_demo_068', 'hotel_demo_049', 'Main Wing', ARRAY['floor_a_068', 'floor_b_068']::TEXT[]),
    ('building_demo_069', 'hotel_demo_050', 'Garden Wing', ARRAY['floor_a_069', 'floor_b_069']::TEXT[]),
    ('building_demo_070', 'hotel_demo_051', 'Lake Wing', ARRAY['floor_a_070', 'floor_b_070']::TEXT[]),
    ('building_demo_071', 'hotel_demo_052', 'Executive Wing', ARRAY['floor_a_071', 'floor_b_071']::TEXT[]),
    ('building_demo_072', 'hotel_demo_053', 'Main Wing', ARRAY['floor_a_072', 'floor_b_072']::TEXT[]),
    ('building_demo_073', 'hotel_demo_054', 'Garden Wing', ARRAY['floor_a_073', 'floor_b_073']::TEXT[]),
    ('building_demo_074', 'hotel_demo_055', 'Lake Wing', ARRAY['floor_a_074', 'floor_b_074']::TEXT[]),
    ('building_demo_075', 'hotel_demo_056', 'Executive Wing', ARRAY['floor_a_075', 'floor_b_075']::TEXT[]),
    ('building_demo_076', 'hotel_demo_057', 'Main Wing', ARRAY['floor_a_076', 'floor_b_076']::TEXT[]),
    ('building_demo_077', 'hotel_demo_058', 'Garden Wing', ARRAY['floor_a_077', 'floor_b_077']::TEXT[]),
    ('building_demo_078', 'hotel_demo_059', 'Lake Wing', ARRAY['floor_a_078', 'floor_b_078']::TEXT[]),
    ('building_demo_079', 'hotel_demo_060', 'Executive Wing', ARRAY['floor_a_079', 'floor_b_079']::TEXT[]),
    ('building_demo_080', 'hotel_demo_061', 'Main Wing', ARRAY['floor_a_080', 'floor_b_080']::TEXT[]),
    ('building_demo_081', 'hotel_demo_062', 'Garden Wing', ARRAY['floor_a_081', 'floor_b_081']::TEXT[]),
    ('building_demo_082', 'hotel_demo_063', 'Lake Wing', ARRAY['floor_a_082', 'floor_b_082']::TEXT[]),
    ('building_demo_083', 'hotel_demo_064', 'Executive Wing', ARRAY['floor_a_083', 'floor_b_083']::TEXT[]),
    ('building_demo_084', 'hotel_demo_065', 'Main Wing', ARRAY['floor_a_084', 'floor_b_084']::TEXT[]),
    ('building_demo_085', 'hotel_demo_066', 'Garden Wing', ARRAY['floor_a_085', 'floor_b_085']::TEXT[]),
    ('building_demo_086', 'hotel_demo_067', 'Lake Wing', ARRAY['floor_a_086', 'floor_b_086']::TEXT[]),
    ('building_demo_087', 'hotel_demo_068', 'Executive Wing', ARRAY['floor_a_087', 'floor_b_087']::TEXT[]),
    ('building_demo_088', 'hotel_demo_069', 'Main Wing', ARRAY['floor_a_088', 'floor_b_088']::TEXT[]),
    ('building_demo_089', 'hotel_demo_070', 'Garden Wing', ARRAY['floor_a_089', 'floor_b_089']::TEXT[]),
    ('building_demo_090', 'hotel_demo_071', 'Lake Wing', ARRAY['floor_a_090', 'floor_b_090']::TEXT[]),
    ('building_demo_091', 'hotel_demo_072', 'Executive Wing', ARRAY['floor_a_091', 'floor_b_091']::TEXT[]),
    ('building_demo_092', 'hotel_demo_073', 'Main Wing', ARRAY['floor_a_092', 'floor_b_092']::TEXT[]),
    ('building_demo_093', 'hotel_demo_074', 'Garden Wing', ARRAY['floor_a_093', 'floor_b_093']::TEXT[]),
    ('building_demo_094', 'hotel_demo_075', 'Lake Wing', ARRAY['floor_a_094', 'floor_b_094']::TEXT[]),
    ('building_demo_095', 'hotel_demo_076', 'Executive Wing', ARRAY['floor_a_095', 'floor_b_095']::TEXT[]),
    ('building_demo_096', 'hotel_demo_077', 'Main Wing', ARRAY['floor_a_096', 'floor_b_096']::TEXT[]),
    ('building_demo_097', 'hotel_demo_078', 'Garden Wing', ARRAY['floor_a_097', 'floor_b_097']::TEXT[]),
    ('building_demo_098', 'hotel_demo_079', 'Lake Wing', ARRAY['floor_a_098', 'floor_b_098']::TEXT[]),
    ('building_demo_099', 'hotel_demo_080', 'Executive Wing', ARRAY['floor_a_099', 'floor_b_099']::TEXT[]);

INSERT INTO place_services (id, place_id, title, description, category, pricing_kind, amount_label, requestable) VALUES
    ('svc_room_key', 'rw-kgl-marriott', 'Room access', 'Use the active pass to confirm guest access to the room and hotel services.', 'ACCESS', 'INCLUDED', NULL, FALSE),
    ('svc_late_checkout', 'rw-kgl-marriott', 'Late checkout', 'Ask reception for a later checkout time when room availability allows.', 'CHECKOUT', 'REQUIRES_CONFIRMATION', NULL, TRUE),
    ('svc_towels', 'rw-kgl-marriott', 'Fresh towels', 'Request towels or simple room-care support from housekeeping.', 'ROOM_CARE', 'INCLUDED', NULL, TRUE),
    ('svc_water', 'rw-kgl-marriott', 'Bottled water', 'Request drinking water for the room or event table.', 'DRINK', 'FREE', NULL, TRUE),
    ('svc_breakfast', 'rw-kgl-marriott', 'Breakfast', 'Access breakfast according to the guest stay or event package.', 'FOOD', 'REQUIRES_CONFIRMATION', NULL, TRUE),
    ('svc_spa', 'rw-kgl-marriott', 'Signature spa treatment', 'Reserve a wellness session at Ubumwe Spa.', 'ADD_ON', 'PAID', 'From RWF 55,000', TRUE),
    ('svc_room-access_002', 'hotel_serena', 'Room access', 'Digital access for rooms and common guest spaces.', 'ACCESS', 'INCLUDED', NULL, FALSE),
    ('svc_late-checkout_002', 'hotel_serena', 'Late checkout', 'Request a later departure based on availability.', 'CHECKOUT', 'REQUIRES_CONFIRMATION', NULL, TRUE),
    ('svc_breakfast_002', 'hotel_serena', 'Breakfast', 'Breakfast access according to booking or package.', 'FOOD', 'INCLUDED', NULL, TRUE),
    ('svc_airport-pickup_002', 'hotel_serena', 'Airport pickup', 'Private transfer between airport and property.', 'TRANSFER', 'PAID', 'From RWF 35,000', TRUE),
    ('svc_room-access_003', 'hotel_radisson_blu', 'Room access', 'Digital access for rooms and common guest spaces.', 'ACCESS', 'INCLUDED', NULL, FALSE),
    ('svc_late-checkout_003', 'hotel_radisson_blu', 'Late checkout', 'Request a later departure based on availability.', 'CHECKOUT', 'REQUIRES_CONFIRMATION', NULL, TRUE),
    ('svc_breakfast_003', 'hotel_radisson_blu', 'Breakfast', 'Breakfast access according to booking or package.', 'FOOD', 'INCLUDED', NULL, TRUE),
    ('svc_airport-pickup_003', 'hotel_radisson_blu', 'Airport pickup', 'Private transfer between airport and property.', 'TRANSFER', 'PAID', 'From RWF 35,000', TRUE),
    ('svc_room-access_004', 'hotel_four_points', 'Room access', 'Digital access for rooms and common guest spaces.', 'ACCESS', 'INCLUDED', NULL, FALSE),
    ('svc_late-checkout_004', 'hotel_four_points', 'Late checkout', 'Request a later departure based on availability.', 'CHECKOUT', 'REQUIRES_CONFIRMATION', NULL, TRUE),
    ('svc_breakfast_004', 'hotel_four_points', 'Breakfast', 'Breakfast access according to booking or package.', 'FOOD', 'INCLUDED', NULL, TRUE),
    ('svc_airport-pickup_004', 'hotel_four_points', 'Airport pickup', 'Private transfer between airport and property.', 'TRANSFER', 'PAID', 'From RWF 35,000', TRUE),
    ('svc_room-access_005', 'hotel_mille_collines', 'Room access', 'Digital access for rooms and common guest spaces.', 'ACCESS', 'INCLUDED', NULL, FALSE),
    ('svc_late-checkout_005', 'hotel_mille_collines', 'Late checkout', 'Request a later departure based on availability.', 'CHECKOUT', 'REQUIRES_CONFIRMATION', NULL, TRUE),
    ('svc_breakfast_005', 'hotel_mille_collines', 'Breakfast', 'Breakfast access according to booking or package.', 'FOOD', 'INCLUDED', NULL, TRUE),
    ('svc_airport-pickup_005', 'hotel_mille_collines', 'Airport pickup', 'Private transfer between airport and property.', 'TRANSFER', 'PAID', 'From RWF 35,000', TRUE),
    ('svc_room-access_006', 'hotel_the_retreat', 'Room access', 'Digital access for rooms and common guest spaces.', 'ACCESS', 'INCLUDED', NULL, FALSE),
    ('svc_late-checkout_006', 'hotel_the_retreat', 'Late checkout', 'Request a later departure based on availability.', 'CHECKOUT', 'REQUIRES_CONFIRMATION', NULL, TRUE),
    ('svc_breakfast_006', 'hotel_the_retreat', 'Breakfast', 'Breakfast access according to booking or package.', 'FOOD', 'INCLUDED', NULL, TRUE),
    ('svc_airport-pickup_006', 'hotel_the_retreat', 'Airport pickup', 'Private transfer between airport and property.', 'TRANSFER', 'PAID', 'From RWF 35,000', TRUE),
    ('svc_room-access_007', 'hotel_park_inn', 'Room access', 'Digital access for rooms and common guest spaces.', 'ACCESS', 'INCLUDED', NULL, FALSE),
    ('svc_late-checkout_007', 'hotel_park_inn', 'Late checkout', 'Request a later departure based on availability.', 'CHECKOUT', 'REQUIRES_CONFIRMATION', NULL, TRUE),
    ('svc_breakfast_007', 'hotel_park_inn', 'Breakfast', 'Breakfast access according to booking or package.', 'FOOD', 'INCLUDED', NULL, TRUE),
    ('svc_airport-pickup_007', 'hotel_park_inn', 'Airport pickup', 'Private transfer between airport and property.', 'TRANSFER', 'PAID', 'From RWF 35,000', TRUE),
    ('svc_room-access_008', 'hotel_lemigo', 'Room access', 'Digital access for rooms and common guest spaces.', 'ACCESS', 'INCLUDED', NULL, FALSE),
    ('svc_late-checkout_008', 'hotel_lemigo', 'Late checkout', 'Request a later departure based on availability.', 'CHECKOUT', 'REQUIRES_CONFIRMATION', NULL, TRUE),
    ('svc_breakfast_008', 'hotel_lemigo', 'Breakfast', 'Breakfast access according to booking or package.', 'FOOD', 'INCLUDED', NULL, TRUE),
    ('svc_airport-pickup_008', 'hotel_lemigo', 'Airport pickup', 'Private transfer between airport and property.', 'TRANSFER', 'PAID', 'From RWF 35,000', TRUE),
    ('svc_room-access_009', 'hotel_urban_city', 'Room access', 'Digital access for rooms and common guest spaces.', 'ACCESS', 'INCLUDED', NULL, FALSE),
    ('svc_late-checkout_009', 'hotel_urban_city', 'Late checkout', 'Request a later departure based on availability.', 'CHECKOUT', 'REQUIRES_CONFIRMATION', NULL, TRUE),
    ('svc_breakfast_009', 'hotel_urban_city', 'Breakfast', 'Breakfast access according to booking or package.', 'FOOD', 'INCLUDED', NULL, TRUE),
    ('svc_airport-pickup_009', 'hotel_urban_city', 'Airport pickup', 'Private transfer between airport and property.', 'TRANSFER', 'PAID', 'From RWF 35,000', TRUE),
    ('svc_room-access_010', 'hotel_gorillas_nest', 'Room access', 'Digital access for rooms and common guest spaces.', 'ACCESS', 'INCLUDED', NULL, FALSE),
    ('svc_late-checkout_010', 'hotel_gorillas_nest', 'Late checkout', 'Request a later departure based on availability.', 'CHECKOUT', 'REQUIRES_CONFIRMATION', NULL, TRUE),
    ('svc_breakfast_010', 'hotel_gorillas_nest', 'Breakfast', 'Breakfast access according to booking or package.', 'FOOD', 'INCLUDED', NULL, TRUE),
    ('svc_airport-pickup_010', 'hotel_gorillas_nest', 'Airport pickup', 'Private transfer between airport and property.', 'TRANSFER', 'PAID', 'From RWF 35,000', TRUE),
    ('svc_room-access_011', 'hotel_bisate', 'Room access', 'Digital access for rooms and common guest spaces.', 'ACCESS', 'INCLUDED', NULL, FALSE),
    ('svc_late-checkout_011', 'hotel_bisate', 'Late checkout', 'Request a later departure based on availability.', 'CHECKOUT', 'REQUIRES_CONFIRMATION', NULL, TRUE),
    ('svc_breakfast_011', 'hotel_bisate', 'Breakfast', 'Breakfast access according to booking or package.', 'FOOD', 'INCLUDED', NULL, TRUE),
    ('svc_airport-pickup_011', 'hotel_bisate', 'Airport pickup', 'Private transfer between airport and property.', 'TRANSFER', 'PAID', 'From RWF 35,000', TRUE),
    ('svc_room-access_012', 'hotel_singita', 'Room access', 'Digital access for rooms and common guest spaces.', 'ACCESS', 'INCLUDED', NULL, FALSE),
    ('svc_late-checkout_012', 'hotel_singita', 'Late checkout', 'Request a later departure based on availability.', 'CHECKOUT', 'REQUIRES_CONFIRMATION', NULL, TRUE),
    ('svc_breakfast_012', 'hotel_singita', 'Breakfast', 'Breakfast access according to booking or package.', 'FOOD', 'INCLUDED', NULL, TRUE),
    ('svc_airport-pickup_012', 'hotel_singita', 'Airport pickup', 'Private transfer between airport and property.', 'TRANSFER', 'PAID', 'From RWF 35,000', TRUE),
    ('svc_room-access_013', 'hotel_ingagi', 'Room access', 'Digital access for rooms and common guest spaces.', 'ACCESS', 'INCLUDED', NULL, FALSE),
    ('svc_late-checkout_013', 'hotel_ingagi', 'Late checkout', 'Request a later departure based on availability.', 'CHECKOUT', 'REQUIRES_CONFIRMATION', NULL, TRUE),
    ('svc_breakfast_013', 'hotel_ingagi', 'Breakfast', 'Breakfast access according to booking or package.', 'FOOD', 'INCLUDED', NULL, TRUE),
    ('svc_airport-pickup_013', 'hotel_ingagi', 'Airport pickup', 'Private transfer between airport and property.', 'TRANSFER', 'PAID', 'From RWF 35,000', TRUE),
    ('svc_room-access_014', 'hotel_kivu_serena', 'Room access', 'Digital access for rooms and common guest spaces.', 'ACCESS', 'INCLUDED', NULL, FALSE),
    ('svc_late-checkout_014', 'hotel_kivu_serena', 'Late checkout', 'Request a later departure based on availability.', 'CHECKOUT', 'REQUIRES_CONFIRMATION', NULL, TRUE),
    ('svc_breakfast_014', 'hotel_kivu_serena', 'Breakfast', 'Breakfast access according to booking or package.', 'FOOD', 'INCLUDED', NULL, TRUE),
    ('svc_airport-pickup_014', 'hotel_kivu_serena', 'Airport pickup', 'Private transfer between airport and property.', 'TRANSFER', 'PAID', 'From RWF 35,000', TRUE),
    ('svc_room-access_015', 'hotel_cormoran', 'Room access', 'Digital access for rooms and common guest spaces.', 'ACCESS', 'INCLUDED', NULL, FALSE),
    ('svc_late-checkout_015', 'hotel_cormoran', 'Late checkout', 'Request a later departure based on availability.', 'CHECKOUT', 'REQUIRES_CONFIRMATION', NULL, TRUE),
    ('svc_breakfast_015', 'hotel_cormoran', 'Breakfast', 'Breakfast access according to booking or package.', 'FOOD', 'INCLUDED', NULL, TRUE),
    ('svc_airport-pickup_015', 'hotel_cormoran', 'Airport pickup', 'Private transfer between airport and property.', 'TRANSFER', 'PAID', 'From RWF 35,000', TRUE),
    ('svc_room-access_016', 'hotel_palm_beach', 'Room access', 'Digital access for rooms and common guest spaces.', 'ACCESS', 'INCLUDED', NULL, FALSE),
    ('svc_late-checkout_016', 'hotel_palm_beach', 'Late checkout', 'Request a later departure based on availability.', 'CHECKOUT', 'REQUIRES_CONFIRMATION', NULL, TRUE),
    ('svc_breakfast_016', 'hotel_palm_beach', 'Breakfast', 'Breakfast access according to booking or package.', 'FOOD', 'INCLUDED', NULL, TRUE),
    ('svc_airport-pickup_016', 'hotel_palm_beach', 'Airport pickup', 'Private transfer between airport and property.', 'TRANSFER', 'PAID', 'From RWF 35,000', TRUE),
    ('svc_room-access_017', 'hotel_moriah_hill', 'Room access', 'Digital access for rooms and common guest spaces.', 'ACCESS', 'INCLUDED', NULL, FALSE),
    ('svc_late-checkout_017', 'hotel_moriah_hill', 'Late checkout', 'Request a later departure based on availability.', 'CHECKOUT', 'REQUIRES_CONFIRMATION', NULL, TRUE),
    ('svc_breakfast_017', 'hotel_moriah_hill', 'Breakfast', 'Breakfast access according to booking or package.', 'FOOD', 'INCLUDED', NULL, TRUE),
    ('svc_airport-pickup_017', 'hotel_moriah_hill', 'Airport pickup', 'Private transfer between airport and property.', 'TRANSFER', 'PAID', 'From RWF 35,000', TRUE),
    ('svc_room-access_018', 'hotel_hill_view', 'Room access', 'Digital access for rooms and common guest spaces.', 'ACCESS', 'INCLUDED', NULL, FALSE),
    ('svc_late-checkout_018', 'hotel_hill_view', 'Late checkout', 'Request a later departure based on availability.', 'CHECKOUT', 'REQUIRES_CONFIRMATION', NULL, TRUE),
    ('svc_breakfast_018', 'hotel_hill_view', 'Breakfast', 'Breakfast access according to booking or package.', 'FOOD', 'INCLUDED', NULL, TRUE),
    ('svc_airport-pickup_018', 'hotel_hill_view', 'Airport pickup', 'Private transfer between airport and property.', 'TRANSFER', 'PAID', 'From RWF 35,000', TRUE),
    ('svc_room-access_019', 'hotel_kitabi', 'Room access', 'Digital access for rooms and common guest spaces.', 'ACCESS', 'INCLUDED', NULL, FALSE),
    ('svc_late-checkout_019', 'hotel_kitabi', 'Late checkout', 'Request a later departure based on availability.', 'CHECKOUT', 'REQUIRES_CONFIRMATION', NULL, TRUE),
    ('svc_breakfast_019', 'hotel_kitabi', 'Breakfast', 'Breakfast access according to booking or package.', 'FOOD', 'INCLUDED', NULL, TRUE),
    ('svc_airport-pickup_019', 'hotel_kitabi', 'Airport pickup', 'Private transfer between airport and property.', 'TRANSFER', 'PAID', 'From RWF 35,000', TRUE),
    ('svc_room-access_020', 'hotel_akagera', 'Room access', 'Digital access for rooms and common guest spaces.', 'ACCESS', 'INCLUDED', NULL, FALSE),
    ('svc_late-checkout_020', 'hotel_akagera', 'Late checkout', 'Request a later departure based on availability.', 'CHECKOUT', 'REQUIRES_CONFIRMATION', NULL, TRUE),
    ('svc_breakfast_020', 'hotel_akagera', 'Breakfast', 'Breakfast access according to booking or package.', 'FOOD', 'INCLUDED', NULL, TRUE),
    ('svc_airport-pickup_020', 'hotel_akagera', 'Airport pickup', 'Private transfer between airport and property.', 'TRANSFER', 'PAID', 'From RWF 35,000', TRUE),
    ('svc_room-access_021', 'hotel_demo_001', 'Room access', 'Digital access for rooms and common guest spaces.', 'ACCESS', 'INCLUDED', NULL, FALSE),
    ('svc_late-checkout_021', 'hotel_demo_001', 'Late checkout', 'Request a later departure based on availability.', 'CHECKOUT', 'REQUIRES_CONFIRMATION', NULL, TRUE),
    ('svc_breakfast_021', 'hotel_demo_001', 'Breakfast', 'Breakfast access according to booking or package.', 'FOOD', 'INCLUDED', NULL, TRUE),
    ('svc_airport-pickup_021', 'hotel_demo_001', 'Airport pickup', 'Private transfer between airport and property.', 'TRANSFER', 'PAID', 'From RWF 35,000', TRUE),
    ('svc_room-access_022', 'hotel_demo_002', 'Room access', 'Digital access for rooms and common guest spaces.', 'ACCESS', 'INCLUDED', NULL, FALSE),
    ('svc_late-checkout_022', 'hotel_demo_002', 'Late checkout', 'Request a later departure based on availability.', 'CHECKOUT', 'REQUIRES_CONFIRMATION', NULL, TRUE),
    ('svc_breakfast_022', 'hotel_demo_002', 'Breakfast', 'Breakfast access according to booking or package.', 'FOOD', 'INCLUDED', NULL, TRUE),
    ('svc_airport-pickup_022', 'hotel_demo_002', 'Airport pickup', 'Private transfer between airport and property.', 'TRANSFER', 'PAID', 'From RWF 35,000', TRUE),
    ('svc_room-access_023', 'hotel_demo_003', 'Room access', 'Digital access for rooms and common guest spaces.', 'ACCESS', 'INCLUDED', NULL, FALSE),
    ('svc_late-checkout_023', 'hotel_demo_003', 'Late checkout', 'Request a later departure based on availability.', 'CHECKOUT', 'REQUIRES_CONFIRMATION', NULL, TRUE),
    ('svc_breakfast_023', 'hotel_demo_003', 'Breakfast', 'Breakfast access according to booking or package.', 'FOOD', 'INCLUDED', NULL, TRUE),
    ('svc_airport-pickup_023', 'hotel_demo_003', 'Airport pickup', 'Private transfer between airport and property.', 'TRANSFER', 'PAID', 'From RWF 35,000', TRUE),
    ('svc_room-access_024', 'hotel_demo_004', 'Room access', 'Digital access for rooms and common guest spaces.', 'ACCESS', 'INCLUDED', NULL, FALSE),
    ('svc_late-checkout_024', 'hotel_demo_004', 'Late checkout', 'Request a later departure based on availability.', 'CHECKOUT', 'REQUIRES_CONFIRMATION', NULL, TRUE),
    ('svc_breakfast_024', 'hotel_demo_004', 'Breakfast', 'Breakfast access according to booking or package.', 'FOOD', 'INCLUDED', NULL, TRUE),
    ('svc_airport-pickup_024', 'hotel_demo_004', 'Airport pickup', 'Private transfer between airport and property.', 'TRANSFER', 'PAID', 'From RWF 35,000', TRUE),
    ('svc_room-access_025', 'hotel_demo_005', 'Room access', 'Digital access for rooms and common guest spaces.', 'ACCESS', 'INCLUDED', NULL, FALSE),
    ('svc_late-checkout_025', 'hotel_demo_005', 'Late checkout', 'Request a later departure based on availability.', 'CHECKOUT', 'REQUIRES_CONFIRMATION', NULL, TRUE),
    ('svc_breakfast_025', 'hotel_demo_005', 'Breakfast', 'Breakfast access according to booking or package.', 'FOOD', 'INCLUDED', NULL, TRUE),
    ('svc_airport-pickup_025', 'hotel_demo_005', 'Airport pickup', 'Private transfer between airport and property.', 'TRANSFER', 'PAID', 'From RWF 35,000', TRUE),
    ('svc_room-access_026', 'hotel_demo_006', 'Room access', 'Digital access for rooms and common guest spaces.', 'ACCESS', 'INCLUDED', NULL, FALSE),
    ('svc_late-checkout_026', 'hotel_demo_006', 'Late checkout', 'Request a later departure based on availability.', 'CHECKOUT', 'REQUIRES_CONFIRMATION', NULL, TRUE),
    ('svc_breakfast_026', 'hotel_demo_006', 'Breakfast', 'Breakfast access according to booking or package.', 'FOOD', 'INCLUDED', NULL, TRUE),
    ('svc_airport-pickup_026', 'hotel_demo_006', 'Airport pickup', 'Private transfer between airport and property.', 'TRANSFER', 'PAID', 'From RWF 35,000', TRUE),
    ('svc_room-access_027', 'hotel_demo_007', 'Room access', 'Digital access for rooms and common guest spaces.', 'ACCESS', 'INCLUDED', NULL, FALSE),
    ('svc_late-checkout_027', 'hotel_demo_007', 'Late checkout', 'Request a later departure based on availability.', 'CHECKOUT', 'REQUIRES_CONFIRMATION', NULL, TRUE),
    ('svc_breakfast_027', 'hotel_demo_007', 'Breakfast', 'Breakfast access according to booking or package.', 'FOOD', 'INCLUDED', NULL, TRUE),
    ('svc_airport-pickup_027', 'hotel_demo_007', 'Airport pickup', 'Private transfer between airport and property.', 'TRANSFER', 'PAID', 'From RWF 35,000', TRUE),
    ('svc_room-access_028', 'hotel_demo_008', 'Room access', 'Digital access for rooms and common guest spaces.', 'ACCESS', 'INCLUDED', NULL, FALSE),
    ('svc_late-checkout_028', 'hotel_demo_008', 'Late checkout', 'Request a later departure based on availability.', 'CHECKOUT', 'REQUIRES_CONFIRMATION', NULL, TRUE),
    ('svc_breakfast_028', 'hotel_demo_008', 'Breakfast', 'Breakfast access according to booking or package.', 'FOOD', 'INCLUDED', NULL, TRUE),
    ('svc_airport-pickup_028', 'hotel_demo_008', 'Airport pickup', 'Private transfer between airport and property.', 'TRANSFER', 'PAID', 'From RWF 35,000', TRUE),
    ('svc_room-access_029', 'hotel_demo_009', 'Room access', 'Digital access for rooms and common guest spaces.', 'ACCESS', 'INCLUDED', NULL, FALSE),
    ('svc_late-checkout_029', 'hotel_demo_009', 'Late checkout', 'Request a later departure based on availability.', 'CHECKOUT', 'REQUIRES_CONFIRMATION', NULL, TRUE),
    ('svc_breakfast_029', 'hotel_demo_009', 'Breakfast', 'Breakfast access according to booking or package.', 'FOOD', 'INCLUDED', NULL, TRUE),
    ('svc_airport-pickup_029', 'hotel_demo_009', 'Airport pickup', 'Private transfer between airport and property.', 'TRANSFER', 'PAID', 'From RWF 35,000', TRUE),
    ('svc_room-access_030', 'hotel_demo_010', 'Room access', 'Digital access for rooms and common guest spaces.', 'ACCESS', 'INCLUDED', NULL, FALSE),
    ('svc_late-checkout_030', 'hotel_demo_010', 'Late checkout', 'Request a later departure based on availability.', 'CHECKOUT', 'REQUIRES_CONFIRMATION', NULL, TRUE),
    ('svc_breakfast_030', 'hotel_demo_010', 'Breakfast', 'Breakfast access according to booking or package.', 'FOOD', 'INCLUDED', NULL, TRUE),
    ('svc_airport-pickup_030', 'hotel_demo_010', 'Airport pickup', 'Private transfer between airport and property.', 'TRANSFER', 'PAID', 'From RWF 35,000', TRUE),
    ('svc_room-access_031', 'hotel_demo_011', 'Room access', 'Digital access for rooms and common guest spaces.', 'ACCESS', 'INCLUDED', NULL, FALSE),
    ('svc_late-checkout_031', 'hotel_demo_011', 'Late checkout', 'Request a later departure based on availability.', 'CHECKOUT', 'REQUIRES_CONFIRMATION', NULL, TRUE),
    ('svc_breakfast_031', 'hotel_demo_011', 'Breakfast', 'Breakfast access according to booking or package.', 'FOOD', 'INCLUDED', NULL, TRUE),
    ('svc_airport-pickup_031', 'hotel_demo_011', 'Airport pickup', 'Private transfer between airport and property.', 'TRANSFER', 'PAID', 'From RWF 35,000', TRUE),
    ('svc_room-access_032', 'hotel_demo_012', 'Room access', 'Digital access for rooms and common guest spaces.', 'ACCESS', 'INCLUDED', NULL, FALSE),
    ('svc_late-checkout_032', 'hotel_demo_012', 'Late checkout', 'Request a later departure based on availability.', 'CHECKOUT', 'REQUIRES_CONFIRMATION', NULL, TRUE),
    ('svc_breakfast_032', 'hotel_demo_012', 'Breakfast', 'Breakfast access according to booking or package.', 'FOOD', 'INCLUDED', NULL, TRUE),
    ('svc_airport-pickup_032', 'hotel_demo_012', 'Airport pickup', 'Private transfer between airport and property.', 'TRANSFER', 'PAID', 'From RWF 35,000', TRUE),
    ('svc_room-access_033', 'hotel_demo_013', 'Room access', 'Digital access for rooms and common guest spaces.', 'ACCESS', 'INCLUDED', NULL, FALSE),
    ('svc_late-checkout_033', 'hotel_demo_013', 'Late checkout', 'Request a later departure based on availability.', 'CHECKOUT', 'REQUIRES_CONFIRMATION', NULL, TRUE),
    ('svc_breakfast_033', 'hotel_demo_013', 'Breakfast', 'Breakfast access according to booking or package.', 'FOOD', 'INCLUDED', NULL, TRUE),
    ('svc_airport-pickup_033', 'hotel_demo_013', 'Airport pickup', 'Private transfer between airport and property.', 'TRANSFER', 'PAID', 'From RWF 35,000', TRUE),
    ('svc_room-access_034', 'hotel_demo_014', 'Room access', 'Digital access for rooms and common guest spaces.', 'ACCESS', 'INCLUDED', NULL, FALSE),
    ('svc_late-checkout_034', 'hotel_demo_014', 'Late checkout', 'Request a later departure based on availability.', 'CHECKOUT', 'REQUIRES_CONFIRMATION', NULL, TRUE),
    ('svc_breakfast_034', 'hotel_demo_014', 'Breakfast', 'Breakfast access according to booking or package.', 'FOOD', 'INCLUDED', NULL, TRUE),
    ('svc_airport-pickup_034', 'hotel_demo_014', 'Airport pickup', 'Private transfer between airport and property.', 'TRANSFER', 'PAID', 'From RWF 35,000', TRUE),
    ('svc_room-access_035', 'hotel_demo_015', 'Room access', 'Digital access for rooms and common guest spaces.', 'ACCESS', 'INCLUDED', NULL, FALSE),
    ('svc_late-checkout_035', 'hotel_demo_015', 'Late checkout', 'Request a later departure based on availability.', 'CHECKOUT', 'REQUIRES_CONFIRMATION', NULL, TRUE),
    ('svc_breakfast_035', 'hotel_demo_015', 'Breakfast', 'Breakfast access according to booking or package.', 'FOOD', 'INCLUDED', NULL, TRUE),
    ('svc_airport-pickup_035', 'hotel_demo_015', 'Airport pickup', 'Private transfer between airport and property.', 'TRANSFER', 'PAID', 'From RWF 35,000', TRUE),
    ('svc_room-access_036', 'hotel_demo_016', 'Room access', 'Digital access for rooms and common guest spaces.', 'ACCESS', 'INCLUDED', NULL, FALSE),
    ('svc_late-checkout_036', 'hotel_demo_016', 'Late checkout', 'Request a later departure based on availability.', 'CHECKOUT', 'REQUIRES_CONFIRMATION', NULL, TRUE),
    ('svc_breakfast_036', 'hotel_demo_016', 'Breakfast', 'Breakfast access according to booking or package.', 'FOOD', 'INCLUDED', NULL, TRUE),
    ('svc_airport-pickup_036', 'hotel_demo_016', 'Airport pickup', 'Private transfer between airport and property.', 'TRANSFER', 'PAID', 'From RWF 35,000', TRUE),
    ('svc_room-access_037', 'hotel_demo_017', 'Room access', 'Digital access for rooms and common guest spaces.', 'ACCESS', 'INCLUDED', NULL, FALSE),
    ('svc_late-checkout_037', 'hotel_demo_017', 'Late checkout', 'Request a later departure based on availability.', 'CHECKOUT', 'REQUIRES_CONFIRMATION', NULL, TRUE),
    ('svc_breakfast_037', 'hotel_demo_017', 'Breakfast', 'Breakfast access according to booking or package.', 'FOOD', 'INCLUDED', NULL, TRUE),
    ('svc_airport-pickup_037', 'hotel_demo_017', 'Airport pickup', 'Private transfer between airport and property.', 'TRANSFER', 'PAID', 'From RWF 35,000', TRUE),
    ('svc_room-access_038', 'hotel_demo_018', 'Room access', 'Digital access for rooms and common guest spaces.', 'ACCESS', 'INCLUDED', NULL, FALSE),
    ('svc_late-checkout_038', 'hotel_demo_018', 'Late checkout', 'Request a later departure based on availability.', 'CHECKOUT', 'REQUIRES_CONFIRMATION', NULL, TRUE),
    ('svc_breakfast_038', 'hotel_demo_018', 'Breakfast', 'Breakfast access according to booking or package.', 'FOOD', 'INCLUDED', NULL, TRUE),
    ('svc_airport-pickup_038', 'hotel_demo_018', 'Airport pickup', 'Private transfer between airport and property.', 'TRANSFER', 'PAID', 'From RWF 35,000', TRUE),
    ('svc_room-access_039', 'hotel_demo_019', 'Room access', 'Digital access for rooms and common guest spaces.', 'ACCESS', 'INCLUDED', NULL, FALSE),
    ('svc_late-checkout_039', 'hotel_demo_019', 'Late checkout', 'Request a later departure based on availability.', 'CHECKOUT', 'REQUIRES_CONFIRMATION', NULL, TRUE),
    ('svc_breakfast_039', 'hotel_demo_019', 'Breakfast', 'Breakfast access according to booking or package.', 'FOOD', 'INCLUDED', NULL, TRUE),
    ('svc_airport-pickup_039', 'hotel_demo_019', 'Airport pickup', 'Private transfer between airport and property.', 'TRANSFER', 'PAID', 'From RWF 35,000', TRUE),
    ('svc_room-access_040', 'hotel_demo_020', 'Room access', 'Digital access for rooms and common guest spaces.', 'ACCESS', 'INCLUDED', NULL, FALSE),
    ('svc_late-checkout_040', 'hotel_demo_020', 'Late checkout', 'Request a later departure based on availability.', 'CHECKOUT', 'REQUIRES_CONFIRMATION', NULL, TRUE),
    ('svc_breakfast_040', 'hotel_demo_020', 'Breakfast', 'Breakfast access according to booking or package.', 'FOOD', 'INCLUDED', NULL, TRUE),
    ('svc_airport-pickup_040', 'hotel_demo_020', 'Airport pickup', 'Private transfer between airport and property.', 'TRANSFER', 'PAID', 'From RWF 35,000', TRUE),
    ('svc_room-access_041', 'hotel_demo_021', 'Room access', 'Digital access for rooms and common guest spaces.', 'ACCESS', 'INCLUDED', NULL, FALSE),
    ('svc_late-checkout_041', 'hotel_demo_021', 'Late checkout', 'Request a later departure based on availability.', 'CHECKOUT', 'REQUIRES_CONFIRMATION', NULL, TRUE),
    ('svc_breakfast_041', 'hotel_demo_021', 'Breakfast', 'Breakfast access according to booking or package.', 'FOOD', 'INCLUDED', NULL, TRUE),
    ('svc_airport-pickup_041', 'hotel_demo_021', 'Airport pickup', 'Private transfer between airport and property.', 'TRANSFER', 'PAID', 'From RWF 35,000', TRUE),
    ('svc_room-access_042', 'hotel_demo_022', 'Room access', 'Digital access for rooms and common guest spaces.', 'ACCESS', 'INCLUDED', NULL, FALSE),
    ('svc_late-checkout_042', 'hotel_demo_022', 'Late checkout', 'Request a later departure based on availability.', 'CHECKOUT', 'REQUIRES_CONFIRMATION', NULL, TRUE),
    ('svc_breakfast_042', 'hotel_demo_022', 'Breakfast', 'Breakfast access according to booking or package.', 'FOOD', 'INCLUDED', NULL, TRUE),
    ('svc_airport-pickup_042', 'hotel_demo_022', 'Airport pickup', 'Private transfer between airport and property.', 'TRANSFER', 'PAID', 'From RWF 35,000', TRUE),
    ('svc_room-access_043', 'hotel_demo_023', 'Room access', 'Digital access for rooms and common guest spaces.', 'ACCESS', 'INCLUDED', NULL, FALSE),
    ('svc_late-checkout_043', 'hotel_demo_023', 'Late checkout', 'Request a later departure based on availability.', 'CHECKOUT', 'REQUIRES_CONFIRMATION', NULL, TRUE),
    ('svc_breakfast_043', 'hotel_demo_023', 'Breakfast', 'Breakfast access according to booking or package.', 'FOOD', 'INCLUDED', NULL, TRUE),
    ('svc_airport-pickup_043', 'hotel_demo_023', 'Airport pickup', 'Private transfer between airport and property.', 'TRANSFER', 'PAID', 'From RWF 35,000', TRUE),
    ('svc_room-access_044', 'hotel_demo_024', 'Room access', 'Digital access for rooms and common guest spaces.', 'ACCESS', 'INCLUDED', NULL, FALSE),
    ('svc_late-checkout_044', 'hotel_demo_024', 'Late checkout', 'Request a later departure based on availability.', 'CHECKOUT', 'REQUIRES_CONFIRMATION', NULL, TRUE),
    ('svc_breakfast_044', 'hotel_demo_024', 'Breakfast', 'Breakfast access according to booking or package.', 'FOOD', 'INCLUDED', NULL, TRUE),
    ('svc_airport-pickup_044', 'hotel_demo_024', 'Airport pickup', 'Private transfer between airport and property.', 'TRANSFER', 'PAID', 'From RWF 35,000', TRUE),
    ('svc_room-access_045', 'hotel_demo_025', 'Room access', 'Digital access for rooms and common guest spaces.', 'ACCESS', 'INCLUDED', NULL, FALSE),
    ('svc_late-checkout_045', 'hotel_demo_025', 'Late checkout', 'Request a later departure based on availability.', 'CHECKOUT', 'REQUIRES_CONFIRMATION', NULL, TRUE),
    ('svc_breakfast_045', 'hotel_demo_025', 'Breakfast', 'Breakfast access according to booking or package.', 'FOOD', 'INCLUDED', NULL, TRUE),
    ('svc_airport-pickup_045', 'hotel_demo_025', 'Airport pickup', 'Private transfer between airport and property.', 'TRANSFER', 'PAID', 'From RWF 35,000', TRUE),
    ('svc_room-access_046', 'hotel_demo_026', 'Room access', 'Digital access for rooms and common guest spaces.', 'ACCESS', 'INCLUDED', NULL, FALSE),
    ('svc_late-checkout_046', 'hotel_demo_026', 'Late checkout', 'Request a later departure based on availability.', 'CHECKOUT', 'REQUIRES_CONFIRMATION', NULL, TRUE),
    ('svc_breakfast_046', 'hotel_demo_026', 'Breakfast', 'Breakfast access according to booking or package.', 'FOOD', 'INCLUDED', NULL, TRUE),
    ('svc_airport-pickup_046', 'hotel_demo_026', 'Airport pickup', 'Private transfer between airport and property.', 'TRANSFER', 'PAID', 'From RWF 35,000', TRUE),
    ('svc_room-access_047', 'hotel_demo_027', 'Room access', 'Digital access for rooms and common guest spaces.', 'ACCESS', 'INCLUDED', NULL, FALSE),
    ('svc_late-checkout_047', 'hotel_demo_027', 'Late checkout', 'Request a later departure based on availability.', 'CHECKOUT', 'REQUIRES_CONFIRMATION', NULL, TRUE),
    ('svc_breakfast_047', 'hotel_demo_027', 'Breakfast', 'Breakfast access according to booking or package.', 'FOOD', 'INCLUDED', NULL, TRUE),
    ('svc_airport-pickup_047', 'hotel_demo_027', 'Airport pickup', 'Private transfer between airport and property.', 'TRANSFER', 'PAID', 'From RWF 35,000', TRUE),
    ('svc_room-access_048', 'hotel_demo_028', 'Room access', 'Digital access for rooms and common guest spaces.', 'ACCESS', 'INCLUDED', NULL, FALSE),
    ('svc_late-checkout_048', 'hotel_demo_028', 'Late checkout', 'Request a later departure based on availability.', 'CHECKOUT', 'REQUIRES_CONFIRMATION', NULL, TRUE),
    ('svc_breakfast_048', 'hotel_demo_028', 'Breakfast', 'Breakfast access according to booking or package.', 'FOOD', 'INCLUDED', NULL, TRUE),
    ('svc_airport-pickup_048', 'hotel_demo_028', 'Airport pickup', 'Private transfer between airport and property.', 'TRANSFER', 'PAID', 'From RWF 35,000', TRUE),
    ('svc_room-access_049', 'hotel_demo_029', 'Room access', 'Digital access for rooms and common guest spaces.', 'ACCESS', 'INCLUDED', NULL, FALSE),
    ('svc_late-checkout_049', 'hotel_demo_029', 'Late checkout', 'Request a later departure based on availability.', 'CHECKOUT', 'REQUIRES_CONFIRMATION', NULL, TRUE),
    ('svc_breakfast_049', 'hotel_demo_029', 'Breakfast', 'Breakfast access according to booking or package.', 'FOOD', 'INCLUDED', NULL, TRUE),
    ('svc_airport-pickup_049', 'hotel_demo_029', 'Airport pickup', 'Private transfer between airport and property.', 'TRANSFER', 'PAID', 'From RWF 35,000', TRUE),
    ('svc_room-access_050', 'hotel_demo_030', 'Room access', 'Digital access for rooms and common guest spaces.', 'ACCESS', 'INCLUDED', NULL, FALSE),
    ('svc_late-checkout_050', 'hotel_demo_030', 'Late checkout', 'Request a later departure based on availability.', 'CHECKOUT', 'REQUIRES_CONFIRMATION', NULL, TRUE),
    ('svc_breakfast_050', 'hotel_demo_030', 'Breakfast', 'Breakfast access according to booking or package.', 'FOOD', 'INCLUDED', NULL, TRUE),
    ('svc_airport-pickup_050', 'hotel_demo_030', 'Airport pickup', 'Private transfer between airport and property.', 'TRANSFER', 'PAID', 'From RWF 35,000', TRUE),
    ('svc_room-access_051', 'hotel_demo_031', 'Room access', 'Digital access for rooms and common guest spaces.', 'ACCESS', 'INCLUDED', NULL, FALSE),
    ('svc_late-checkout_051', 'hotel_demo_031', 'Late checkout', 'Request a later departure based on availability.', 'CHECKOUT', 'REQUIRES_CONFIRMATION', NULL, TRUE),
    ('svc_breakfast_051', 'hotel_demo_031', 'Breakfast', 'Breakfast access according to booking or package.', 'FOOD', 'INCLUDED', NULL, TRUE),
    ('svc_airport-pickup_051', 'hotel_demo_031', 'Airport pickup', 'Private transfer between airport and property.', 'TRANSFER', 'PAID', 'From RWF 35,000', TRUE),
    ('svc_room-access_052', 'hotel_demo_032', 'Room access', 'Digital access for rooms and common guest spaces.', 'ACCESS', 'INCLUDED', NULL, FALSE),
    ('svc_late-checkout_052', 'hotel_demo_032', 'Late checkout', 'Request a later departure based on availability.', 'CHECKOUT', 'REQUIRES_CONFIRMATION', NULL, TRUE),
    ('svc_breakfast_052', 'hotel_demo_032', 'Breakfast', 'Breakfast access according to booking or package.', 'FOOD', 'INCLUDED', NULL, TRUE),
    ('svc_airport-pickup_052', 'hotel_demo_032', 'Airport pickup', 'Private transfer between airport and property.', 'TRANSFER', 'PAID', 'From RWF 35,000', TRUE),
    ('svc_room-access_053', 'hotel_demo_033', 'Room access', 'Digital access for rooms and common guest spaces.', 'ACCESS', 'INCLUDED', NULL, FALSE),
    ('svc_late-checkout_053', 'hotel_demo_033', 'Late checkout', 'Request a later departure based on availability.', 'CHECKOUT', 'REQUIRES_CONFIRMATION', NULL, TRUE),
    ('svc_breakfast_053', 'hotel_demo_033', 'Breakfast', 'Breakfast access according to booking or package.', 'FOOD', 'INCLUDED', NULL, TRUE),
    ('svc_airport-pickup_053', 'hotel_demo_033', 'Airport pickup', 'Private transfer between airport and property.', 'TRANSFER', 'PAID', 'From RWF 35,000', TRUE),
    ('svc_room-access_054', 'hotel_demo_034', 'Room access', 'Digital access for rooms and common guest spaces.', 'ACCESS', 'INCLUDED', NULL, FALSE),
    ('svc_late-checkout_054', 'hotel_demo_034', 'Late checkout', 'Request a later departure based on availability.', 'CHECKOUT', 'REQUIRES_CONFIRMATION', NULL, TRUE),
    ('svc_breakfast_054', 'hotel_demo_034', 'Breakfast', 'Breakfast access according to booking or package.', 'FOOD', 'INCLUDED', NULL, TRUE),
    ('svc_airport-pickup_054', 'hotel_demo_034', 'Airport pickup', 'Private transfer between airport and property.', 'TRANSFER', 'PAID', 'From RWF 35,000', TRUE),
    ('svc_room-access_055', 'hotel_demo_035', 'Room access', 'Digital access for rooms and common guest spaces.', 'ACCESS', 'INCLUDED', NULL, FALSE),
    ('svc_late-checkout_055', 'hotel_demo_035', 'Late checkout', 'Request a later departure based on availability.', 'CHECKOUT', 'REQUIRES_CONFIRMATION', NULL, TRUE),
    ('svc_breakfast_055', 'hotel_demo_035', 'Breakfast', 'Breakfast access according to booking or package.', 'FOOD', 'INCLUDED', NULL, TRUE),
    ('svc_airport-pickup_055', 'hotel_demo_035', 'Airport pickup', 'Private transfer between airport and property.', 'TRANSFER', 'PAID', 'From RWF 35,000', TRUE),
    ('svc_room-access_056', 'hotel_demo_036', 'Room access', 'Digital access for rooms and common guest spaces.', 'ACCESS', 'INCLUDED', NULL, FALSE),
    ('svc_late-checkout_056', 'hotel_demo_036', 'Late checkout', 'Request a later departure based on availability.', 'CHECKOUT', 'REQUIRES_CONFIRMATION', NULL, TRUE),
    ('svc_breakfast_056', 'hotel_demo_036', 'Breakfast', 'Breakfast access according to booking or package.', 'FOOD', 'INCLUDED', NULL, TRUE),
    ('svc_airport-pickup_056', 'hotel_demo_036', 'Airport pickup', 'Private transfer between airport and property.', 'TRANSFER', 'PAID', 'From RWF 35,000', TRUE),
    ('svc_room-access_057', 'hotel_demo_037', 'Room access', 'Digital access for rooms and common guest spaces.', 'ACCESS', 'INCLUDED', NULL, FALSE),
    ('svc_late-checkout_057', 'hotel_demo_037', 'Late checkout', 'Request a later departure based on availability.', 'CHECKOUT', 'REQUIRES_CONFIRMATION', NULL, TRUE),
    ('svc_breakfast_057', 'hotel_demo_037', 'Breakfast', 'Breakfast access according to booking or package.', 'FOOD', 'INCLUDED', NULL, TRUE),
    ('svc_airport-pickup_057', 'hotel_demo_037', 'Airport pickup', 'Private transfer between airport and property.', 'TRANSFER', 'PAID', 'From RWF 35,000', TRUE),
    ('svc_room-access_058', 'hotel_demo_038', 'Room access', 'Digital access for rooms and common guest spaces.', 'ACCESS', 'INCLUDED', NULL, FALSE),
    ('svc_late-checkout_058', 'hotel_demo_038', 'Late checkout', 'Request a later departure based on availability.', 'CHECKOUT', 'REQUIRES_CONFIRMATION', NULL, TRUE),
    ('svc_breakfast_058', 'hotel_demo_038', 'Breakfast', 'Breakfast access according to booking or package.', 'FOOD', 'INCLUDED', NULL, TRUE),
    ('svc_airport-pickup_058', 'hotel_demo_038', 'Airport pickup', 'Private transfer between airport and property.', 'TRANSFER', 'PAID', 'From RWF 35,000', TRUE),
    ('svc_room-access_059', 'hotel_demo_039', 'Room access', 'Digital access for rooms and common guest spaces.', 'ACCESS', 'INCLUDED', NULL, FALSE),
    ('svc_late-checkout_059', 'hotel_demo_039', 'Late checkout', 'Request a later departure based on availability.', 'CHECKOUT', 'REQUIRES_CONFIRMATION', NULL, TRUE),
    ('svc_breakfast_059', 'hotel_demo_039', 'Breakfast', 'Breakfast access according to booking or package.', 'FOOD', 'INCLUDED', NULL, TRUE),
    ('svc_airport-pickup_059', 'hotel_demo_039', 'Airport pickup', 'Private transfer between airport and property.', 'TRANSFER', 'PAID', 'From RWF 35,000', TRUE),
    ('svc_room-access_060', 'hotel_demo_040', 'Room access', 'Digital access for rooms and common guest spaces.', 'ACCESS', 'INCLUDED', NULL, FALSE),
    ('svc_late-checkout_060', 'hotel_demo_040', 'Late checkout', 'Request a later departure based on availability.', 'CHECKOUT', 'REQUIRES_CONFIRMATION', NULL, TRUE),
    ('svc_breakfast_060', 'hotel_demo_040', 'Breakfast', 'Breakfast access according to booking or package.', 'FOOD', 'INCLUDED', NULL, TRUE),
    ('svc_airport-pickup_060', 'hotel_demo_040', 'Airport pickup', 'Private transfer between airport and property.', 'TRANSFER', 'PAID', 'From RWF 35,000', TRUE),
    ('svc_room-access_061', 'hotel_demo_041', 'Room access', 'Digital access for rooms and common guest spaces.', 'ACCESS', 'INCLUDED', NULL, FALSE),
    ('svc_late-checkout_061', 'hotel_demo_041', 'Late checkout', 'Request a later departure based on availability.', 'CHECKOUT', 'REQUIRES_CONFIRMATION', NULL, TRUE),
    ('svc_breakfast_061', 'hotel_demo_041', 'Breakfast', 'Breakfast access according to booking or package.', 'FOOD', 'INCLUDED', NULL, TRUE),
    ('svc_airport-pickup_061', 'hotel_demo_041', 'Airport pickup', 'Private transfer between airport and property.', 'TRANSFER', 'PAID', 'From RWF 35,000', TRUE),
    ('svc_room-access_062', 'hotel_demo_042', 'Room access', 'Digital access for rooms and common guest spaces.', 'ACCESS', 'INCLUDED', NULL, FALSE),
    ('svc_late-checkout_062', 'hotel_demo_042', 'Late checkout', 'Request a later departure based on availability.', 'CHECKOUT', 'REQUIRES_CONFIRMATION', NULL, TRUE),
    ('svc_breakfast_062', 'hotel_demo_042', 'Breakfast', 'Breakfast access according to booking or package.', 'FOOD', 'INCLUDED', NULL, TRUE),
    ('svc_airport-pickup_062', 'hotel_demo_042', 'Airport pickup', 'Private transfer between airport and property.', 'TRANSFER', 'PAID', 'From RWF 35,000', TRUE),
    ('svc_room-access_063', 'hotel_demo_043', 'Room access', 'Digital access for rooms and common guest spaces.', 'ACCESS', 'INCLUDED', NULL, FALSE),
    ('svc_late-checkout_063', 'hotel_demo_043', 'Late checkout', 'Request a later departure based on availability.', 'CHECKOUT', 'REQUIRES_CONFIRMATION', NULL, TRUE),
    ('svc_breakfast_063', 'hotel_demo_043', 'Breakfast', 'Breakfast access according to booking or package.', 'FOOD', 'INCLUDED', NULL, TRUE),
    ('svc_airport-pickup_063', 'hotel_demo_043', 'Airport pickup', 'Private transfer between airport and property.', 'TRANSFER', 'PAID', 'From RWF 35,000', TRUE),
    ('svc_room-access_064', 'hotel_demo_044', 'Room access', 'Digital access for rooms and common guest spaces.', 'ACCESS', 'INCLUDED', NULL, FALSE),
    ('svc_late-checkout_064', 'hotel_demo_044', 'Late checkout', 'Request a later departure based on availability.', 'CHECKOUT', 'REQUIRES_CONFIRMATION', NULL, TRUE),
    ('svc_breakfast_064', 'hotel_demo_044', 'Breakfast', 'Breakfast access according to booking or package.', 'FOOD', 'INCLUDED', NULL, TRUE),
    ('svc_airport-pickup_064', 'hotel_demo_044', 'Airport pickup', 'Private transfer between airport and property.', 'TRANSFER', 'PAID', 'From RWF 35,000', TRUE),
    ('svc_room-access_065', 'hotel_demo_045', 'Room access', 'Digital access for rooms and common guest spaces.', 'ACCESS', 'INCLUDED', NULL, FALSE),
    ('svc_late-checkout_065', 'hotel_demo_045', 'Late checkout', 'Request a later departure based on availability.', 'CHECKOUT', 'REQUIRES_CONFIRMATION', NULL, TRUE),
    ('svc_breakfast_065', 'hotel_demo_045', 'Breakfast', 'Breakfast access according to booking or package.', 'FOOD', 'INCLUDED', NULL, TRUE),
    ('svc_airport-pickup_065', 'hotel_demo_045', 'Airport pickup', 'Private transfer between airport and property.', 'TRANSFER', 'PAID', 'From RWF 35,000', TRUE),
    ('svc_room-access_066', 'hotel_demo_046', 'Room access', 'Digital access for rooms and common guest spaces.', 'ACCESS', 'INCLUDED', NULL, FALSE),
    ('svc_late-checkout_066', 'hotel_demo_046', 'Late checkout', 'Request a later departure based on availability.', 'CHECKOUT', 'REQUIRES_CONFIRMATION', NULL, TRUE),
    ('svc_breakfast_066', 'hotel_demo_046', 'Breakfast', 'Breakfast access according to booking or package.', 'FOOD', 'INCLUDED', NULL, TRUE),
    ('svc_airport-pickup_066', 'hotel_demo_046', 'Airport pickup', 'Private transfer between airport and property.', 'TRANSFER', 'PAID', 'From RWF 35,000', TRUE),
    ('svc_room-access_067', 'hotel_demo_047', 'Room access', 'Digital access for rooms and common guest spaces.', 'ACCESS', 'INCLUDED', NULL, FALSE),
    ('svc_late-checkout_067', 'hotel_demo_047', 'Late checkout', 'Request a later departure based on availability.', 'CHECKOUT', 'REQUIRES_CONFIRMATION', NULL, TRUE),
    ('svc_breakfast_067', 'hotel_demo_047', 'Breakfast', 'Breakfast access according to booking or package.', 'FOOD', 'INCLUDED', NULL, TRUE),
    ('svc_airport-pickup_067', 'hotel_demo_047', 'Airport pickup', 'Private transfer between airport and property.', 'TRANSFER', 'PAID', 'From RWF 35,000', TRUE),
    ('svc_room-access_068', 'hotel_demo_048', 'Room access', 'Digital access for rooms and common guest spaces.', 'ACCESS', 'INCLUDED', NULL, FALSE),
    ('svc_late-checkout_068', 'hotel_demo_048', 'Late checkout', 'Request a later departure based on availability.', 'CHECKOUT', 'REQUIRES_CONFIRMATION', NULL, TRUE),
    ('svc_breakfast_068', 'hotel_demo_048', 'Breakfast', 'Breakfast access according to booking or package.', 'FOOD', 'INCLUDED', NULL, TRUE),
    ('svc_airport-pickup_068', 'hotel_demo_048', 'Airport pickup', 'Private transfer between airport and property.', 'TRANSFER', 'PAID', 'From RWF 35,000', TRUE),
    ('svc_room-access_069', 'hotel_demo_049', 'Room access', 'Digital access for rooms and common guest spaces.', 'ACCESS', 'INCLUDED', NULL, FALSE),
    ('svc_late-checkout_069', 'hotel_demo_049', 'Late checkout', 'Request a later departure based on availability.', 'CHECKOUT', 'REQUIRES_CONFIRMATION', NULL, TRUE),
    ('svc_breakfast_069', 'hotel_demo_049', 'Breakfast', 'Breakfast access according to booking or package.', 'FOOD', 'INCLUDED', NULL, TRUE),
    ('svc_airport-pickup_069', 'hotel_demo_049', 'Airport pickup', 'Private transfer between airport and property.', 'TRANSFER', 'PAID', 'From RWF 35,000', TRUE),
    ('svc_room-access_070', 'hotel_demo_050', 'Room access', 'Digital access for rooms and common guest spaces.', 'ACCESS', 'INCLUDED', NULL, FALSE),
    ('svc_late-checkout_070', 'hotel_demo_050', 'Late checkout', 'Request a later departure based on availability.', 'CHECKOUT', 'REQUIRES_CONFIRMATION', NULL, TRUE),
    ('svc_breakfast_070', 'hotel_demo_050', 'Breakfast', 'Breakfast access according to booking or package.', 'FOOD', 'INCLUDED', NULL, TRUE),
    ('svc_airport-pickup_070', 'hotel_demo_050', 'Airport pickup', 'Private transfer between airport and property.', 'TRANSFER', 'PAID', 'From RWF 35,000', TRUE),
    ('svc_room-access_071', 'hotel_demo_051', 'Room access', 'Digital access for rooms and common guest spaces.', 'ACCESS', 'INCLUDED', NULL, FALSE),
    ('svc_late-checkout_071', 'hotel_demo_051', 'Late checkout', 'Request a later departure based on availability.', 'CHECKOUT', 'REQUIRES_CONFIRMATION', NULL, TRUE),
    ('svc_breakfast_071', 'hotel_demo_051', 'Breakfast', 'Breakfast access according to booking or package.', 'FOOD', 'INCLUDED', NULL, TRUE),
    ('svc_airport-pickup_071', 'hotel_demo_051', 'Airport pickup', 'Private transfer between airport and property.', 'TRANSFER', 'PAID', 'From RWF 35,000', TRUE),
    ('svc_room-access_072', 'hotel_demo_052', 'Room access', 'Digital access for rooms and common guest spaces.', 'ACCESS', 'INCLUDED', NULL, FALSE),
    ('svc_late-checkout_072', 'hotel_demo_052', 'Late checkout', 'Request a later departure based on availability.', 'CHECKOUT', 'REQUIRES_CONFIRMATION', NULL, TRUE),
    ('svc_breakfast_072', 'hotel_demo_052', 'Breakfast', 'Breakfast access according to booking or package.', 'FOOD', 'INCLUDED', NULL, TRUE),
    ('svc_airport-pickup_072', 'hotel_demo_052', 'Airport pickup', 'Private transfer between airport and property.', 'TRANSFER', 'PAID', 'From RWF 35,000', TRUE),
    ('svc_room-access_073', 'hotel_demo_053', 'Room access', 'Digital access for rooms and common guest spaces.', 'ACCESS', 'INCLUDED', NULL, FALSE),
    ('svc_late-checkout_073', 'hotel_demo_053', 'Late checkout', 'Request a later departure based on availability.', 'CHECKOUT', 'REQUIRES_CONFIRMATION', NULL, TRUE),
    ('svc_breakfast_073', 'hotel_demo_053', 'Breakfast', 'Breakfast access according to booking or package.', 'FOOD', 'INCLUDED', NULL, TRUE),
    ('svc_airport-pickup_073', 'hotel_demo_053', 'Airport pickup', 'Private transfer between airport and property.', 'TRANSFER', 'PAID', 'From RWF 35,000', TRUE),
    ('svc_room-access_074', 'hotel_demo_054', 'Room access', 'Digital access for rooms and common guest spaces.', 'ACCESS', 'INCLUDED', NULL, FALSE),
    ('svc_late-checkout_074', 'hotel_demo_054', 'Late checkout', 'Request a later departure based on availability.', 'CHECKOUT', 'REQUIRES_CONFIRMATION', NULL, TRUE),
    ('svc_breakfast_074', 'hotel_demo_054', 'Breakfast', 'Breakfast access according to booking or package.', 'FOOD', 'INCLUDED', NULL, TRUE),
    ('svc_airport-pickup_074', 'hotel_demo_054', 'Airport pickup', 'Private transfer between airport and property.', 'TRANSFER', 'PAID', 'From RWF 35,000', TRUE),
    ('svc_room-access_075', 'hotel_demo_055', 'Room access', 'Digital access for rooms and common guest spaces.', 'ACCESS', 'INCLUDED', NULL, FALSE),
    ('svc_late-checkout_075', 'hotel_demo_055', 'Late checkout', 'Request a later departure based on availability.', 'CHECKOUT', 'REQUIRES_CONFIRMATION', NULL, TRUE),
    ('svc_breakfast_075', 'hotel_demo_055', 'Breakfast', 'Breakfast access according to booking or package.', 'FOOD', 'INCLUDED', NULL, TRUE),
    ('svc_airport-pickup_075', 'hotel_demo_055', 'Airport pickup', 'Private transfer between airport and property.', 'TRANSFER', 'PAID', 'From RWF 35,000', TRUE),
    ('svc_room-access_076', 'hotel_demo_056', 'Room access', 'Digital access for rooms and common guest spaces.', 'ACCESS', 'INCLUDED', NULL, FALSE),
    ('svc_late-checkout_076', 'hotel_demo_056', 'Late checkout', 'Request a later departure based on availability.', 'CHECKOUT', 'REQUIRES_CONFIRMATION', NULL, TRUE),
    ('svc_breakfast_076', 'hotel_demo_056', 'Breakfast', 'Breakfast access according to booking or package.', 'FOOD', 'INCLUDED', NULL, TRUE),
    ('svc_airport-pickup_076', 'hotel_demo_056', 'Airport pickup', 'Private transfer between airport and property.', 'TRANSFER', 'PAID', 'From RWF 35,000', TRUE),
    ('svc_room-access_077', 'hotel_demo_057', 'Room access', 'Digital access for rooms and common guest spaces.', 'ACCESS', 'INCLUDED', NULL, FALSE),
    ('svc_late-checkout_077', 'hotel_demo_057', 'Late checkout', 'Request a later departure based on availability.', 'CHECKOUT', 'REQUIRES_CONFIRMATION', NULL, TRUE),
    ('svc_breakfast_077', 'hotel_demo_057', 'Breakfast', 'Breakfast access according to booking or package.', 'FOOD', 'INCLUDED', NULL, TRUE),
    ('svc_airport-pickup_077', 'hotel_demo_057', 'Airport pickup', 'Private transfer between airport and property.', 'TRANSFER', 'PAID', 'From RWF 35,000', TRUE),
    ('svc_room-access_078', 'hotel_demo_058', 'Room access', 'Digital access for rooms and common guest spaces.', 'ACCESS', 'INCLUDED', NULL, FALSE),
    ('svc_late-checkout_078', 'hotel_demo_058', 'Late checkout', 'Request a later departure based on availability.', 'CHECKOUT', 'REQUIRES_CONFIRMATION', NULL, TRUE),
    ('svc_breakfast_078', 'hotel_demo_058', 'Breakfast', 'Breakfast access according to booking or package.', 'FOOD', 'INCLUDED', NULL, TRUE),
    ('svc_airport-pickup_078', 'hotel_demo_058', 'Airport pickup', 'Private transfer between airport and property.', 'TRANSFER', 'PAID', 'From RWF 35,000', TRUE),
    ('svc_room-access_079', 'hotel_demo_059', 'Room access', 'Digital access for rooms and common guest spaces.', 'ACCESS', 'INCLUDED', NULL, FALSE),
    ('svc_late-checkout_079', 'hotel_demo_059', 'Late checkout', 'Request a later departure based on availability.', 'CHECKOUT', 'REQUIRES_CONFIRMATION', NULL, TRUE),
    ('svc_breakfast_079', 'hotel_demo_059', 'Breakfast', 'Breakfast access according to booking or package.', 'FOOD', 'INCLUDED', NULL, TRUE),
    ('svc_airport-pickup_079', 'hotel_demo_059', 'Airport pickup', 'Private transfer between airport and property.', 'TRANSFER', 'PAID', 'From RWF 35,000', TRUE),
    ('svc_room-access_080', 'hotel_demo_060', 'Room access', 'Digital access for rooms and common guest spaces.', 'ACCESS', 'INCLUDED', NULL, FALSE),
    ('svc_late-checkout_080', 'hotel_demo_060', 'Late checkout', 'Request a later departure based on availability.', 'CHECKOUT', 'REQUIRES_CONFIRMATION', NULL, TRUE),
    ('svc_breakfast_080', 'hotel_demo_060', 'Breakfast', 'Breakfast access according to booking or package.', 'FOOD', 'INCLUDED', NULL, TRUE),
    ('svc_airport-pickup_080', 'hotel_demo_060', 'Airport pickup', 'Private transfer between airport and property.', 'TRANSFER', 'PAID', 'From RWF 35,000', TRUE),
    ('svc_room-access_081', 'hotel_demo_061', 'Room access', 'Digital access for rooms and common guest spaces.', 'ACCESS', 'INCLUDED', NULL, FALSE),
    ('svc_late-checkout_081', 'hotel_demo_061', 'Late checkout', 'Request a later departure based on availability.', 'CHECKOUT', 'REQUIRES_CONFIRMATION', NULL, TRUE),
    ('svc_breakfast_081', 'hotel_demo_061', 'Breakfast', 'Breakfast access according to booking or package.', 'FOOD', 'INCLUDED', NULL, TRUE),
    ('svc_airport-pickup_081', 'hotel_demo_061', 'Airport pickup', 'Private transfer between airport and property.', 'TRANSFER', 'PAID', 'From RWF 35,000', TRUE),
    ('svc_room-access_082', 'hotel_demo_062', 'Room access', 'Digital access for rooms and common guest spaces.', 'ACCESS', 'INCLUDED', NULL, FALSE),
    ('svc_late-checkout_082', 'hotel_demo_062', 'Late checkout', 'Request a later departure based on availability.', 'CHECKOUT', 'REQUIRES_CONFIRMATION', NULL, TRUE),
    ('svc_breakfast_082', 'hotel_demo_062', 'Breakfast', 'Breakfast access according to booking or package.', 'FOOD', 'INCLUDED', NULL, TRUE),
    ('svc_airport-pickup_082', 'hotel_demo_062', 'Airport pickup', 'Private transfer between airport and property.', 'TRANSFER', 'PAID', 'From RWF 35,000', TRUE),
    ('svc_room-access_083', 'hotel_demo_063', 'Room access', 'Digital access for rooms and common guest spaces.', 'ACCESS', 'INCLUDED', NULL, FALSE),
    ('svc_late-checkout_083', 'hotel_demo_063', 'Late checkout', 'Request a later departure based on availability.', 'CHECKOUT', 'REQUIRES_CONFIRMATION', NULL, TRUE),
    ('svc_breakfast_083', 'hotel_demo_063', 'Breakfast', 'Breakfast access according to booking or package.', 'FOOD', 'INCLUDED', NULL, TRUE),
    ('svc_airport-pickup_083', 'hotel_demo_063', 'Airport pickup', 'Private transfer between airport and property.', 'TRANSFER', 'PAID', 'From RWF 35,000', TRUE),
    ('svc_room-access_084', 'hotel_demo_064', 'Room access', 'Digital access for rooms and common guest spaces.', 'ACCESS', 'INCLUDED', NULL, FALSE),
    ('svc_late-checkout_084', 'hotel_demo_064', 'Late checkout', 'Request a later departure based on availability.', 'CHECKOUT', 'REQUIRES_CONFIRMATION', NULL, TRUE),
    ('svc_breakfast_084', 'hotel_demo_064', 'Breakfast', 'Breakfast access according to booking or package.', 'FOOD', 'INCLUDED', NULL, TRUE),
    ('svc_airport-pickup_084', 'hotel_demo_064', 'Airport pickup', 'Private transfer between airport and property.', 'TRANSFER', 'PAID', 'From RWF 35,000', TRUE),
    ('svc_room-access_085', 'hotel_demo_065', 'Room access', 'Digital access for rooms and common guest spaces.', 'ACCESS', 'INCLUDED', NULL, FALSE),
    ('svc_late-checkout_085', 'hotel_demo_065', 'Late checkout', 'Request a later departure based on availability.', 'CHECKOUT', 'REQUIRES_CONFIRMATION', NULL, TRUE),
    ('svc_breakfast_085', 'hotel_demo_065', 'Breakfast', 'Breakfast access according to booking or package.', 'FOOD', 'INCLUDED', NULL, TRUE),
    ('svc_airport-pickup_085', 'hotel_demo_065', 'Airport pickup', 'Private transfer between airport and property.', 'TRANSFER', 'PAID', 'From RWF 35,000', TRUE),
    ('svc_room-access_086', 'hotel_demo_066', 'Room access', 'Digital access for rooms and common guest spaces.', 'ACCESS', 'INCLUDED', NULL, FALSE),
    ('svc_late-checkout_086', 'hotel_demo_066', 'Late checkout', 'Request a later departure based on availability.', 'CHECKOUT', 'REQUIRES_CONFIRMATION', NULL, TRUE),
    ('svc_breakfast_086', 'hotel_demo_066', 'Breakfast', 'Breakfast access according to booking or package.', 'FOOD', 'INCLUDED', NULL, TRUE),
    ('svc_airport-pickup_086', 'hotel_demo_066', 'Airport pickup', 'Private transfer between airport and property.', 'TRANSFER', 'PAID', 'From RWF 35,000', TRUE),
    ('svc_room-access_087', 'hotel_demo_067', 'Room access', 'Digital access for rooms and common guest spaces.', 'ACCESS', 'INCLUDED', NULL, FALSE),
    ('svc_late-checkout_087', 'hotel_demo_067', 'Late checkout', 'Request a later departure based on availability.', 'CHECKOUT', 'REQUIRES_CONFIRMATION', NULL, TRUE),
    ('svc_breakfast_087', 'hotel_demo_067', 'Breakfast', 'Breakfast access according to booking or package.', 'FOOD', 'INCLUDED', NULL, TRUE),
    ('svc_airport-pickup_087', 'hotel_demo_067', 'Airport pickup', 'Private transfer between airport and property.', 'TRANSFER', 'PAID', 'From RWF 35,000', TRUE),
    ('svc_room-access_088', 'hotel_demo_068', 'Room access', 'Digital access for rooms and common guest spaces.', 'ACCESS', 'INCLUDED', NULL, FALSE),
    ('svc_late-checkout_088', 'hotel_demo_068', 'Late checkout', 'Request a later departure based on availability.', 'CHECKOUT', 'REQUIRES_CONFIRMATION', NULL, TRUE),
    ('svc_breakfast_088', 'hotel_demo_068', 'Breakfast', 'Breakfast access according to booking or package.', 'FOOD', 'INCLUDED', NULL, TRUE),
    ('svc_airport-pickup_088', 'hotel_demo_068', 'Airport pickup', 'Private transfer between airport and property.', 'TRANSFER', 'PAID', 'From RWF 35,000', TRUE),
    ('svc_room-access_089', 'hotel_demo_069', 'Room access', 'Digital access for rooms and common guest spaces.', 'ACCESS', 'INCLUDED', NULL, FALSE),
    ('svc_late-checkout_089', 'hotel_demo_069', 'Late checkout', 'Request a later departure based on availability.', 'CHECKOUT', 'REQUIRES_CONFIRMATION', NULL, TRUE),
    ('svc_breakfast_089', 'hotel_demo_069', 'Breakfast', 'Breakfast access according to booking or package.', 'FOOD', 'INCLUDED', NULL, TRUE),
    ('svc_airport-pickup_089', 'hotel_demo_069', 'Airport pickup', 'Private transfer between airport and property.', 'TRANSFER', 'PAID', 'From RWF 35,000', TRUE),
    ('svc_room-access_090', 'hotel_demo_070', 'Room access', 'Digital access for rooms and common guest spaces.', 'ACCESS', 'INCLUDED', NULL, FALSE),
    ('svc_late-checkout_090', 'hotel_demo_070', 'Late checkout', 'Request a later departure based on availability.', 'CHECKOUT', 'REQUIRES_CONFIRMATION', NULL, TRUE),
    ('svc_breakfast_090', 'hotel_demo_070', 'Breakfast', 'Breakfast access according to booking or package.', 'FOOD', 'INCLUDED', NULL, TRUE),
    ('svc_airport-pickup_090', 'hotel_demo_070', 'Airport pickup', 'Private transfer between airport and property.', 'TRANSFER', 'PAID', 'From RWF 35,000', TRUE),
    ('svc_room-access_091', 'hotel_demo_071', 'Room access', 'Digital access for rooms and common guest spaces.', 'ACCESS', 'INCLUDED', NULL, FALSE),
    ('svc_late-checkout_091', 'hotel_demo_071', 'Late checkout', 'Request a later departure based on availability.', 'CHECKOUT', 'REQUIRES_CONFIRMATION', NULL, TRUE),
    ('svc_breakfast_091', 'hotel_demo_071', 'Breakfast', 'Breakfast access according to booking or package.', 'FOOD', 'INCLUDED', NULL, TRUE),
    ('svc_airport-pickup_091', 'hotel_demo_071', 'Airport pickup', 'Private transfer between airport and property.', 'TRANSFER', 'PAID', 'From RWF 35,000', TRUE),
    ('svc_room-access_092', 'hotel_demo_072', 'Room access', 'Digital access for rooms and common guest spaces.', 'ACCESS', 'INCLUDED', NULL, FALSE),
    ('svc_late-checkout_092', 'hotel_demo_072', 'Late checkout', 'Request a later departure based on availability.', 'CHECKOUT', 'REQUIRES_CONFIRMATION', NULL, TRUE),
    ('svc_breakfast_092', 'hotel_demo_072', 'Breakfast', 'Breakfast access according to booking or package.', 'FOOD', 'INCLUDED', NULL, TRUE),
    ('svc_airport-pickup_092', 'hotel_demo_072', 'Airport pickup', 'Private transfer between airport and property.', 'TRANSFER', 'PAID', 'From RWF 35,000', TRUE),
    ('svc_room-access_093', 'hotel_demo_073', 'Room access', 'Digital access for rooms and common guest spaces.', 'ACCESS', 'INCLUDED', NULL, FALSE),
    ('svc_late-checkout_093', 'hotel_demo_073', 'Late checkout', 'Request a later departure based on availability.', 'CHECKOUT', 'REQUIRES_CONFIRMATION', NULL, TRUE),
    ('svc_breakfast_093', 'hotel_demo_073', 'Breakfast', 'Breakfast access according to booking or package.', 'FOOD', 'INCLUDED', NULL, TRUE),
    ('svc_airport-pickup_093', 'hotel_demo_073', 'Airport pickup', 'Private transfer between airport and property.', 'TRANSFER', 'PAID', 'From RWF 35,000', TRUE),
    ('svc_room-access_094', 'hotel_demo_074', 'Room access', 'Digital access for rooms and common guest spaces.', 'ACCESS', 'INCLUDED', NULL, FALSE),
    ('svc_late-checkout_094', 'hotel_demo_074', 'Late checkout', 'Request a later departure based on availability.', 'CHECKOUT', 'REQUIRES_CONFIRMATION', NULL, TRUE),
    ('svc_breakfast_094', 'hotel_demo_074', 'Breakfast', 'Breakfast access according to booking or package.', 'FOOD', 'INCLUDED', NULL, TRUE),
    ('svc_airport-pickup_094', 'hotel_demo_074', 'Airport pickup', 'Private transfer between airport and property.', 'TRANSFER', 'PAID', 'From RWF 35,000', TRUE),
    ('svc_room-access_095', 'hotel_demo_075', 'Room access', 'Digital access for rooms and common guest spaces.', 'ACCESS', 'INCLUDED', NULL, FALSE),
    ('svc_late-checkout_095', 'hotel_demo_075', 'Late checkout', 'Request a later departure based on availability.', 'CHECKOUT', 'REQUIRES_CONFIRMATION', NULL, TRUE),
    ('svc_breakfast_095', 'hotel_demo_075', 'Breakfast', 'Breakfast access according to booking or package.', 'FOOD', 'INCLUDED', NULL, TRUE),
    ('svc_airport-pickup_095', 'hotel_demo_075', 'Airport pickup', 'Private transfer between airport and property.', 'TRANSFER', 'PAID', 'From RWF 35,000', TRUE),
    ('svc_room-access_096', 'hotel_demo_076', 'Room access', 'Digital access for rooms and common guest spaces.', 'ACCESS', 'INCLUDED', NULL, FALSE),
    ('svc_late-checkout_096', 'hotel_demo_076', 'Late checkout', 'Request a later departure based on availability.', 'CHECKOUT', 'REQUIRES_CONFIRMATION', NULL, TRUE),
    ('svc_breakfast_096', 'hotel_demo_076', 'Breakfast', 'Breakfast access according to booking or package.', 'FOOD', 'INCLUDED', NULL, TRUE),
    ('svc_airport-pickup_096', 'hotel_demo_076', 'Airport pickup', 'Private transfer between airport and property.', 'TRANSFER', 'PAID', 'From RWF 35,000', TRUE),
    ('svc_room-access_097', 'hotel_demo_077', 'Room access', 'Digital access for rooms and common guest spaces.', 'ACCESS', 'INCLUDED', NULL, FALSE),
    ('svc_late-checkout_097', 'hotel_demo_077', 'Late checkout', 'Request a later departure based on availability.', 'CHECKOUT', 'REQUIRES_CONFIRMATION', NULL, TRUE),
    ('svc_breakfast_097', 'hotel_demo_077', 'Breakfast', 'Breakfast access according to booking or package.', 'FOOD', 'INCLUDED', NULL, TRUE),
    ('svc_airport-pickup_097', 'hotel_demo_077', 'Airport pickup', 'Private transfer between airport and property.', 'TRANSFER', 'PAID', 'From RWF 35,000', TRUE),
    ('svc_room-access_098', 'hotel_demo_078', 'Room access', 'Digital access for rooms and common guest spaces.', 'ACCESS', 'INCLUDED', NULL, FALSE),
    ('svc_late-checkout_098', 'hotel_demo_078', 'Late checkout', 'Request a later departure based on availability.', 'CHECKOUT', 'REQUIRES_CONFIRMATION', NULL, TRUE),
    ('svc_breakfast_098', 'hotel_demo_078', 'Breakfast', 'Breakfast access according to booking or package.', 'FOOD', 'INCLUDED', NULL, TRUE),
    ('svc_airport-pickup_098', 'hotel_demo_078', 'Airport pickup', 'Private transfer between airport and property.', 'TRANSFER', 'PAID', 'From RWF 35,000', TRUE),
    ('svc_room-access_099', 'hotel_demo_079', 'Room access', 'Digital access for rooms and common guest spaces.', 'ACCESS', 'INCLUDED', NULL, FALSE),
    ('svc_late-checkout_099', 'hotel_demo_079', 'Late checkout', 'Request a later departure based on availability.', 'CHECKOUT', 'REQUIRES_CONFIRMATION', NULL, TRUE),
    ('svc_breakfast_099', 'hotel_demo_079', 'Breakfast', 'Breakfast access according to booking or package.', 'FOOD', 'INCLUDED', NULL, TRUE),
    ('svc_airport-pickup_099', 'hotel_demo_079', 'Airport pickup', 'Private transfer between airport and property.', 'TRANSFER', 'PAID', 'From RWF 35,000', TRUE),
    ('svc_room-access_100', 'hotel_demo_080', 'Room access', 'Digital access for rooms and common guest spaces.', 'ACCESS', 'INCLUDED', NULL, FALSE),
    ('svc_late-checkout_100', 'hotel_demo_080', 'Late checkout', 'Request a later departure based on availability.', 'CHECKOUT', 'REQUIRES_CONFIRMATION', NULL, TRUE),
    ('svc_breakfast_100', 'hotel_demo_080', 'Breakfast', 'Breakfast access according to booking or package.', 'FOOD', 'INCLUDED', NULL, TRUE),
    ('svc_airport-pickup_100', 'hotel_demo_080', 'Airport pickup', 'Private transfer between airport and property.', 'TRANSFER', 'PAID', 'From RWF 35,000', TRUE);

INSERT INTO guests (id, hotel_id, full_name, created_at) VALUES
    ('guest_aline', 'rw-kgl-marriott', 'Aline Uwase', '2026-04-01 09:00:00+00'),
    ('guest_michael', 'rw-kgl-marriott', 'Michael Nshuti', '2026-04-01 09:10:00+00'),
    ('guest_demo_001', 'rw-kgl-marriott', 'Aline Uwase', '2026-04-02 10:01:00+00'),
    ('guest_demo_002', 'hotel_serena', 'Aline Nshuti', '2026-04-03 10:02:00+00'),
    ('guest_demo_003', 'hotel_radisson_blu', 'Aline Mukamana', '2026-04-04 10:03:00+00'),
    ('guest_demo_004', 'hotel_four_points', 'Aline Habimana', '2026-04-05 10:04:00+00'),
    ('guest_demo_005', 'hotel_mille_collines', 'Aline Ingabire', '2026-04-06 10:05:00+00'),
    ('guest_demo_006', 'hotel_the_retreat', 'Aline Tuyisenge', '2026-04-07 10:06:00+00'),
    ('guest_demo_007', 'hotel_park_inn', 'Aline Mukeshimana', '2026-04-08 10:07:00+00'),
    ('guest_demo_008', 'hotel_lemigo', 'Aline Mugisha', '2026-04-09 10:08:00+00'),
    ('guest_demo_009', 'hotel_urban_city', 'Aline Nyirahabimana', '2026-04-10 10:09:00+00'),
    ('guest_demo_010', 'hotel_gorillas_nest', 'Aline Niyonsaba', '2026-04-11 10:10:00+00'),
    ('guest_demo_011', 'hotel_bisate', 'Aline Uwimana', '2026-04-12 10:11:00+00'),
    ('guest_demo_012', 'hotel_singita', 'Aline Hakizimana', '2026-04-13 10:12:00+00'),
    ('guest_demo_013', 'hotel_ingagi', 'Aline Umutoni', '2026-04-14 10:13:00+00'),
    ('guest_demo_014', 'hotel_kivu_serena', 'Aline Iradukunda', '2026-04-15 10:14:00+00'),
    ('guest_demo_015', 'hotel_cormoran', 'Aline Ishimwe', '2026-04-16 10:15:00+00'),
    ('guest_demo_016', 'hotel_palm_beach', 'Aline Mukarugwiza', '2026-04-17 10:16:00+00'),
    ('guest_demo_017', 'hotel_moriah_hill', 'Aline Habyarimana', '2026-04-18 10:17:00+00'),
    ('guest_demo_018', 'hotel_hill_view', 'Aline Umuhoza', '2026-04-19 10:18:00+00'),
    ('guest_demo_019', 'hotel_kitabi', 'Aline Munyaneza', '2026-04-20 10:19:00+00'),
    ('guest_demo_020', 'hotel_akagera', 'Aline Rukundo', '2026-04-21 10:20:00+00'),
    ('guest_demo_021', 'hotel_demo_001', 'Aline Mutesi', '2026-04-22 10:21:00+00'),
    ('guest_demo_022', 'hotel_demo_002', 'Aline Musoni', '2026-04-23 10:22:00+00'),
    ('guest_demo_023', 'hotel_demo_003', 'Aline Munyakazi', '2026-04-24 10:23:00+00'),
    ('guest_demo_024', 'hotel_demo_004', 'Aline Umutoniwase', '2026-04-25 10:24:00+00'),
    ('guest_demo_025', 'hotel_demo_005', 'Aline Karemera', '2026-04-26 10:25:00+00'),
    ('guest_demo_026', 'hotel_demo_006', 'Aline Munyampenda', '2026-04-27 10:26:00+00'),
    ('guest_demo_027', 'hotel_demo_007', 'Aline Ndayambaje', '2026-04-28 10:27:00+00'),
    ('guest_demo_028', 'hotel_demo_008', 'Aline Nizeyimana', '2026-04-01 10:28:00+00'),
    ('guest_demo_029', 'hotel_demo_009', 'Aline Uwera', '2026-04-02 10:29:00+00'),
    ('guest_demo_030', 'hotel_demo_010', 'Aline Munezero', '2026-04-03 10:30:00+00'),
    ('guest_demo_031', 'hotel_demo_011', 'Kevin Uwase', '2026-04-04 10:31:00+00'),
    ('guest_demo_032', 'hotel_demo_012', 'Kevin Nshuti', '2026-04-05 10:32:00+00'),
    ('guest_demo_033', 'hotel_demo_013', 'Kevin Mukamana', '2026-04-06 10:33:00+00'),
    ('guest_demo_034', 'hotel_demo_014', 'Kevin Habimana', '2026-04-07 10:34:00+00'),
    ('guest_demo_035', 'hotel_demo_015', 'Kevin Ingabire', '2026-04-08 10:35:00+00'),
    ('guest_demo_036', 'hotel_demo_016', 'Kevin Tuyisenge', '2026-04-09 10:36:00+00'),
    ('guest_demo_037', 'hotel_demo_017', 'Kevin Mukeshimana', '2026-04-10 10:37:00+00'),
    ('guest_demo_038', 'hotel_demo_018', 'Kevin Mugisha', '2026-04-11 10:38:00+00'),
    ('guest_demo_039', 'hotel_demo_019', 'Kevin Nyirahabimana', '2026-04-12 10:39:00+00'),
    ('guest_demo_040', 'hotel_demo_020', 'Kevin Niyonsaba', '2026-04-13 10:40:00+00'),
    ('guest_demo_041', 'hotel_demo_021', 'Kevin Uwimana', '2026-04-14 10:41:00+00'),
    ('guest_demo_042', 'hotel_demo_022', 'Kevin Hakizimana', '2026-04-15 10:42:00+00'),
    ('guest_demo_043', 'hotel_demo_023', 'Kevin Umutoni', '2026-04-16 10:43:00+00'),
    ('guest_demo_044', 'hotel_demo_024', 'Kevin Iradukunda', '2026-04-17 10:44:00+00'),
    ('guest_demo_045', 'hotel_demo_025', 'Kevin Ishimwe', '2026-04-18 10:45:00+00'),
    ('guest_demo_046', 'hotel_demo_026', 'Kevin Mukarugwiza', '2026-04-19 10:46:00+00'),
    ('guest_demo_047', 'hotel_demo_027', 'Kevin Habyarimana', '2026-04-20 10:47:00+00'),
    ('guest_demo_048', 'hotel_demo_028', 'Kevin Umuhoza', '2026-04-21 10:48:00+00'),
    ('guest_demo_049', 'hotel_demo_029', 'Kevin Munyaneza', '2026-04-22 10:49:00+00'),
    ('guest_demo_050', 'hotel_demo_030', 'Kevin Rukundo', '2026-04-23 10:50:00+00'),
    ('guest_demo_051', 'hotel_demo_031', 'Kevin Mutesi', '2026-04-24 10:51:00+00'),
    ('guest_demo_052', 'hotel_demo_032', 'Kevin Musoni', '2026-04-25 10:52:00+00'),
    ('guest_demo_053', 'hotel_demo_033', 'Kevin Munyakazi', '2026-04-26 10:53:00+00'),
    ('guest_demo_054', 'hotel_demo_034', 'Kevin Umutoniwase', '2026-04-27 10:54:00+00'),
    ('guest_demo_055', 'hotel_demo_035', 'Kevin Karemera', '2026-04-28 10:55:00+00'),
    ('guest_demo_056', 'hotel_demo_036', 'Kevin Munyampenda', '2026-04-01 10:56:00+00'),
    ('guest_demo_057', 'hotel_demo_037', 'Kevin Ndayambaje', '2026-04-02 10:57:00+00'),
    ('guest_demo_058', 'hotel_demo_038', 'Kevin Nizeyimana', '2026-04-03 10:58:00+00'),
    ('guest_demo_059', 'hotel_demo_039', 'Kevin Uwera', '2026-04-04 10:59:00+00'),
    ('guest_demo_060', 'hotel_demo_040', 'Kevin Munezero', '2026-04-05 10:00:00+00'),
    ('guest_demo_061', 'hotel_demo_041', 'Michaella Uwase', '2026-04-06 10:01:00+00'),
    ('guest_demo_062', 'hotel_demo_042', 'Michaella Nshuti', '2026-04-07 10:02:00+00'),
    ('guest_demo_063', 'hotel_demo_043', 'Michaella Mukamana', '2026-04-08 10:03:00+00'),
    ('guest_demo_064', 'hotel_demo_044', 'Michaella Habimana', '2026-04-09 10:04:00+00'),
    ('guest_demo_065', 'hotel_demo_045', 'Michaella Ingabire', '2026-04-10 10:05:00+00'),
    ('guest_demo_066', 'hotel_demo_046', 'Michaella Tuyisenge', '2026-04-11 10:06:00+00'),
    ('guest_demo_067', 'hotel_demo_047', 'Michaella Mukeshimana', '2026-04-12 10:07:00+00'),
    ('guest_demo_068', 'hotel_demo_048', 'Michaella Mugisha', '2026-04-13 10:08:00+00'),
    ('guest_demo_069', 'hotel_demo_049', 'Michaella Nyirahabimana', '2026-04-14 10:09:00+00'),
    ('guest_demo_070', 'hotel_demo_050', 'Michaella Niyonsaba', '2026-04-15 10:10:00+00'),
    ('guest_demo_071', 'hotel_demo_051', 'Michaella Uwimana', '2026-04-16 10:11:00+00'),
    ('guest_demo_072', 'hotel_demo_052', 'Michaella Hakizimana', '2026-04-17 10:12:00+00'),
    ('guest_demo_073', 'hotel_demo_053', 'Michaella Umutoni', '2026-04-18 10:13:00+00'),
    ('guest_demo_074', 'hotel_demo_054', 'Michaella Iradukunda', '2026-04-19 10:14:00+00'),
    ('guest_demo_075', 'hotel_demo_055', 'Michaella Ishimwe', '2026-04-20 10:15:00+00'),
    ('guest_demo_076', 'hotel_demo_056', 'Michaella Mukarugwiza', '2026-04-21 10:16:00+00'),
    ('guest_demo_077', 'hotel_demo_057', 'Michaella Habyarimana', '2026-04-22 10:17:00+00'),
    ('guest_demo_078', 'hotel_demo_058', 'Michaella Umuhoza', '2026-04-23 10:18:00+00'),
    ('guest_demo_079', 'hotel_demo_059', 'Michaella Munyaneza', '2026-04-24 10:19:00+00'),
    ('guest_demo_080', 'hotel_demo_060', 'Michaella Rukundo', '2026-04-25 10:20:00+00'),
    ('guest_demo_081', 'hotel_demo_061', 'Michaella Mutesi', '2026-04-26 10:21:00+00'),
    ('guest_demo_082', 'hotel_demo_062', 'Michaella Musoni', '2026-04-27 10:22:00+00'),
    ('guest_demo_083', 'hotel_demo_063', 'Michaella Munyakazi', '2026-04-28 10:23:00+00'),
    ('guest_demo_084', 'hotel_demo_064', 'Michaella Umutoniwase', '2026-04-01 10:24:00+00'),
    ('guest_demo_085', 'hotel_demo_065', 'Michaella Karemera', '2026-04-02 10:25:00+00'),
    ('guest_demo_086', 'hotel_demo_066', 'Michaella Munyampenda', '2026-04-03 10:26:00+00'),
    ('guest_demo_087', 'hotel_demo_067', 'Michaella Ndayambaje', '2026-04-04 10:27:00+00'),
    ('guest_demo_088', 'hotel_demo_068', 'Michaella Nizeyimana', '2026-04-05 10:28:00+00'),
    ('guest_demo_089', 'hotel_demo_069', 'Michaella Uwera', '2026-04-06 10:29:00+00'),
    ('guest_demo_090', 'hotel_demo_070', 'Michaella Munezero', '2026-04-07 10:30:00+00'),
    ('guest_demo_091', 'hotel_demo_071', 'Brian Uwase', '2026-04-08 10:31:00+00'),
    ('guest_demo_092', 'hotel_demo_072', 'Brian Nshuti', '2026-04-09 10:32:00+00'),
    ('guest_demo_093', 'hotel_demo_073', 'Brian Mukamana', '2026-04-10 10:33:00+00'),
    ('guest_demo_094', 'hotel_demo_074', 'Brian Habimana', '2026-04-11 10:34:00+00'),
    ('guest_demo_095', 'hotel_demo_075', 'Brian Ingabire', '2026-04-12 10:35:00+00'),
    ('guest_demo_096', 'hotel_demo_076', 'Brian Tuyisenge', '2026-04-13 10:36:00+00'),
    ('guest_demo_097', 'hotel_demo_077', 'Brian Mukeshimana', '2026-04-14 10:37:00+00'),
    ('guest_demo_098', 'hotel_demo_078', 'Brian Mugisha', '2026-04-15 10:38:00+00'),
    ('guest_demo_099', 'hotel_demo_079', 'Brian Nyirahabimana', '2026-04-16 10:39:00+00'),
    ('guest_demo_100', 'hotel_demo_080', 'Brian Niyonsaba', '2026-04-17 10:40:00+00'),
    ('guest_demo_101', 'rw-kgl-marriott', 'Brian Uwimana', '2026-04-18 10:41:00+00'),
    ('guest_demo_102', 'hotel_serena', 'Brian Hakizimana', '2026-04-19 10:42:00+00'),
    ('guest_demo_103', 'hotel_radisson_blu', 'Brian Umutoni', '2026-04-20 10:43:00+00'),
    ('guest_demo_104', 'hotel_four_points', 'Brian Iradukunda', '2026-04-21 10:44:00+00'),
    ('guest_demo_105', 'hotel_mille_collines', 'Brian Ishimwe', '2026-04-22 10:45:00+00'),
    ('guest_demo_106', 'hotel_the_retreat', 'Brian Mukarugwiza', '2026-04-23 10:46:00+00'),
    ('guest_demo_107', 'hotel_park_inn', 'Brian Habyarimana', '2026-04-24 10:47:00+00'),
    ('guest_demo_108', 'hotel_lemigo', 'Brian Umuhoza', '2026-04-25 10:48:00+00'),
    ('guest_demo_109', 'hotel_urban_city', 'Brian Munyaneza', '2026-04-26 10:49:00+00'),
    ('guest_demo_110', 'hotel_gorillas_nest', 'Brian Rukundo', '2026-04-27 10:50:00+00'),
    ('guest_demo_111', 'hotel_bisate', 'Brian Mutesi', '2026-04-28 10:51:00+00'),
    ('guest_demo_112', 'hotel_singita', 'Brian Musoni', '2026-04-01 10:52:00+00'),
    ('guest_demo_113', 'hotel_ingagi', 'Brian Munyakazi', '2026-04-02 10:53:00+00'),
    ('guest_demo_114', 'hotel_kivu_serena', 'Brian Umutoniwase', '2026-04-03 10:54:00+00'),
    ('guest_demo_115', 'hotel_cormoran', 'Brian Karemera', '2026-04-04 10:55:00+00'),
    ('guest_demo_116', 'hotel_palm_beach', 'Brian Munyampenda', '2026-04-05 10:56:00+00'),
    ('guest_demo_117', 'hotel_moriah_hill', 'Brian Ndayambaje', '2026-04-06 10:57:00+00'),
    ('guest_demo_118', 'hotel_hill_view', 'Brian Nizeyimana', '2026-04-07 10:58:00+00'),
    ('guest_demo_119', 'hotel_kitabi', 'Brian Uwera', '2026-04-08 10:59:00+00'),
    ('guest_demo_120', 'hotel_akagera', 'Brian Munezero', '2026-04-09 10:00:00+00'),
    ('guest_demo_121', 'hotel_demo_001', 'Sandrine Uwase', '2026-04-10 10:01:00+00'),
    ('guest_demo_122', 'hotel_demo_002', 'Sandrine Nshuti', '2026-04-11 10:02:00+00'),
    ('guest_demo_123', 'hotel_demo_003', 'Sandrine Mukamana', '2026-04-12 10:03:00+00'),
    ('guest_demo_124', 'hotel_demo_004', 'Sandrine Habimana', '2026-04-13 10:04:00+00'),
    ('guest_demo_125', 'hotel_demo_005', 'Sandrine Ingabire', '2026-04-14 10:05:00+00'),
    ('guest_demo_126', 'hotel_demo_006', 'Sandrine Tuyisenge', '2026-04-15 10:06:00+00'),
    ('guest_demo_127', 'hotel_demo_007', 'Sandrine Mukeshimana', '2026-04-16 10:07:00+00'),
    ('guest_demo_128', 'hotel_demo_008', 'Sandrine Mugisha', '2026-04-17 10:08:00+00'),
    ('guest_demo_129', 'hotel_demo_009', 'Sandrine Nyirahabimana', '2026-04-18 10:09:00+00'),
    ('guest_demo_130', 'hotel_demo_010', 'Sandrine Niyonsaba', '2026-04-19 10:10:00+00'),
    ('guest_demo_131', 'hotel_demo_011', 'Sandrine Uwimana', '2026-04-20 10:11:00+00'),
    ('guest_demo_132', 'hotel_demo_012', 'Sandrine Hakizimana', '2026-04-21 10:12:00+00'),
    ('guest_demo_133', 'hotel_demo_013', 'Sandrine Umutoni', '2026-04-22 10:13:00+00'),
    ('guest_demo_134', 'hotel_demo_014', 'Sandrine Iradukunda', '2026-04-23 10:14:00+00'),
    ('guest_demo_135', 'hotel_demo_015', 'Sandrine Ishimwe', '2026-04-24 10:15:00+00'),
    ('guest_demo_136', 'hotel_demo_016', 'Sandrine Mukarugwiza', '2026-04-25 10:16:00+00'),
    ('guest_demo_137', 'hotel_demo_017', 'Sandrine Habyarimana', '2026-04-26 10:17:00+00'),
    ('guest_demo_138', 'hotel_demo_018', 'Sandrine Umuhoza', '2026-04-27 10:18:00+00'),
    ('guest_demo_139', 'hotel_demo_019', 'Sandrine Munyaneza', '2026-04-28 10:19:00+00'),
    ('guest_demo_140', 'hotel_demo_020', 'Sandrine Rukundo', '2026-04-01 10:20:00+00');

INSERT INTO stays (id, hotel_id, guest_id, room_id, start_iso_utc, end_iso_utc, status) VALUES
    ('stay_001', 'rw-kgl-marriott', 'guest_aline', 'room_906', '2026-04-03 10:00:00+00', '2026-04-06 10:00:00+00', 'ACTIVE'),
    ('stay_002', 'rw-kgl-marriott', 'guest_michael', 'room_512', '2026-04-03 10:00:00+00', '2026-04-06 10:00:00+00', 'ACTIVE'),
    ('stay_demo_001', 'rw-kgl-marriott', 'guest_demo_001', 'room_301', '2026-05-02 10:00:00+00', '2026-05-04 10:00:00+00', 'ACTIVE'),
    ('stay_demo_002', 'hotel_serena', 'guest_demo_002', 'room_302', '2026-05-03 10:00:00+00', '2026-05-05 10:00:00+00', 'ACTIVE'),
    ('stay_demo_003', 'hotel_radisson_blu', 'guest_demo_003', 'room_303', '2026-05-04 10:00:00+00', '2026-05-06 10:00:00+00', 'ACTIVE'),
    ('stay_demo_004', 'hotel_four_points', 'guest_demo_004', 'room_304', '2026-05-05 10:00:00+00', '2026-05-07 10:00:00+00', 'ACTIVE'),
    ('stay_demo_005', 'hotel_mille_collines', 'guest_demo_005', 'room_305', '2026-05-06 10:00:00+00', '2026-05-08 10:00:00+00', 'ACTIVE'),
    ('stay_demo_006', 'hotel_the_retreat', 'guest_demo_006', 'room_306', '2026-05-07 10:00:00+00', '2026-05-09 10:00:00+00', 'ACTIVE'),
    ('stay_demo_007', 'hotel_park_inn', 'guest_demo_007', 'room_307', '2026-05-08 10:00:00+00', '2026-05-10 10:00:00+00', 'UPCOMING'),
    ('stay_demo_008', 'hotel_lemigo', 'guest_demo_008', 'room_308', '2026-05-09 10:00:00+00', '2026-05-11 10:00:00+00', 'ACTIVE'),
    ('stay_demo_009', 'hotel_urban_city', 'guest_demo_009', 'room_309', '2026-05-10 10:00:00+00', '2026-05-12 10:00:00+00', 'ACTIVE'),
    ('stay_demo_010', 'hotel_gorillas_nest', 'guest_demo_010', 'room_310', '2026-05-11 10:00:00+00', '2026-05-13 10:00:00+00', 'COMPLETED'),
    ('stay_demo_011', 'hotel_bisate', 'guest_demo_011', 'room_311', '2026-05-12 10:00:00+00', '2026-05-14 10:00:00+00', 'ACTIVE'),
    ('stay_demo_012', 'hotel_singita', 'guest_demo_012', 'room_312', '2026-05-13 10:00:00+00', '2026-05-15 10:00:00+00', 'ACTIVE'),
    ('stay_demo_013', 'hotel_ingagi', 'guest_demo_013', 'room_313', '2026-05-14 10:00:00+00', '2026-05-16 10:00:00+00', 'ACTIVE'),
    ('stay_demo_014', 'hotel_kivu_serena', 'guest_demo_014', 'room_314', '2026-05-15 10:00:00+00', '2026-05-17 10:00:00+00', 'UPCOMING'),
    ('stay_demo_015', 'hotel_cormoran', 'guest_demo_015', 'room_315', '2026-05-16 10:00:00+00', '2026-05-18 10:00:00+00', 'ACTIVE'),
    ('stay_demo_016', 'hotel_palm_beach', 'guest_demo_016', 'room_316', '2026-05-17 10:00:00+00', '2026-05-19 10:00:00+00', 'ACTIVE'),
    ('stay_demo_017', 'hotel_moriah_hill', 'guest_demo_017', 'room_317', '2026-05-18 10:00:00+00', '2026-05-20 10:00:00+00', 'ACTIVE'),
    ('stay_demo_018', 'hotel_hill_view', 'guest_demo_018', 'room_318', '2026-05-19 10:00:00+00', '2026-05-21 10:00:00+00', 'ACTIVE'),
    ('stay_demo_019', 'hotel_kitabi', 'guest_demo_019', 'room_319', '2026-05-20 10:00:00+00', '2026-05-22 10:00:00+00', 'ACTIVE'),
    ('stay_demo_020', 'hotel_akagera', 'guest_demo_020', 'room_320', '2026-05-21 10:00:00+00', '2026-05-23 10:00:00+00', 'COMPLETED'),
    ('stay_demo_021', 'hotel_demo_001', 'guest_demo_021', 'room_321', '2026-05-22 10:00:00+00', '2026-05-24 10:00:00+00', 'UPCOMING'),
    ('stay_demo_022', 'hotel_demo_002', 'guest_demo_022', 'room_322', '2026-05-23 10:00:00+00', '2026-05-25 10:00:00+00', 'ACTIVE'),
    ('stay_demo_023', 'hotel_demo_003', 'guest_demo_023', 'room_323', '2026-05-24 10:00:00+00', '2026-05-26 10:00:00+00', 'ACTIVE'),
    ('stay_demo_024', 'hotel_demo_004', 'guest_demo_024', 'room_324', '2026-05-25 10:00:00+00', '2026-05-27 10:00:00+00', 'ACTIVE'),
    ('stay_demo_025', 'hotel_demo_005', 'guest_demo_025', 'room_325', '2026-05-01 10:00:00+00', '2026-05-03 10:00:00+00', 'ACTIVE'),
    ('stay_demo_026', 'hotel_demo_006', 'guest_demo_026', 'room_326', '2026-05-02 10:00:00+00', '2026-05-04 10:00:00+00', 'ACTIVE'),
    ('stay_demo_027', 'hotel_demo_007', 'guest_demo_027', 'room_327', '2026-05-03 10:00:00+00', '2026-05-05 10:00:00+00', 'ACTIVE'),
    ('stay_demo_028', 'hotel_demo_008', 'guest_demo_028', 'room_328', '2026-05-04 10:00:00+00', '2026-05-06 10:00:00+00', 'UPCOMING'),
    ('stay_demo_029', 'hotel_demo_009', 'guest_demo_029', 'room_329', '2026-05-05 10:00:00+00', '2026-05-07 10:00:00+00', 'ACTIVE'),
    ('stay_demo_030', 'hotel_demo_010', 'guest_demo_030', 'room_330', '2026-05-06 10:00:00+00', '2026-05-08 10:00:00+00', 'COMPLETED'),
    ('stay_demo_031', 'hotel_demo_011', 'guest_demo_031', 'room_331', '2026-05-07 10:00:00+00', '2026-05-09 10:00:00+00', 'ACTIVE'),
    ('stay_demo_032', 'hotel_demo_012', 'guest_demo_032', 'room_332', '2026-05-08 10:00:00+00', '2026-05-10 10:00:00+00', 'ACTIVE'),
    ('stay_demo_033', 'hotel_demo_013', 'guest_demo_033', 'room_333', '2026-05-09 10:00:00+00', '2026-05-11 10:00:00+00', 'ACTIVE'),
    ('stay_demo_034', 'hotel_demo_014', 'guest_demo_034', 'room_334', '2026-05-10 10:00:00+00', '2026-05-12 10:00:00+00', 'ACTIVE'),
    ('stay_demo_035', 'hotel_demo_015', 'guest_demo_035', 'room_335', '2026-05-11 10:00:00+00', '2026-05-13 10:00:00+00', 'UPCOMING'),
    ('stay_demo_036', 'hotel_demo_016', 'guest_demo_036', 'room_336', '2026-05-12 10:00:00+00', '2026-05-14 10:00:00+00', 'ACTIVE'),
    ('stay_demo_037', 'hotel_demo_017', 'guest_demo_037', 'room_337', '2026-05-13 10:00:00+00', '2026-05-15 10:00:00+00', 'ACTIVE'),
    ('stay_demo_038', 'hotel_demo_018', 'guest_demo_038', 'room_338', '2026-05-14 10:00:00+00', '2026-05-16 10:00:00+00', 'ACTIVE'),
    ('stay_demo_039', 'hotel_demo_019', 'guest_demo_039', 'room_339', '2026-05-15 10:00:00+00', '2026-05-17 10:00:00+00', 'ACTIVE'),
    ('stay_demo_040', 'hotel_demo_020', 'guest_demo_040', 'room_340', '2026-05-16 10:00:00+00', '2026-05-18 10:00:00+00', 'COMPLETED'),
    ('stay_demo_041', 'hotel_demo_021', 'guest_demo_041', 'room_341', '2026-05-17 10:00:00+00', '2026-05-19 10:00:00+00', 'ACTIVE'),
    ('stay_demo_042', 'hotel_demo_022', 'guest_demo_042', 'room_342', '2026-05-18 10:00:00+00', '2026-05-20 10:00:00+00', 'UPCOMING'),
    ('stay_demo_043', 'hotel_demo_023', 'guest_demo_043', 'room_343', '2026-05-19 10:00:00+00', '2026-05-21 10:00:00+00', 'ACTIVE'),
    ('stay_demo_044', 'hotel_demo_024', 'guest_demo_044', 'room_344', '2026-05-20 10:00:00+00', '2026-05-22 10:00:00+00', 'ACTIVE'),
    ('stay_demo_045', 'hotel_demo_025', 'guest_demo_045', 'room_345', '2026-05-21 10:00:00+00', '2026-05-23 10:00:00+00', 'ACTIVE'),
    ('stay_demo_046', 'hotel_demo_026', 'guest_demo_046', 'room_346', '2026-05-22 10:00:00+00', '2026-05-24 10:00:00+00', 'ACTIVE'),
    ('stay_demo_047', 'hotel_demo_027', 'guest_demo_047', 'room_347', '2026-05-23 10:00:00+00', '2026-05-25 10:00:00+00', 'ACTIVE'),
    ('stay_demo_048', 'hotel_demo_028', 'guest_demo_048', 'room_348', '2026-05-24 10:00:00+00', '2026-05-26 10:00:00+00', 'ACTIVE'),
    ('stay_demo_049', 'hotel_demo_029', 'guest_demo_049', 'room_349', '2026-05-25 10:00:00+00', '2026-05-27 10:00:00+00', 'UPCOMING'),
    ('stay_demo_050', 'hotel_demo_030', 'guest_demo_050', 'room_350', '2026-05-01 10:00:00+00', '2026-05-03 10:00:00+00', 'COMPLETED'),
    ('stay_demo_051', 'hotel_demo_031', 'guest_demo_051', 'room_351', '2026-05-02 10:00:00+00', '2026-05-04 10:00:00+00', 'ACTIVE'),
    ('stay_demo_052', 'hotel_demo_032', 'guest_demo_052', 'room_352', '2026-05-03 10:00:00+00', '2026-05-05 10:00:00+00', 'ACTIVE'),
    ('stay_demo_053', 'hotel_demo_033', 'guest_demo_053', 'room_353', '2026-05-04 10:00:00+00', '2026-05-06 10:00:00+00', 'ACTIVE'),
    ('stay_demo_054', 'hotel_demo_034', 'guest_demo_054', 'room_354', '2026-05-05 10:00:00+00', '2026-05-07 10:00:00+00', 'ACTIVE'),
    ('stay_demo_055', 'hotel_demo_035', 'guest_demo_055', 'room_355', '2026-05-06 10:00:00+00', '2026-05-08 10:00:00+00', 'ACTIVE'),
    ('stay_demo_056', 'hotel_demo_036', 'guest_demo_056', 'room_356', '2026-05-07 10:00:00+00', '2026-05-09 10:00:00+00', 'UPCOMING'),
    ('stay_demo_057', 'hotel_demo_037', 'guest_demo_057', 'room_357', '2026-05-08 10:00:00+00', '2026-05-10 10:00:00+00', 'ACTIVE'),
    ('stay_demo_058', 'hotel_demo_038', 'guest_demo_058', 'room_358', '2026-05-09 10:00:00+00', '2026-05-11 10:00:00+00', 'ACTIVE'),
    ('stay_demo_059', 'hotel_demo_039', 'guest_demo_059', 'room_359', '2026-05-10 10:00:00+00', '2026-05-12 10:00:00+00', 'ACTIVE'),
    ('stay_demo_060', 'hotel_demo_040', 'guest_demo_060', 'room_360', '2026-05-11 10:00:00+00', '2026-05-13 10:00:00+00', 'COMPLETED'),
    ('stay_demo_061', 'hotel_demo_041', 'guest_demo_061', 'room_361', '2026-05-12 10:00:00+00', '2026-05-14 10:00:00+00', 'ACTIVE'),
    ('stay_demo_062', 'hotel_demo_042', 'guest_demo_062', 'room_362', '2026-05-13 10:00:00+00', '2026-05-15 10:00:00+00', 'ACTIVE'),
    ('stay_demo_063', 'hotel_demo_043', 'guest_demo_063', 'room_363', '2026-05-14 10:00:00+00', '2026-05-16 10:00:00+00', 'UPCOMING'),
    ('stay_demo_064', 'hotel_demo_044', 'guest_demo_064', 'room_364', '2026-05-15 10:00:00+00', '2026-05-17 10:00:00+00', 'ACTIVE'),
    ('stay_demo_065', 'hotel_demo_045', 'guest_demo_065', 'room_365', '2026-05-16 10:00:00+00', '2026-05-18 10:00:00+00', 'ACTIVE'),
    ('stay_demo_066', 'hotel_demo_046', 'guest_demo_066', 'room_366', '2026-05-17 10:00:00+00', '2026-05-19 10:00:00+00', 'ACTIVE'),
    ('stay_demo_067', 'hotel_demo_047', 'guest_demo_067', 'room_367', '2026-05-18 10:00:00+00', '2026-05-20 10:00:00+00', 'ACTIVE'),
    ('stay_demo_068', 'hotel_demo_048', 'guest_demo_068', 'room_368', '2026-05-19 10:00:00+00', '2026-05-21 10:00:00+00', 'ACTIVE'),
    ('stay_demo_069', 'hotel_demo_049', 'guest_demo_069', 'room_369', '2026-05-20 10:00:00+00', '2026-05-22 10:00:00+00', 'ACTIVE'),
    ('stay_demo_070', 'hotel_demo_050', 'guest_demo_070', 'room_370', '2026-05-21 10:00:00+00', '2026-05-23 10:00:00+00', 'COMPLETED'),
    ('stay_demo_071', 'hotel_demo_051', 'guest_demo_071', 'room_371', '2026-05-22 10:00:00+00', '2026-05-24 10:00:00+00', 'ACTIVE'),
    ('stay_demo_072', 'hotel_demo_052', 'guest_demo_072', 'room_372', '2026-05-23 10:00:00+00', '2026-05-25 10:00:00+00', 'ACTIVE'),
    ('stay_demo_073', 'hotel_demo_053', 'guest_demo_073', 'room_373', '2026-05-24 10:00:00+00', '2026-05-26 10:00:00+00', 'ACTIVE'),
    ('stay_demo_074', 'hotel_demo_054', 'guest_demo_074', 'room_374', '2026-05-25 10:00:00+00', '2026-05-27 10:00:00+00', 'ACTIVE'),
    ('stay_demo_075', 'hotel_demo_055', 'guest_demo_075', 'room_375', '2026-05-01 10:00:00+00', '2026-05-03 10:00:00+00', 'ACTIVE'),
    ('stay_demo_076', 'hotel_demo_056', 'guest_demo_076', 'room_376', '2026-05-02 10:00:00+00', '2026-05-04 10:00:00+00', 'ACTIVE'),
    ('stay_demo_077', 'hotel_demo_057', 'guest_demo_077', 'room_377', '2026-05-03 10:00:00+00', '2026-05-05 10:00:00+00', 'UPCOMING'),
    ('stay_demo_078', 'hotel_demo_058', 'guest_demo_078', 'room_378', '2026-05-04 10:00:00+00', '2026-05-06 10:00:00+00', 'ACTIVE'),
    ('stay_demo_079', 'hotel_demo_059', 'guest_demo_079', 'room_379', '2026-05-05 10:00:00+00', '2026-05-07 10:00:00+00', 'ACTIVE'),
    ('stay_demo_080', 'hotel_demo_060', 'guest_demo_080', 'room_380', '2026-05-06 10:00:00+00', '2026-05-08 10:00:00+00', 'COMPLETED'),
    ('stay_demo_081', 'hotel_demo_061', 'guest_demo_081', 'room_381', '2026-05-07 10:00:00+00', '2026-05-09 10:00:00+00', 'ACTIVE'),
    ('stay_demo_082', 'hotel_demo_062', 'guest_demo_082', 'room_382', '2026-05-08 10:00:00+00', '2026-05-10 10:00:00+00', 'ACTIVE'),
    ('stay_demo_083', 'hotel_demo_063', 'guest_demo_083', 'room_383', '2026-05-09 10:00:00+00', '2026-05-11 10:00:00+00', 'ACTIVE'),
    ('stay_demo_084', 'hotel_demo_064', 'guest_demo_084', 'room_384', '2026-05-10 10:00:00+00', '2026-05-12 10:00:00+00', 'UPCOMING'),
    ('stay_demo_085', 'hotel_demo_065', 'guest_demo_085', 'room_385', '2026-05-11 10:00:00+00', '2026-05-13 10:00:00+00', 'ACTIVE'),
    ('stay_demo_086', 'hotel_demo_066', 'guest_demo_086', 'room_386', '2026-05-12 10:00:00+00', '2026-05-14 10:00:00+00', 'ACTIVE'),
    ('stay_demo_087', 'hotel_demo_067', 'guest_demo_087', 'room_387', '2026-05-13 10:00:00+00', '2026-05-15 10:00:00+00', 'ACTIVE'),
    ('stay_demo_088', 'hotel_demo_068', 'guest_demo_088', 'room_388', '2026-05-14 10:00:00+00', '2026-05-16 10:00:00+00', 'ACTIVE'),
    ('stay_demo_089', 'hotel_demo_069', 'guest_demo_089', 'room_389', '2026-05-15 10:00:00+00', '2026-05-17 10:00:00+00', 'ACTIVE'),
    ('stay_demo_090', 'hotel_demo_070', 'guest_demo_090', 'room_390', '2026-05-16 10:00:00+00', '2026-05-18 10:00:00+00', 'COMPLETED'),
    ('stay_demo_091', 'hotel_demo_071', 'guest_demo_091', 'room_391', '2026-05-17 10:00:00+00', '2026-05-19 10:00:00+00', 'UPCOMING'),
    ('stay_demo_092', 'hotel_demo_072', 'guest_demo_092', 'room_392', '2026-05-18 10:00:00+00', '2026-05-20 10:00:00+00', 'ACTIVE'),
    ('stay_demo_093', 'hotel_demo_073', 'guest_demo_093', 'room_393', '2026-05-19 10:00:00+00', '2026-05-21 10:00:00+00', 'ACTIVE'),
    ('stay_demo_094', 'hotel_demo_074', 'guest_demo_094', 'room_394', '2026-05-20 10:00:00+00', '2026-05-22 10:00:00+00', 'ACTIVE'),
    ('stay_demo_095', 'hotel_demo_075', 'guest_demo_095', 'room_395', '2026-05-21 10:00:00+00', '2026-05-23 10:00:00+00', 'ACTIVE'),
    ('stay_demo_096', 'hotel_demo_076', 'guest_demo_096', 'room_396', '2026-05-22 10:00:00+00', '2026-05-24 10:00:00+00', 'ACTIVE'),
    ('stay_demo_097', 'hotel_demo_077', 'guest_demo_097', 'room_397', '2026-05-23 10:00:00+00', '2026-05-25 10:00:00+00', 'ACTIVE'),
    ('stay_demo_098', 'hotel_demo_078', 'guest_demo_098', 'room_398', '2026-05-24 10:00:00+00', '2026-05-26 10:00:00+00', 'UPCOMING'),
    ('stay_demo_099', 'hotel_demo_079', 'guest_demo_099', 'room_399', '2026-05-25 10:00:00+00', '2026-05-27 10:00:00+00', 'ACTIVE'),
    ('stay_demo_100', 'hotel_demo_080', 'guest_demo_100', 'room_400', '2026-05-01 10:00:00+00', '2026-05-03 10:00:00+00', 'COMPLETED'),
    ('stay_demo_101', 'rw-kgl-marriott', 'guest_demo_101', 'room_401', '2026-05-02 10:00:00+00', '2026-05-04 10:00:00+00', 'ACTIVE'),
    ('stay_demo_102', 'hotel_serena', 'guest_demo_102', 'room_402', '2026-05-03 10:00:00+00', '2026-05-05 10:00:00+00', 'ACTIVE'),
    ('stay_demo_103', 'hotel_radisson_blu', 'guest_demo_103', 'room_403', '2026-05-04 10:00:00+00', '2026-05-06 10:00:00+00', 'ACTIVE'),
    ('stay_demo_104', 'hotel_four_points', 'guest_demo_104', 'room_404', '2026-05-05 10:00:00+00', '2026-05-07 10:00:00+00', 'ACTIVE'),
    ('stay_demo_105', 'hotel_mille_collines', 'guest_demo_105', 'room_405', '2026-05-06 10:00:00+00', '2026-05-08 10:00:00+00', 'UPCOMING'),
    ('stay_demo_106', 'hotel_the_retreat', 'guest_demo_106', 'room_406', '2026-05-07 10:00:00+00', '2026-05-09 10:00:00+00', 'ACTIVE'),
    ('stay_demo_107', 'hotel_park_inn', 'guest_demo_107', 'room_407', '2026-05-08 10:00:00+00', '2026-05-10 10:00:00+00', 'ACTIVE'),
    ('stay_demo_108', 'hotel_lemigo', 'guest_demo_108', 'room_408', '2026-05-09 10:00:00+00', '2026-05-11 10:00:00+00', 'ACTIVE'),
    ('stay_demo_109', 'hotel_urban_city', 'guest_demo_109', 'room_409', '2026-05-10 10:00:00+00', '2026-05-12 10:00:00+00', 'ACTIVE'),
    ('stay_demo_110', 'hotel_gorillas_nest', 'guest_demo_110', 'room_410', '2026-05-11 10:00:00+00', '2026-05-13 10:00:00+00', 'COMPLETED'),
    ('stay_demo_111', 'hotel_bisate', 'guest_demo_111', 'room_411', '2026-05-12 10:00:00+00', '2026-05-14 10:00:00+00', 'ACTIVE'),
    ('stay_demo_112', 'hotel_singita', 'guest_demo_112', 'room_412', '2026-05-13 10:00:00+00', '2026-05-15 10:00:00+00', 'UPCOMING'),
    ('stay_demo_113', 'hotel_ingagi', 'guest_demo_113', 'room_413', '2026-05-14 10:00:00+00', '2026-05-16 10:00:00+00', 'ACTIVE'),
    ('stay_demo_114', 'hotel_kivu_serena', 'guest_demo_114', 'room_414', '2026-05-15 10:00:00+00', '2026-05-17 10:00:00+00', 'ACTIVE'),
    ('stay_demo_115', 'hotel_cormoran', 'guest_demo_115', 'room_415', '2026-05-16 10:00:00+00', '2026-05-18 10:00:00+00', 'ACTIVE'),
    ('stay_demo_116', 'hotel_palm_beach', 'guest_demo_116', 'room_416', '2026-05-17 10:00:00+00', '2026-05-19 10:00:00+00', 'ACTIVE'),
    ('stay_demo_117', 'hotel_moriah_hill', 'guest_demo_117', 'room_417', '2026-05-18 10:00:00+00', '2026-05-20 10:00:00+00', 'ACTIVE'),
    ('stay_demo_118', 'hotel_hill_view', 'guest_demo_118', 'room_418', '2026-05-19 10:00:00+00', '2026-05-21 10:00:00+00', 'ACTIVE'),
    ('stay_demo_119', 'hotel_kitabi', 'guest_demo_119', 'room_419', '2026-05-20 10:00:00+00', '2026-05-22 10:00:00+00', 'UPCOMING'),
    ('stay_demo_120', 'hotel_akagera', 'guest_demo_120', 'room_420', '2026-05-21 10:00:00+00', '2026-05-23 10:00:00+00', 'COMPLETED');

INSERT INTO itinerary_items (id, stay_id, title, category, status, start_iso_utc, end_iso_utc, venue_node_id, venue_floor_id, venue_label, notes) VALUES
    ('itinerary_aline_spa', 'stay_001', 'Signature massage', 'SPA', 'CONFIRMED', '2026-04-04 12:00:00+00', '2026-04-04 13:15:00+00', 'registration', 'l1', 'Ubumwe Spa', NULL),
    ('itinerary_aline_keynote', 'stay_001', 'Opening keynote', 'EVENT_SESSION', 'CONFIRMED', '2026-04-04 08:00:00+00', '2026-04-04 09:15:00+00', 'keynote-room', 'l9', 'Great Rift Ballroom', NULL),
    ('itinerary_michael_keynote', 'stay_002', 'Opening keynote', 'EVENT_SESSION', 'CONFIRMED', '2026-04-04 08:00:00+00', '2026-04-04 09:15:00+00', 'keynote-room', 'l9', 'Great Rift Ballroom', NULL),
    ('itinerary_breakfast_001', 'stay_demo_001', 'Garden breakfast', 'FOOD', 'CONFIRMED', '2026-05-02 06:30:00+00', '2026-05-02 07:30:00+00', NULL, NULL, 'Main Restaurant', 'Breakfast included in stay'),
    ('itinerary_event_001', 'stay_demo_001', 'Wedding reception arrival', 'EVENT_SESSION', 'CONFIRMED', '2026-05-02 14:00:00+00', '2026-05-02 15:30:00+00', NULL, NULL, 'Garden Pavilion', 'Guest-facing event itinerary'),
    ('itinerary_breakfast_002', 'stay_demo_002', 'Lake-view breakfast', 'FOOD', 'CONFIRMED', '2026-05-03 06:30:00+00', '2026-05-03 07:30:00+00', NULL, NULL, 'Main Restaurant', 'Breakfast included in stay'),
    ('itinerary_event_002', 'stay_demo_002', 'Conference keynote seating', 'EVENT_SESSION', 'CONFIRMED', '2026-05-03 14:00:00+00', '2026-05-03 15:30:00+00', NULL, NULL, 'Executive Lounge', 'Guest-facing event itinerary'),
    ('itinerary_breakfast_003', 'stay_demo_003', 'Terrace breakfast', 'FOOD', 'CONFIRMED', '2026-05-04 06:30:00+00', '2026-05-04 07:30:00+00', NULL, NULL, 'Main Restaurant', 'Breakfast included in stay'),
    ('itinerary_event_003', 'stay_demo_003', 'Founders roundtable', 'EVENT_SESSION', 'CONFIRMED', '2026-05-04 14:00:00+00', '2026-05-04 15:30:00+00', NULL, NULL, 'Conference Ballroom', 'Guest-facing event itinerary'),
    ('itinerary_breakfast_004', 'stay_demo_004', 'Sunrise breakfast', 'FOOD', 'CONFIRMED', '2026-05-05 06:30:00+00', '2026-05-05 07:30:00+00', NULL, NULL, 'Main Restaurant', 'Breakfast included in stay'),
    ('itinerary_event_004', 'stay_demo_004', 'Private dinner welcome', 'EVENT_SESSION', 'CONFIRMED', '2026-05-05 14:00:00+00', '2026-05-05 15:30:00+00', NULL, NULL, 'Rose Terrace', 'Guest-facing event itinerary'),
    ('itinerary_breakfast_005', 'stay_demo_005', 'Garden breakfast', 'FOOD', 'CONFIRMED', '2026-05-06 06:30:00+00', '2026-05-06 07:30:00+00', NULL, NULL, 'Main Restaurant', 'Breakfast included in stay'),
    ('itinerary_event_005', 'stay_demo_005', 'Investor breakfast briefing', 'EVENT_SESSION', 'CONFIRMED', '2026-05-06 14:00:00+00', '2026-05-06 15:30:00+00', NULL, NULL, 'Main Restaurant', 'Guest-facing event itinerary'),
    ('itinerary_breakfast_006', 'stay_demo_006', 'Lake-view breakfast', 'FOOD', 'CONFIRMED', '2026-05-07 06:30:00+00', '2026-05-07 07:30:00+00', NULL, NULL, 'Main Restaurant', 'Breakfast included in stay'),
    ('itinerary_event_006', 'stay_demo_006', 'Wedding reception arrival', 'EVENT_SESSION', 'CONFIRMED', '2026-05-07 14:00:00+00', '2026-05-07 15:30:00+00', NULL, NULL, 'Garden Pavilion', 'Guest-facing event itinerary'),
    ('itinerary_breakfast_007', 'stay_demo_007', 'Terrace breakfast', 'FOOD', 'CONFIRMED', '2026-05-08 06:30:00+00', '2026-05-08 07:30:00+00', NULL, NULL, 'Main Restaurant', 'Breakfast included in stay'),
    ('itinerary_event_007', 'stay_demo_007', 'Conference keynote seating', 'EVENT_SESSION', 'CONFIRMED', '2026-05-08 14:00:00+00', '2026-05-08 15:30:00+00', NULL, NULL, 'Executive Lounge', 'Guest-facing event itinerary'),
    ('itinerary_breakfast_008', 'stay_demo_008', 'Sunrise breakfast', 'FOOD', 'CONFIRMED', '2026-05-09 06:30:00+00', '2026-05-09 07:30:00+00', NULL, NULL, 'Main Restaurant', 'Breakfast included in stay'),
    ('itinerary_event_008', 'stay_demo_008', 'Founders roundtable', 'EVENT_SESSION', 'PENDING', '2026-05-09 14:00:00+00', '2026-05-09 15:30:00+00', NULL, NULL, 'Conference Ballroom', 'Guest-facing event itinerary'),
    ('itinerary_breakfast_009', 'stay_demo_009', 'Garden breakfast', 'FOOD', 'CONFIRMED', '2026-05-10 06:30:00+00', '2026-05-10 07:30:00+00', NULL, NULL, 'Main Restaurant', 'Breakfast included in stay'),
    ('itinerary_event_009', 'stay_demo_009', 'Private dinner welcome', 'EVENT_SESSION', 'CONFIRMED', '2026-05-10 14:00:00+00', '2026-05-10 15:30:00+00', NULL, NULL, 'Rose Terrace', 'Guest-facing event itinerary'),
    ('itinerary_breakfast_010', 'stay_demo_010', 'Lake-view breakfast', 'FOOD', 'CONFIRMED', '2026-05-11 06:30:00+00', '2026-05-11 07:30:00+00', NULL, NULL, 'Main Restaurant', 'Breakfast included in stay'),
    ('itinerary_event_010', 'stay_demo_010', 'Investor breakfast briefing', 'EVENT_SESSION', 'CONFIRMED', '2026-05-11 14:00:00+00', '2026-05-11 15:30:00+00', NULL, NULL, 'Main Restaurant', 'Guest-facing event itinerary'),
    ('itinerary_breakfast_011', 'stay_demo_011', 'Terrace breakfast', 'FOOD', 'CONFIRMED', '2026-05-12 06:30:00+00', '2026-05-12 07:30:00+00', NULL, NULL, 'Main Restaurant', 'Breakfast included in stay'),
    ('itinerary_event_011', 'stay_demo_011', 'Wedding reception arrival', 'EVENT_SESSION', 'CONFIRMED', '2026-05-12 14:00:00+00', '2026-05-12 15:30:00+00', NULL, NULL, 'Garden Pavilion', 'Guest-facing event itinerary'),
    ('itinerary_breakfast_012', 'stay_demo_012', 'Sunrise breakfast', 'FOOD', 'CONFIRMED', '2026-05-13 06:30:00+00', '2026-05-13 07:30:00+00', NULL, NULL, 'Main Restaurant', 'Breakfast included in stay'),
    ('itinerary_event_012', 'stay_demo_012', 'Conference keynote seating', 'EVENT_SESSION', 'CONFIRMED', '2026-05-13 14:00:00+00', '2026-05-13 15:30:00+00', NULL, NULL, 'Executive Lounge', 'Guest-facing event itinerary'),
    ('itinerary_breakfast_013', 'stay_demo_013', 'Garden breakfast', 'FOOD', 'CONFIRMED', '2026-05-14 06:30:00+00', '2026-05-14 07:30:00+00', NULL, NULL, 'Main Restaurant', 'Breakfast included in stay'),
    ('itinerary_event_013', 'stay_demo_013', 'Founders roundtable', 'EVENT_SESSION', 'CONFIRMED', '2026-05-14 14:00:00+00', '2026-05-14 15:30:00+00', NULL, NULL, 'Conference Ballroom', 'Guest-facing event itinerary'),
    ('itinerary_breakfast_014', 'stay_demo_014', 'Lake-view breakfast', 'FOOD', 'CONFIRMED', '2026-05-15 06:30:00+00', '2026-05-15 07:30:00+00', NULL, NULL, 'Main Restaurant', 'Breakfast included in stay'),
    ('itinerary_event_014', 'stay_demo_014', 'Private dinner welcome', 'EVENT_SESSION', 'CONFIRMED', '2026-05-15 14:00:00+00', '2026-05-15 15:30:00+00', NULL, NULL, 'Rose Terrace', 'Guest-facing event itinerary'),
    ('itinerary_breakfast_015', 'stay_demo_015', 'Terrace breakfast', 'FOOD', 'CONFIRMED', '2026-05-16 06:30:00+00', '2026-05-16 07:30:00+00', NULL, NULL, 'Main Restaurant', 'Breakfast included in stay'),
    ('itinerary_event_015', 'stay_demo_015', 'Investor breakfast briefing', 'EVENT_SESSION', 'CONFIRMED', '2026-05-16 14:00:00+00', '2026-05-16 15:30:00+00', NULL, NULL, 'Main Restaurant', 'Guest-facing event itinerary'),
    ('itinerary_breakfast_016', 'stay_demo_016', 'Sunrise breakfast', 'FOOD', 'CONFIRMED', '2026-05-17 06:30:00+00', '2026-05-17 07:30:00+00', NULL, NULL, 'Main Restaurant', 'Breakfast included in stay'),
    ('itinerary_event_016', 'stay_demo_016', 'Wedding reception arrival', 'EVENT_SESSION', 'PENDING', '2026-05-17 14:00:00+00', '2026-05-17 15:30:00+00', NULL, NULL, 'Garden Pavilion', 'Guest-facing event itinerary'),
    ('itinerary_breakfast_017', 'stay_demo_017', 'Garden breakfast', 'FOOD', 'CONFIRMED', '2026-05-18 06:30:00+00', '2026-05-18 07:30:00+00', NULL, NULL, 'Main Restaurant', 'Breakfast included in stay'),
    ('itinerary_event_017', 'stay_demo_017', 'Conference keynote seating', 'EVENT_SESSION', 'CONFIRMED', '2026-05-18 14:00:00+00', '2026-05-18 15:30:00+00', NULL, NULL, 'Executive Lounge', 'Guest-facing event itinerary'),
    ('itinerary_breakfast_018', 'stay_demo_018', 'Lake-view breakfast', 'FOOD', 'CONFIRMED', '2026-05-19 06:30:00+00', '2026-05-19 07:30:00+00', NULL, NULL, 'Main Restaurant', 'Breakfast included in stay'),
    ('itinerary_event_018', 'stay_demo_018', 'Founders roundtable', 'EVENT_SESSION', 'CONFIRMED', '2026-05-19 14:00:00+00', '2026-05-19 15:30:00+00', NULL, NULL, 'Conference Ballroom', 'Guest-facing event itinerary'),
    ('itinerary_breakfast_019', 'stay_demo_019', 'Terrace breakfast', 'FOOD', 'CONFIRMED', '2026-05-20 06:30:00+00', '2026-05-20 07:30:00+00', NULL, NULL, 'Main Restaurant', 'Breakfast included in stay'),
    ('itinerary_event_019', 'stay_demo_019', 'Private dinner welcome', 'EVENT_SESSION', 'CONFIRMED', '2026-05-20 14:00:00+00', '2026-05-20 15:30:00+00', NULL, NULL, 'Rose Terrace', 'Guest-facing event itinerary'),
    ('itinerary_breakfast_020', 'stay_demo_020', 'Sunrise breakfast', 'FOOD', 'CONFIRMED', '2026-05-21 06:30:00+00', '2026-05-21 07:30:00+00', NULL, NULL, 'Main Restaurant', 'Breakfast included in stay'),
    ('itinerary_event_020', 'stay_demo_020', 'Investor breakfast briefing', 'EVENT_SESSION', 'CONFIRMED', '2026-05-21 14:00:00+00', '2026-05-21 15:30:00+00', NULL, NULL, 'Main Restaurant', 'Guest-facing event itinerary'),
    ('itinerary_breakfast_021', 'stay_demo_021', 'Garden breakfast', 'FOOD', 'CONFIRMED', '2026-05-22 06:30:00+00', '2026-05-22 07:30:00+00', NULL, NULL, 'Main Restaurant', 'Breakfast included in stay'),
    ('itinerary_event_021', 'stay_demo_021', 'Wedding reception arrival', 'EVENT_SESSION', 'CONFIRMED', '2026-05-22 14:00:00+00', '2026-05-22 15:30:00+00', NULL, NULL, 'Garden Pavilion', 'Guest-facing event itinerary'),
    ('itinerary_breakfast_022', 'stay_demo_022', 'Lake-view breakfast', 'FOOD', 'CONFIRMED', '2026-05-23 06:30:00+00', '2026-05-23 07:30:00+00', NULL, NULL, 'Main Restaurant', 'Breakfast included in stay'),
    ('itinerary_event_022', 'stay_demo_022', 'Conference keynote seating', 'EVENT_SESSION', 'CONFIRMED', '2026-05-23 14:00:00+00', '2026-05-23 15:30:00+00', NULL, NULL, 'Executive Lounge', 'Guest-facing event itinerary'),
    ('itinerary_breakfast_023', 'stay_demo_023', 'Terrace breakfast', 'FOOD', 'CONFIRMED', '2026-05-24 06:30:00+00', '2026-05-24 07:30:00+00', NULL, NULL, 'Main Restaurant', 'Breakfast included in stay'),
    ('itinerary_event_023', 'stay_demo_023', 'Founders roundtable', 'EVENT_SESSION', 'CONFIRMED', '2026-05-24 14:00:00+00', '2026-05-24 15:30:00+00', NULL, NULL, 'Conference Ballroom', 'Guest-facing event itinerary'),
    ('itinerary_breakfast_024', 'stay_demo_024', 'Sunrise breakfast', 'FOOD', 'CONFIRMED', '2026-05-25 06:30:00+00', '2026-05-25 07:30:00+00', NULL, NULL, 'Main Restaurant', 'Breakfast included in stay'),
    ('itinerary_event_024', 'stay_demo_024', 'Private dinner welcome', 'EVENT_SESSION', 'PENDING', '2026-05-25 14:00:00+00', '2026-05-25 15:30:00+00', NULL, NULL, 'Rose Terrace', 'Guest-facing event itinerary'),
    ('itinerary_breakfast_025', 'stay_demo_025', 'Garden breakfast', 'FOOD', 'CONFIRMED', '2026-05-26 06:30:00+00', '2026-05-26 07:30:00+00', NULL, NULL, 'Main Restaurant', 'Breakfast included in stay'),
    ('itinerary_event_025', 'stay_demo_025', 'Investor breakfast briefing', 'EVENT_SESSION', 'CONFIRMED', '2026-05-26 14:00:00+00', '2026-05-26 15:30:00+00', NULL, NULL, 'Main Restaurant', 'Guest-facing event itinerary'),
    ('itinerary_breakfast_026', 'stay_demo_026', 'Lake-view breakfast', 'FOOD', 'CONFIRMED', '2026-05-27 06:30:00+00', '2026-05-27 07:30:00+00', NULL, NULL, 'Main Restaurant', 'Breakfast included in stay'),
    ('itinerary_event_026', 'stay_demo_026', 'Wedding reception arrival', 'EVENT_SESSION', 'CONFIRMED', '2026-05-27 14:00:00+00', '2026-05-27 15:30:00+00', NULL, NULL, 'Garden Pavilion', 'Guest-facing event itinerary'),
    ('itinerary_breakfast_027', 'stay_demo_027', 'Terrace breakfast', 'FOOD', 'CONFIRMED', '2026-05-28 06:30:00+00', '2026-05-28 07:30:00+00', NULL, NULL, 'Main Restaurant', 'Breakfast included in stay'),
    ('itinerary_event_027', 'stay_demo_027', 'Conference keynote seating', 'EVENT_SESSION', 'CONFIRMED', '2026-05-28 14:00:00+00', '2026-05-28 15:30:00+00', NULL, NULL, 'Executive Lounge', 'Guest-facing event itinerary'),
    ('itinerary_breakfast_028', 'stay_demo_028', 'Sunrise breakfast', 'FOOD', 'CONFIRMED', '2026-05-01 06:30:00+00', '2026-05-01 07:30:00+00', NULL, NULL, 'Main Restaurant', 'Breakfast included in stay'),
    ('itinerary_event_028', 'stay_demo_028', 'Founders roundtable', 'EVENT_SESSION', 'CONFIRMED', '2026-05-01 14:00:00+00', '2026-05-01 15:30:00+00', NULL, NULL, 'Conference Ballroom', 'Guest-facing event itinerary'),
    ('itinerary_breakfast_029', 'stay_demo_029', 'Garden breakfast', 'FOOD', 'CONFIRMED', '2026-05-02 06:30:00+00', '2026-05-02 07:30:00+00', NULL, NULL, 'Main Restaurant', 'Breakfast included in stay'),
    ('itinerary_event_029', 'stay_demo_029', 'Private dinner welcome', 'EVENT_SESSION', 'CONFIRMED', '2026-05-02 14:00:00+00', '2026-05-02 15:30:00+00', NULL, NULL, 'Rose Terrace', 'Guest-facing event itinerary'),
    ('itinerary_breakfast_030', 'stay_demo_030', 'Lake-view breakfast', 'FOOD', 'CONFIRMED', '2026-05-03 06:30:00+00', '2026-05-03 07:30:00+00', NULL, NULL, 'Main Restaurant', 'Breakfast included in stay'),
    ('itinerary_event_030', 'stay_demo_030', 'Investor breakfast briefing', 'EVENT_SESSION', 'CONFIRMED', '2026-05-03 14:00:00+00', '2026-05-03 15:30:00+00', NULL, NULL, 'Main Restaurant', 'Guest-facing event itinerary'),
    ('itinerary_breakfast_031', 'stay_demo_031', 'Terrace breakfast', 'FOOD', 'CONFIRMED', '2026-05-04 06:30:00+00', '2026-05-04 07:30:00+00', NULL, NULL, 'Main Restaurant', 'Breakfast included in stay'),
    ('itinerary_event_031', 'stay_demo_031', 'Wedding reception arrival', 'EVENT_SESSION', 'CONFIRMED', '2026-05-04 14:00:00+00', '2026-05-04 15:30:00+00', NULL, NULL, 'Garden Pavilion', 'Guest-facing event itinerary'),
    ('itinerary_breakfast_032', 'stay_demo_032', 'Sunrise breakfast', 'FOOD', 'CONFIRMED', '2026-05-05 06:30:00+00', '2026-05-05 07:30:00+00', NULL, NULL, 'Main Restaurant', 'Breakfast included in stay'),
    ('itinerary_event_032', 'stay_demo_032', 'Conference keynote seating', 'EVENT_SESSION', 'PENDING', '2026-05-05 14:00:00+00', '2026-05-05 15:30:00+00', NULL, NULL, 'Executive Lounge', 'Guest-facing event itinerary'),
    ('itinerary_breakfast_033', 'stay_demo_033', 'Garden breakfast', 'FOOD', 'CONFIRMED', '2026-05-06 06:30:00+00', '2026-05-06 07:30:00+00', NULL, NULL, 'Main Restaurant', 'Breakfast included in stay'),
    ('itinerary_event_033', 'stay_demo_033', 'Founders roundtable', 'EVENT_SESSION', 'CONFIRMED', '2026-05-06 14:00:00+00', '2026-05-06 15:30:00+00', NULL, NULL, 'Conference Ballroom', 'Guest-facing event itinerary'),
    ('itinerary_breakfast_034', 'stay_demo_034', 'Lake-view breakfast', 'FOOD', 'CONFIRMED', '2026-05-07 06:30:00+00', '2026-05-07 07:30:00+00', NULL, NULL, 'Main Restaurant', 'Breakfast included in stay'),
    ('itinerary_event_034', 'stay_demo_034', 'Private dinner welcome', 'EVENT_SESSION', 'CONFIRMED', '2026-05-07 14:00:00+00', '2026-05-07 15:30:00+00', NULL, NULL, 'Rose Terrace', 'Guest-facing event itinerary'),
    ('itinerary_breakfast_035', 'stay_demo_035', 'Terrace breakfast', 'FOOD', 'CONFIRMED', '2026-05-08 06:30:00+00', '2026-05-08 07:30:00+00', NULL, NULL, 'Main Restaurant', 'Breakfast included in stay'),
    ('itinerary_event_035', 'stay_demo_035', 'Investor breakfast briefing', 'EVENT_SESSION', 'CONFIRMED', '2026-05-08 14:00:00+00', '2026-05-08 15:30:00+00', NULL, NULL, 'Main Restaurant', 'Guest-facing event itinerary'),
    ('itinerary_breakfast_036', 'stay_demo_036', 'Sunrise breakfast', 'FOOD', 'CONFIRMED', '2026-05-09 06:30:00+00', '2026-05-09 07:30:00+00', NULL, NULL, 'Main Restaurant', 'Breakfast included in stay'),
    ('itinerary_event_036', 'stay_demo_036', 'Wedding reception arrival', 'EVENT_SESSION', 'CONFIRMED', '2026-05-09 14:00:00+00', '2026-05-09 15:30:00+00', NULL, NULL, 'Garden Pavilion', 'Guest-facing event itinerary'),
    ('itinerary_breakfast_037', 'stay_demo_037', 'Garden breakfast', 'FOOD', 'CONFIRMED', '2026-05-10 06:30:00+00', '2026-05-10 07:30:00+00', NULL, NULL, 'Main Restaurant', 'Breakfast included in stay'),
    ('itinerary_event_037', 'stay_demo_037', 'Conference keynote seating', 'EVENT_SESSION', 'CONFIRMED', '2026-05-10 14:00:00+00', '2026-05-10 15:30:00+00', NULL, NULL, 'Executive Lounge', 'Guest-facing event itinerary'),
    ('itinerary_breakfast_038', 'stay_demo_038', 'Lake-view breakfast', 'FOOD', 'CONFIRMED', '2026-05-11 06:30:00+00', '2026-05-11 07:30:00+00', NULL, NULL, 'Main Restaurant', 'Breakfast included in stay'),
    ('itinerary_event_038', 'stay_demo_038', 'Founders roundtable', 'EVENT_SESSION', 'CONFIRMED', '2026-05-11 14:00:00+00', '2026-05-11 15:30:00+00', NULL, NULL, 'Conference Ballroom', 'Guest-facing event itinerary'),
    ('itinerary_breakfast_039', 'stay_demo_039', 'Terrace breakfast', 'FOOD', 'CONFIRMED', '2026-05-12 06:30:00+00', '2026-05-12 07:30:00+00', NULL, NULL, 'Main Restaurant', 'Breakfast included in stay'),
    ('itinerary_event_039', 'stay_demo_039', 'Private dinner welcome', 'EVENT_SESSION', 'CONFIRMED', '2026-05-12 14:00:00+00', '2026-05-12 15:30:00+00', NULL, NULL, 'Rose Terrace', 'Guest-facing event itinerary'),
    ('itinerary_breakfast_040', 'stay_demo_040', 'Sunrise breakfast', 'FOOD', 'CONFIRMED', '2026-05-13 06:30:00+00', '2026-05-13 07:30:00+00', NULL, NULL, 'Main Restaurant', 'Breakfast included in stay'),
    ('itinerary_event_040', 'stay_demo_040', 'Investor breakfast briefing', 'EVENT_SESSION', 'PENDING', '2026-05-13 14:00:00+00', '2026-05-13 15:30:00+00', NULL, NULL, 'Main Restaurant', 'Guest-facing event itinerary'),
    ('itinerary_breakfast_041', 'stay_demo_041', 'Garden breakfast', 'FOOD', 'CONFIRMED', '2026-05-14 06:30:00+00', '2026-05-14 07:30:00+00', NULL, NULL, 'Main Restaurant', 'Breakfast included in stay'),
    ('itinerary_event_041', 'stay_demo_041', 'Wedding reception arrival', 'EVENT_SESSION', 'CONFIRMED', '2026-05-14 14:00:00+00', '2026-05-14 15:30:00+00', NULL, NULL, 'Garden Pavilion', 'Guest-facing event itinerary'),
    ('itinerary_breakfast_042', 'stay_demo_042', 'Lake-view breakfast', 'FOOD', 'CONFIRMED', '2026-05-15 06:30:00+00', '2026-05-15 07:30:00+00', NULL, NULL, 'Main Restaurant', 'Breakfast included in stay'),
    ('itinerary_event_042', 'stay_demo_042', 'Conference keynote seating', 'EVENT_SESSION', 'CONFIRMED', '2026-05-15 14:00:00+00', '2026-05-15 15:30:00+00', NULL, NULL, 'Executive Lounge', 'Guest-facing event itinerary'),
    ('itinerary_breakfast_043', 'stay_demo_043', 'Terrace breakfast', 'FOOD', 'CONFIRMED', '2026-05-16 06:30:00+00', '2026-05-16 07:30:00+00', NULL, NULL, 'Main Restaurant', 'Breakfast included in stay'),
    ('itinerary_event_043', 'stay_demo_043', 'Founders roundtable', 'EVENT_SESSION', 'CONFIRMED', '2026-05-16 14:00:00+00', '2026-05-16 15:30:00+00', NULL, NULL, 'Conference Ballroom', 'Guest-facing event itinerary'),
    ('itinerary_breakfast_044', 'stay_demo_044', 'Sunrise breakfast', 'FOOD', 'CONFIRMED', '2026-05-17 06:30:00+00', '2026-05-17 07:30:00+00', NULL, NULL, 'Main Restaurant', 'Breakfast included in stay'),
    ('itinerary_event_044', 'stay_demo_044', 'Private dinner welcome', 'EVENT_SESSION', 'CONFIRMED', '2026-05-17 14:00:00+00', '2026-05-17 15:30:00+00', NULL, NULL, 'Rose Terrace', 'Guest-facing event itinerary'),
    ('itinerary_breakfast_045', 'stay_demo_045', 'Garden breakfast', 'FOOD', 'CONFIRMED', '2026-05-18 06:30:00+00', '2026-05-18 07:30:00+00', NULL, NULL, 'Main Restaurant', 'Breakfast included in stay'),
    ('itinerary_event_045', 'stay_demo_045', 'Investor breakfast briefing', 'EVENT_SESSION', 'CONFIRMED', '2026-05-18 14:00:00+00', '2026-05-18 15:30:00+00', NULL, NULL, 'Main Restaurant', 'Guest-facing event itinerary'),
    ('itinerary_breakfast_046', 'stay_demo_046', 'Lake-view breakfast', 'FOOD', 'CONFIRMED', '2026-05-19 06:30:00+00', '2026-05-19 07:30:00+00', NULL, NULL, 'Main Restaurant', 'Breakfast included in stay'),
    ('itinerary_event_046', 'stay_demo_046', 'Wedding reception arrival', 'EVENT_SESSION', 'CONFIRMED', '2026-05-19 14:00:00+00', '2026-05-19 15:30:00+00', NULL, NULL, 'Garden Pavilion', 'Guest-facing event itinerary'),
    ('itinerary_breakfast_047', 'stay_demo_047', 'Terrace breakfast', 'FOOD', 'CONFIRMED', '2026-05-20 06:30:00+00', '2026-05-20 07:30:00+00', NULL, NULL, 'Main Restaurant', 'Breakfast included in stay'),
    ('itinerary_event_047', 'stay_demo_047', 'Conference keynote seating', 'EVENT_SESSION', 'CONFIRMED', '2026-05-20 14:00:00+00', '2026-05-20 15:30:00+00', NULL, NULL, 'Executive Lounge', 'Guest-facing event itinerary'),
    ('itinerary_breakfast_048', 'stay_demo_048', 'Sunrise breakfast', 'FOOD', 'CONFIRMED', '2026-05-21 06:30:00+00', '2026-05-21 07:30:00+00', NULL, NULL, 'Main Restaurant', 'Breakfast included in stay'),
    ('itinerary_event_048', 'stay_demo_048', 'Founders roundtable', 'EVENT_SESSION', 'PENDING', '2026-05-21 14:00:00+00', '2026-05-21 15:30:00+00', NULL, NULL, 'Conference Ballroom', 'Guest-facing event itinerary'),
    ('itinerary_breakfast_049', 'stay_demo_049', 'Garden breakfast', 'FOOD', 'CONFIRMED', '2026-05-22 06:30:00+00', '2026-05-22 07:30:00+00', NULL, NULL, 'Main Restaurant', 'Breakfast included in stay'),
    ('itinerary_event_049', 'stay_demo_049', 'Private dinner welcome', 'EVENT_SESSION', 'CONFIRMED', '2026-05-22 14:00:00+00', '2026-05-22 15:30:00+00', NULL, NULL, 'Rose Terrace', 'Guest-facing event itinerary'),
    ('itinerary_breakfast_050', 'stay_demo_050', 'Lake-view breakfast', 'FOOD', 'CONFIRMED', '2026-05-23 06:30:00+00', '2026-05-23 07:30:00+00', NULL, NULL, 'Main Restaurant', 'Breakfast included in stay'),
    ('itinerary_event_050', 'stay_demo_050', 'Investor breakfast briefing', 'EVENT_SESSION', 'CONFIRMED', '2026-05-23 14:00:00+00', '2026-05-23 15:30:00+00', NULL, NULL, 'Main Restaurant', 'Guest-facing event itinerary'),
    ('itinerary_breakfast_051', 'stay_demo_051', 'Terrace breakfast', 'FOOD', 'CONFIRMED', '2026-05-24 06:30:00+00', '2026-05-24 07:30:00+00', NULL, NULL, 'Main Restaurant', 'Breakfast included in stay'),
    ('itinerary_event_051', 'stay_demo_051', 'Wedding reception arrival', 'EVENT_SESSION', 'CONFIRMED', '2026-05-24 14:00:00+00', '2026-05-24 15:30:00+00', NULL, NULL, 'Garden Pavilion', 'Guest-facing event itinerary'),
    ('itinerary_breakfast_052', 'stay_demo_052', 'Sunrise breakfast', 'FOOD', 'CONFIRMED', '2026-05-25 06:30:00+00', '2026-05-25 07:30:00+00', NULL, NULL, 'Main Restaurant', 'Breakfast included in stay'),
    ('itinerary_event_052', 'stay_demo_052', 'Conference keynote seating', 'EVENT_SESSION', 'CONFIRMED', '2026-05-25 14:00:00+00', '2026-05-25 15:30:00+00', NULL, NULL, 'Executive Lounge', 'Guest-facing event itinerary'),
    ('itinerary_breakfast_053', 'stay_demo_053', 'Garden breakfast', 'FOOD', 'CONFIRMED', '2026-05-26 06:30:00+00', '2026-05-26 07:30:00+00', NULL, NULL, 'Main Restaurant', 'Breakfast included in stay'),
    ('itinerary_event_053', 'stay_demo_053', 'Founders roundtable', 'EVENT_SESSION', 'CONFIRMED', '2026-05-26 14:00:00+00', '2026-05-26 15:30:00+00', NULL, NULL, 'Conference Ballroom', 'Guest-facing event itinerary'),
    ('itinerary_breakfast_054', 'stay_demo_054', 'Lake-view breakfast', 'FOOD', 'CONFIRMED', '2026-05-27 06:30:00+00', '2026-05-27 07:30:00+00', NULL, NULL, 'Main Restaurant', 'Breakfast included in stay'),
    ('itinerary_event_054', 'stay_demo_054', 'Private dinner welcome', 'EVENT_SESSION', 'CONFIRMED', '2026-05-27 14:00:00+00', '2026-05-27 15:30:00+00', NULL, NULL, 'Rose Terrace', 'Guest-facing event itinerary'),
    ('itinerary_breakfast_055', 'stay_demo_055', 'Terrace breakfast', 'FOOD', 'CONFIRMED', '2026-05-28 06:30:00+00', '2026-05-28 07:30:00+00', NULL, NULL, 'Main Restaurant', 'Breakfast included in stay'),
    ('itinerary_event_055', 'stay_demo_055', 'Investor breakfast briefing', 'EVENT_SESSION', 'CONFIRMED', '2026-05-28 14:00:00+00', '2026-05-28 15:30:00+00', NULL, NULL, 'Main Restaurant', 'Guest-facing event itinerary'),
    ('itinerary_breakfast_056', 'stay_demo_056', 'Sunrise breakfast', 'FOOD', 'CONFIRMED', '2026-05-01 06:30:00+00', '2026-05-01 07:30:00+00', NULL, NULL, 'Main Restaurant', 'Breakfast included in stay'),
    ('itinerary_event_056', 'stay_demo_056', 'Wedding reception arrival', 'EVENT_SESSION', 'PENDING', '2026-05-01 14:00:00+00', '2026-05-01 15:30:00+00', NULL, NULL, 'Garden Pavilion', 'Guest-facing event itinerary'),
    ('itinerary_breakfast_057', 'stay_demo_057', 'Garden breakfast', 'FOOD', 'CONFIRMED', '2026-05-02 06:30:00+00', '2026-05-02 07:30:00+00', NULL, NULL, 'Main Restaurant', 'Breakfast included in stay'),
    ('itinerary_event_057', 'stay_demo_057', 'Conference keynote seating', 'EVENT_SESSION', 'CONFIRMED', '2026-05-02 14:00:00+00', '2026-05-02 15:30:00+00', NULL, NULL, 'Executive Lounge', 'Guest-facing event itinerary'),
    ('itinerary_breakfast_058', 'stay_demo_058', 'Lake-view breakfast', 'FOOD', 'CONFIRMED', '2026-05-03 06:30:00+00', '2026-05-03 07:30:00+00', NULL, NULL, 'Main Restaurant', 'Breakfast included in stay'),
    ('itinerary_event_058', 'stay_demo_058', 'Founders roundtable', 'EVENT_SESSION', 'CONFIRMED', '2026-05-03 14:00:00+00', '2026-05-03 15:30:00+00', NULL, NULL, 'Conference Ballroom', 'Guest-facing event itinerary'),
    ('itinerary_breakfast_059', 'stay_demo_059', 'Terrace breakfast', 'FOOD', 'CONFIRMED', '2026-05-04 06:30:00+00', '2026-05-04 07:30:00+00', NULL, NULL, 'Main Restaurant', 'Breakfast included in stay'),
    ('itinerary_event_059', 'stay_demo_059', 'Private dinner welcome', 'EVENT_SESSION', 'CONFIRMED', '2026-05-04 14:00:00+00', '2026-05-04 15:30:00+00', NULL, NULL, 'Rose Terrace', 'Guest-facing event itinerary'),
    ('itinerary_breakfast_060', 'stay_demo_060', 'Sunrise breakfast', 'FOOD', 'CONFIRMED', '2026-05-05 06:30:00+00', '2026-05-05 07:30:00+00', NULL, NULL, 'Main Restaurant', 'Breakfast included in stay'),
    ('itinerary_event_060', 'stay_demo_060', 'Investor breakfast briefing', 'EVENT_SESSION', 'CONFIRMED', '2026-05-05 14:00:00+00', '2026-05-05 15:30:00+00', NULL, NULL, 'Main Restaurant', 'Guest-facing event itinerary'),
    ('itinerary_breakfast_061', 'stay_demo_061', 'Garden breakfast', 'FOOD', 'CONFIRMED', '2026-05-06 06:30:00+00', '2026-05-06 07:30:00+00', NULL, NULL, 'Main Restaurant', 'Breakfast included in stay'),
    ('itinerary_event_061', 'stay_demo_061', 'Wedding reception arrival', 'EVENT_SESSION', 'CONFIRMED', '2026-05-06 14:00:00+00', '2026-05-06 15:30:00+00', NULL, NULL, 'Garden Pavilion', 'Guest-facing event itinerary'),
    ('itinerary_breakfast_062', 'stay_demo_062', 'Lake-view breakfast', 'FOOD', 'CONFIRMED', '2026-05-07 06:30:00+00', '2026-05-07 07:30:00+00', NULL, NULL, 'Main Restaurant', 'Breakfast included in stay'),
    ('itinerary_event_062', 'stay_demo_062', 'Conference keynote seating', 'EVENT_SESSION', 'CONFIRMED', '2026-05-07 14:00:00+00', '2026-05-07 15:30:00+00', NULL, NULL, 'Executive Lounge', 'Guest-facing event itinerary'),
    ('itinerary_breakfast_063', 'stay_demo_063', 'Terrace breakfast', 'FOOD', 'CONFIRMED', '2026-05-08 06:30:00+00', '2026-05-08 07:30:00+00', NULL, NULL, 'Main Restaurant', 'Breakfast included in stay'),
    ('itinerary_event_063', 'stay_demo_063', 'Founders roundtable', 'EVENT_SESSION', 'CONFIRMED', '2026-05-08 14:00:00+00', '2026-05-08 15:30:00+00', NULL, NULL, 'Conference Ballroom', 'Guest-facing event itinerary'),
    ('itinerary_breakfast_064', 'stay_demo_064', 'Sunrise breakfast', 'FOOD', 'CONFIRMED', '2026-05-09 06:30:00+00', '2026-05-09 07:30:00+00', NULL, NULL, 'Main Restaurant', 'Breakfast included in stay'),
    ('itinerary_event_064', 'stay_demo_064', 'Private dinner welcome', 'EVENT_SESSION', 'PENDING', '2026-05-09 14:00:00+00', '2026-05-09 15:30:00+00', NULL, NULL, 'Rose Terrace', 'Guest-facing event itinerary'),
    ('itinerary_breakfast_065', 'stay_demo_065', 'Garden breakfast', 'FOOD', 'CONFIRMED', '2026-05-10 06:30:00+00', '2026-05-10 07:30:00+00', NULL, NULL, 'Main Restaurant', 'Breakfast included in stay'),
    ('itinerary_event_065', 'stay_demo_065', 'Investor breakfast briefing', 'EVENT_SESSION', 'CONFIRMED', '2026-05-10 14:00:00+00', '2026-05-10 15:30:00+00', NULL, NULL, 'Main Restaurant', 'Guest-facing event itinerary'),
    ('itinerary_breakfast_066', 'stay_demo_066', 'Lake-view breakfast', 'FOOD', 'CONFIRMED', '2026-05-11 06:30:00+00', '2026-05-11 07:30:00+00', NULL, NULL, 'Main Restaurant', 'Breakfast included in stay'),
    ('itinerary_event_066', 'stay_demo_066', 'Wedding reception arrival', 'EVENT_SESSION', 'CONFIRMED', '2026-05-11 14:00:00+00', '2026-05-11 15:30:00+00', NULL, NULL, 'Garden Pavilion', 'Guest-facing event itinerary'),
    ('itinerary_breakfast_067', 'stay_demo_067', 'Terrace breakfast', 'FOOD', 'CONFIRMED', '2026-05-12 06:30:00+00', '2026-05-12 07:30:00+00', NULL, NULL, 'Main Restaurant', 'Breakfast included in stay'),
    ('itinerary_event_067', 'stay_demo_067', 'Conference keynote seating', 'EVENT_SESSION', 'CONFIRMED', '2026-05-12 14:00:00+00', '2026-05-12 15:30:00+00', NULL, NULL, 'Executive Lounge', 'Guest-facing event itinerary'),
    ('itinerary_breakfast_068', 'stay_demo_068', 'Sunrise breakfast', 'FOOD', 'CONFIRMED', '2026-05-13 06:30:00+00', '2026-05-13 07:30:00+00', NULL, NULL, 'Main Restaurant', 'Breakfast included in stay'),
    ('itinerary_event_068', 'stay_demo_068', 'Founders roundtable', 'EVENT_SESSION', 'CONFIRMED', '2026-05-13 14:00:00+00', '2026-05-13 15:30:00+00', NULL, NULL, 'Conference Ballroom', 'Guest-facing event itinerary'),
    ('itinerary_breakfast_069', 'stay_demo_069', 'Garden breakfast', 'FOOD', 'CONFIRMED', '2026-05-14 06:30:00+00', '2026-05-14 07:30:00+00', NULL, NULL, 'Main Restaurant', 'Breakfast included in stay'),
    ('itinerary_event_069', 'stay_demo_069', 'Private dinner welcome', 'EVENT_SESSION', 'CONFIRMED', '2026-05-14 14:00:00+00', '2026-05-14 15:30:00+00', NULL, NULL, 'Rose Terrace', 'Guest-facing event itinerary'),
    ('itinerary_breakfast_070', 'stay_demo_070', 'Lake-view breakfast', 'FOOD', 'CONFIRMED', '2026-05-15 06:30:00+00', '2026-05-15 07:30:00+00', NULL, NULL, 'Main Restaurant', 'Breakfast included in stay'),
    ('itinerary_event_070', 'stay_demo_070', 'Investor breakfast briefing', 'EVENT_SESSION', 'CONFIRMED', '2026-05-15 14:00:00+00', '2026-05-15 15:30:00+00', NULL, NULL, 'Main Restaurant', 'Guest-facing event itinerary'),
    ('itinerary_breakfast_071', 'stay_demo_071', 'Terrace breakfast', 'FOOD', 'CONFIRMED', '2026-05-16 06:30:00+00', '2026-05-16 07:30:00+00', NULL, NULL, 'Main Restaurant', 'Breakfast included in stay'),
    ('itinerary_event_071', 'stay_demo_071', 'Wedding reception arrival', 'EVENT_SESSION', 'CONFIRMED', '2026-05-16 14:00:00+00', '2026-05-16 15:30:00+00', NULL, NULL, 'Garden Pavilion', 'Guest-facing event itinerary'),
    ('itinerary_breakfast_072', 'stay_demo_072', 'Sunrise breakfast', 'FOOD', 'CONFIRMED', '2026-05-17 06:30:00+00', '2026-05-17 07:30:00+00', NULL, NULL, 'Main Restaurant', 'Breakfast included in stay'),
    ('itinerary_event_072', 'stay_demo_072', 'Conference keynote seating', 'EVENT_SESSION', 'PENDING', '2026-05-17 14:00:00+00', '2026-05-17 15:30:00+00', NULL, NULL, 'Executive Lounge', 'Guest-facing event itinerary'),
    ('itinerary_breakfast_073', 'stay_demo_073', 'Garden breakfast', 'FOOD', 'CONFIRMED', '2026-05-18 06:30:00+00', '2026-05-18 07:30:00+00', NULL, NULL, 'Main Restaurant', 'Breakfast included in stay'),
    ('itinerary_event_073', 'stay_demo_073', 'Founders roundtable', 'EVENT_SESSION', 'CONFIRMED', '2026-05-18 14:00:00+00', '2026-05-18 15:30:00+00', NULL, NULL, 'Conference Ballroom', 'Guest-facing event itinerary'),
    ('itinerary_breakfast_074', 'stay_demo_074', 'Lake-view breakfast', 'FOOD', 'CONFIRMED', '2026-05-19 06:30:00+00', '2026-05-19 07:30:00+00', NULL, NULL, 'Main Restaurant', 'Breakfast included in stay'),
    ('itinerary_event_074', 'stay_demo_074', 'Private dinner welcome', 'EVENT_SESSION', 'CONFIRMED', '2026-05-19 14:00:00+00', '2026-05-19 15:30:00+00', NULL, NULL, 'Rose Terrace', 'Guest-facing event itinerary'),
    ('itinerary_breakfast_075', 'stay_demo_075', 'Terrace breakfast', 'FOOD', 'CONFIRMED', '2026-05-20 06:30:00+00', '2026-05-20 07:30:00+00', NULL, NULL, 'Main Restaurant', 'Breakfast included in stay'),
    ('itinerary_event_075', 'stay_demo_075', 'Investor breakfast briefing', 'EVENT_SESSION', 'CONFIRMED', '2026-05-20 14:00:00+00', '2026-05-20 15:30:00+00', NULL, NULL, 'Main Restaurant', 'Guest-facing event itinerary'),
    ('itinerary_breakfast_076', 'stay_demo_076', 'Sunrise breakfast', 'FOOD', 'CONFIRMED', '2026-05-21 06:30:00+00', '2026-05-21 07:30:00+00', NULL, NULL, 'Main Restaurant', 'Breakfast included in stay'),
    ('itinerary_event_076', 'stay_demo_076', 'Wedding reception arrival', 'EVENT_SESSION', 'CONFIRMED', '2026-05-21 14:00:00+00', '2026-05-21 15:30:00+00', NULL, NULL, 'Garden Pavilion', 'Guest-facing event itinerary'),
    ('itinerary_breakfast_077', 'stay_demo_077', 'Garden breakfast', 'FOOD', 'CONFIRMED', '2026-05-22 06:30:00+00', '2026-05-22 07:30:00+00', NULL, NULL, 'Main Restaurant', 'Breakfast included in stay'),
    ('itinerary_event_077', 'stay_demo_077', 'Conference keynote seating', 'EVENT_SESSION', 'CONFIRMED', '2026-05-22 14:00:00+00', '2026-05-22 15:30:00+00', NULL, NULL, 'Executive Lounge', 'Guest-facing event itinerary'),
    ('itinerary_breakfast_078', 'stay_demo_078', 'Lake-view breakfast', 'FOOD', 'CONFIRMED', '2026-05-23 06:30:00+00', '2026-05-23 07:30:00+00', NULL, NULL, 'Main Restaurant', 'Breakfast included in stay'),
    ('itinerary_event_078', 'stay_demo_078', 'Founders roundtable', 'EVENT_SESSION', 'CONFIRMED', '2026-05-23 14:00:00+00', '2026-05-23 15:30:00+00', NULL, NULL, 'Conference Ballroom', 'Guest-facing event itinerary'),
    ('itinerary_breakfast_079', 'stay_demo_079', 'Terrace breakfast', 'FOOD', 'CONFIRMED', '2026-05-24 06:30:00+00', '2026-05-24 07:30:00+00', NULL, NULL, 'Main Restaurant', 'Breakfast included in stay'),
    ('itinerary_event_079', 'stay_demo_079', 'Private dinner welcome', 'EVENT_SESSION', 'CONFIRMED', '2026-05-24 14:00:00+00', '2026-05-24 15:30:00+00', NULL, NULL, 'Rose Terrace', 'Guest-facing event itinerary'),
    ('itinerary_breakfast_080', 'stay_demo_080', 'Sunrise breakfast', 'FOOD', 'CONFIRMED', '2026-05-25 06:30:00+00', '2026-05-25 07:30:00+00', NULL, NULL, 'Main Restaurant', 'Breakfast included in stay'),
    ('itinerary_event_080', 'stay_demo_080', 'Investor breakfast briefing', 'EVENT_SESSION', 'PENDING', '2026-05-25 14:00:00+00', '2026-05-25 15:30:00+00', NULL, NULL, 'Main Restaurant', 'Guest-facing event itinerary'),
    ('itinerary_breakfast_081', 'stay_demo_081', 'Garden breakfast', 'FOOD', 'CONFIRMED', '2026-05-26 06:30:00+00', '2026-05-26 07:30:00+00', NULL, NULL, 'Main Restaurant', 'Breakfast included in stay'),
    ('itinerary_event_081', 'stay_demo_081', 'Wedding reception arrival', 'EVENT_SESSION', 'CONFIRMED', '2026-05-26 14:00:00+00', '2026-05-26 15:30:00+00', NULL, NULL, 'Garden Pavilion', 'Guest-facing event itinerary'),
    ('itinerary_breakfast_082', 'stay_demo_082', 'Lake-view breakfast', 'FOOD', 'CONFIRMED', '2026-05-27 06:30:00+00', '2026-05-27 07:30:00+00', NULL, NULL, 'Main Restaurant', 'Breakfast included in stay'),
    ('itinerary_event_082', 'stay_demo_082', 'Conference keynote seating', 'EVENT_SESSION', 'CONFIRMED', '2026-05-27 14:00:00+00', '2026-05-27 15:30:00+00', NULL, NULL, 'Executive Lounge', 'Guest-facing event itinerary'),
    ('itinerary_breakfast_083', 'stay_demo_083', 'Terrace breakfast', 'FOOD', 'CONFIRMED', '2026-05-28 06:30:00+00', '2026-05-28 07:30:00+00', NULL, NULL, 'Main Restaurant', 'Breakfast included in stay'),
    ('itinerary_event_083', 'stay_demo_083', 'Founders roundtable', 'EVENT_SESSION', 'CONFIRMED', '2026-05-28 14:00:00+00', '2026-05-28 15:30:00+00', NULL, NULL, 'Conference Ballroom', 'Guest-facing event itinerary'),
    ('itinerary_breakfast_084', 'stay_demo_084', 'Sunrise breakfast', 'FOOD', 'CONFIRMED', '2026-05-01 06:30:00+00', '2026-05-01 07:30:00+00', NULL, NULL, 'Main Restaurant', 'Breakfast included in stay'),
    ('itinerary_event_084', 'stay_demo_084', 'Private dinner welcome', 'EVENT_SESSION', 'CONFIRMED', '2026-05-01 14:00:00+00', '2026-05-01 15:30:00+00', NULL, NULL, 'Rose Terrace', 'Guest-facing event itinerary'),
    ('itinerary_breakfast_085', 'stay_demo_085', 'Garden breakfast', 'FOOD', 'CONFIRMED', '2026-05-02 06:30:00+00', '2026-05-02 07:30:00+00', NULL, NULL, 'Main Restaurant', 'Breakfast included in stay'),
    ('itinerary_event_085', 'stay_demo_085', 'Investor breakfast briefing', 'EVENT_SESSION', 'CONFIRMED', '2026-05-02 14:00:00+00', '2026-05-02 15:30:00+00', NULL, NULL, 'Main Restaurant', 'Guest-facing event itinerary'),
    ('itinerary_breakfast_086', 'stay_demo_086', 'Lake-view breakfast', 'FOOD', 'CONFIRMED', '2026-05-03 06:30:00+00', '2026-05-03 07:30:00+00', NULL, NULL, 'Main Restaurant', 'Breakfast included in stay'),
    ('itinerary_event_086', 'stay_demo_086', 'Wedding reception arrival', 'EVENT_SESSION', 'CONFIRMED', '2026-05-03 14:00:00+00', '2026-05-03 15:30:00+00', NULL, NULL, 'Garden Pavilion', 'Guest-facing event itinerary'),
    ('itinerary_breakfast_087', 'stay_demo_087', 'Terrace breakfast', 'FOOD', 'CONFIRMED', '2026-05-04 06:30:00+00', '2026-05-04 07:30:00+00', NULL, NULL, 'Main Restaurant', 'Breakfast included in stay'),
    ('itinerary_event_087', 'stay_demo_087', 'Conference keynote seating', 'EVENT_SESSION', 'CONFIRMED', '2026-05-04 14:00:00+00', '2026-05-04 15:30:00+00', NULL, NULL, 'Executive Lounge', 'Guest-facing event itinerary'),
    ('itinerary_breakfast_088', 'stay_demo_088', 'Sunrise breakfast', 'FOOD', 'CONFIRMED', '2026-05-05 06:30:00+00', '2026-05-05 07:30:00+00', NULL, NULL, 'Main Restaurant', 'Breakfast included in stay'),
    ('itinerary_event_088', 'stay_demo_088', 'Founders roundtable', 'EVENT_SESSION', 'PENDING', '2026-05-05 14:00:00+00', '2026-05-05 15:30:00+00', NULL, NULL, 'Conference Ballroom', 'Guest-facing event itinerary'),
    ('itinerary_breakfast_089', 'stay_demo_089', 'Garden breakfast', 'FOOD', 'CONFIRMED', '2026-05-06 06:30:00+00', '2026-05-06 07:30:00+00', NULL, NULL, 'Main Restaurant', 'Breakfast included in stay'),
    ('itinerary_event_089', 'stay_demo_089', 'Private dinner welcome', 'EVENT_SESSION', 'CONFIRMED', '2026-05-06 14:00:00+00', '2026-05-06 15:30:00+00', NULL, NULL, 'Rose Terrace', 'Guest-facing event itinerary'),
    ('itinerary_breakfast_090', 'stay_demo_090', 'Lake-view breakfast', 'FOOD', 'CONFIRMED', '2026-05-07 06:30:00+00', '2026-05-07 07:30:00+00', NULL, NULL, 'Main Restaurant', 'Breakfast included in stay'),
    ('itinerary_event_090', 'stay_demo_090', 'Investor breakfast briefing', 'EVENT_SESSION', 'CONFIRMED', '2026-05-07 14:00:00+00', '2026-05-07 15:30:00+00', NULL, NULL, 'Main Restaurant', 'Guest-facing event itinerary'),
    ('itinerary_breakfast_091', 'stay_demo_091', 'Terrace breakfast', 'FOOD', 'CONFIRMED', '2026-05-08 06:30:00+00', '2026-05-08 07:30:00+00', NULL, NULL, 'Main Restaurant', 'Breakfast included in stay'),
    ('itinerary_event_091', 'stay_demo_091', 'Wedding reception arrival', 'EVENT_SESSION', 'CONFIRMED', '2026-05-08 14:00:00+00', '2026-05-08 15:30:00+00', NULL, NULL, 'Garden Pavilion', 'Guest-facing event itinerary'),
    ('itinerary_breakfast_092', 'stay_demo_092', 'Sunrise breakfast', 'FOOD', 'CONFIRMED', '2026-05-09 06:30:00+00', '2026-05-09 07:30:00+00', NULL, NULL, 'Main Restaurant', 'Breakfast included in stay'),
    ('itinerary_event_092', 'stay_demo_092', 'Conference keynote seating', 'EVENT_SESSION', 'CONFIRMED', '2026-05-09 14:00:00+00', '2026-05-09 15:30:00+00', NULL, NULL, 'Executive Lounge', 'Guest-facing event itinerary'),
    ('itinerary_breakfast_093', 'stay_demo_093', 'Garden breakfast', 'FOOD', 'CONFIRMED', '2026-05-10 06:30:00+00', '2026-05-10 07:30:00+00', NULL, NULL, 'Main Restaurant', 'Breakfast included in stay'),
    ('itinerary_event_093', 'stay_demo_093', 'Founders roundtable', 'EVENT_SESSION', 'CONFIRMED', '2026-05-10 14:00:00+00', '2026-05-10 15:30:00+00', NULL, NULL, 'Conference Ballroom', 'Guest-facing event itinerary'),
    ('itinerary_breakfast_094', 'stay_demo_094', 'Lake-view breakfast', 'FOOD', 'CONFIRMED', '2026-05-11 06:30:00+00', '2026-05-11 07:30:00+00', NULL, NULL, 'Main Restaurant', 'Breakfast included in stay'),
    ('itinerary_event_094', 'stay_demo_094', 'Private dinner welcome', 'EVENT_SESSION', 'CONFIRMED', '2026-05-11 14:00:00+00', '2026-05-11 15:30:00+00', NULL, NULL, 'Rose Terrace', 'Guest-facing event itinerary'),
    ('itinerary_breakfast_095', 'stay_demo_095', 'Terrace breakfast', 'FOOD', 'CONFIRMED', '2026-05-12 06:30:00+00', '2026-05-12 07:30:00+00', NULL, NULL, 'Main Restaurant', 'Breakfast included in stay'),
    ('itinerary_event_095', 'stay_demo_095', 'Investor breakfast briefing', 'EVENT_SESSION', 'CONFIRMED', '2026-05-12 14:00:00+00', '2026-05-12 15:30:00+00', NULL, NULL, 'Main Restaurant', 'Guest-facing event itinerary'),
    ('itinerary_breakfast_096', 'stay_demo_096', 'Sunrise breakfast', 'FOOD', 'CONFIRMED', '2026-05-13 06:30:00+00', '2026-05-13 07:30:00+00', NULL, NULL, 'Main Restaurant', 'Breakfast included in stay'),
    ('itinerary_event_096', 'stay_demo_096', 'Wedding reception arrival', 'EVENT_SESSION', 'PENDING', '2026-05-13 14:00:00+00', '2026-05-13 15:30:00+00', NULL, NULL, 'Garden Pavilion', 'Guest-facing event itinerary'),
    ('itinerary_breakfast_097', 'stay_demo_097', 'Garden breakfast', 'FOOD', 'CONFIRMED', '2026-05-14 06:30:00+00', '2026-05-14 07:30:00+00', NULL, NULL, 'Main Restaurant', 'Breakfast included in stay'),
    ('itinerary_event_097', 'stay_demo_097', 'Conference keynote seating', 'EVENT_SESSION', 'CONFIRMED', '2026-05-14 14:00:00+00', '2026-05-14 15:30:00+00', NULL, NULL, 'Executive Lounge', 'Guest-facing event itinerary'),
    ('itinerary_breakfast_098', 'stay_demo_098', 'Lake-view breakfast', 'FOOD', 'CONFIRMED', '2026-05-15 06:30:00+00', '2026-05-15 07:30:00+00', NULL, NULL, 'Main Restaurant', 'Breakfast included in stay'),
    ('itinerary_event_098', 'stay_demo_098', 'Founders roundtable', 'EVENT_SESSION', 'CONFIRMED', '2026-05-15 14:00:00+00', '2026-05-15 15:30:00+00', NULL, NULL, 'Conference Ballroom', 'Guest-facing event itinerary'),
    ('itinerary_breakfast_099', 'stay_demo_099', 'Terrace breakfast', 'FOOD', 'CONFIRMED', '2026-05-16 06:30:00+00', '2026-05-16 07:30:00+00', NULL, NULL, 'Main Restaurant', 'Breakfast included in stay'),
    ('itinerary_event_099', 'stay_demo_099', 'Private dinner welcome', 'EVENT_SESSION', 'CONFIRMED', '2026-05-16 14:00:00+00', '2026-05-16 15:30:00+00', NULL, NULL, 'Rose Terrace', 'Guest-facing event itinerary'),
    ('itinerary_breakfast_100', 'stay_demo_100', 'Sunrise breakfast', 'FOOD', 'CONFIRMED', '2026-05-17 06:30:00+00', '2026-05-17 07:30:00+00', NULL, NULL, 'Main Restaurant', 'Breakfast included in stay'),
    ('itinerary_event_100', 'stay_demo_100', 'Investor breakfast briefing', 'EVENT_SESSION', 'CONFIRMED', '2026-05-17 14:00:00+00', '2026-05-17 15:30:00+00', NULL, NULL, 'Main Restaurant', 'Guest-facing event itinerary'),
    ('itinerary_breakfast_101', 'stay_demo_101', 'Garden breakfast', 'FOOD', 'CONFIRMED', '2026-05-18 06:30:00+00', '2026-05-18 07:30:00+00', NULL, NULL, 'Main Restaurant', 'Breakfast included in stay'),
    ('itinerary_event_101', 'stay_demo_101', 'Wedding reception arrival', 'EVENT_SESSION', 'CONFIRMED', '2026-05-18 14:00:00+00', '2026-05-18 15:30:00+00', NULL, NULL, 'Garden Pavilion', 'Guest-facing event itinerary'),
    ('itinerary_breakfast_102', 'stay_demo_102', 'Lake-view breakfast', 'FOOD', 'CONFIRMED', '2026-05-19 06:30:00+00', '2026-05-19 07:30:00+00', NULL, NULL, 'Main Restaurant', 'Breakfast included in stay'),
    ('itinerary_event_102', 'stay_demo_102', 'Conference keynote seating', 'EVENT_SESSION', 'CONFIRMED', '2026-05-19 14:00:00+00', '2026-05-19 15:30:00+00', NULL, NULL, 'Executive Lounge', 'Guest-facing event itinerary'),
    ('itinerary_breakfast_103', 'stay_demo_103', 'Terrace breakfast', 'FOOD', 'CONFIRMED', '2026-05-20 06:30:00+00', '2026-05-20 07:30:00+00', NULL, NULL, 'Main Restaurant', 'Breakfast included in stay'),
    ('itinerary_event_103', 'stay_demo_103', 'Founders roundtable', 'EVENT_SESSION', 'CONFIRMED', '2026-05-20 14:00:00+00', '2026-05-20 15:30:00+00', NULL, NULL, 'Conference Ballroom', 'Guest-facing event itinerary'),
    ('itinerary_breakfast_104', 'stay_demo_104', 'Sunrise breakfast', 'FOOD', 'CONFIRMED', '2026-05-21 06:30:00+00', '2026-05-21 07:30:00+00', NULL, NULL, 'Main Restaurant', 'Breakfast included in stay'),
    ('itinerary_event_104', 'stay_demo_104', 'Private dinner welcome', 'EVENT_SESSION', 'PENDING', '2026-05-21 14:00:00+00', '2026-05-21 15:30:00+00', NULL, NULL, 'Rose Terrace', 'Guest-facing event itinerary'),
    ('itinerary_breakfast_105', 'stay_demo_105', 'Garden breakfast', 'FOOD', 'CONFIRMED', '2026-05-22 06:30:00+00', '2026-05-22 07:30:00+00', NULL, NULL, 'Main Restaurant', 'Breakfast included in stay'),
    ('itinerary_event_105', 'stay_demo_105', 'Investor breakfast briefing', 'EVENT_SESSION', 'CONFIRMED', '2026-05-22 14:00:00+00', '2026-05-22 15:30:00+00', NULL, NULL, 'Main Restaurant', 'Guest-facing event itinerary'),
    ('itinerary_breakfast_106', 'stay_demo_106', 'Lake-view breakfast', 'FOOD', 'CONFIRMED', '2026-05-23 06:30:00+00', '2026-05-23 07:30:00+00', NULL, NULL, 'Main Restaurant', 'Breakfast included in stay'),
    ('itinerary_event_106', 'stay_demo_106', 'Wedding reception arrival', 'EVENT_SESSION', 'CONFIRMED', '2026-05-23 14:00:00+00', '2026-05-23 15:30:00+00', NULL, NULL, 'Garden Pavilion', 'Guest-facing event itinerary'),
    ('itinerary_breakfast_107', 'stay_demo_107', 'Terrace breakfast', 'FOOD', 'CONFIRMED', '2026-05-24 06:30:00+00', '2026-05-24 07:30:00+00', NULL, NULL, 'Main Restaurant', 'Breakfast included in stay'),
    ('itinerary_event_107', 'stay_demo_107', 'Conference keynote seating', 'EVENT_SESSION', 'CONFIRMED', '2026-05-24 14:00:00+00', '2026-05-24 15:30:00+00', NULL, NULL, 'Executive Lounge', 'Guest-facing event itinerary'),
    ('itinerary_breakfast_108', 'stay_demo_108', 'Sunrise breakfast', 'FOOD', 'CONFIRMED', '2026-05-25 06:30:00+00', '2026-05-25 07:30:00+00', NULL, NULL, 'Main Restaurant', 'Breakfast included in stay'),
    ('itinerary_event_108', 'stay_demo_108', 'Founders roundtable', 'EVENT_SESSION', 'CONFIRMED', '2026-05-25 14:00:00+00', '2026-05-25 15:30:00+00', NULL, NULL, 'Conference Ballroom', 'Guest-facing event itinerary'),
    ('itinerary_breakfast_109', 'stay_demo_109', 'Garden breakfast', 'FOOD', 'CONFIRMED', '2026-05-26 06:30:00+00', '2026-05-26 07:30:00+00', NULL, NULL, 'Main Restaurant', 'Breakfast included in stay'),
    ('itinerary_event_109', 'stay_demo_109', 'Private dinner welcome', 'EVENT_SESSION', 'CONFIRMED', '2026-05-26 14:00:00+00', '2026-05-26 15:30:00+00', NULL, NULL, 'Rose Terrace', 'Guest-facing event itinerary'),
    ('itinerary_breakfast_110', 'stay_demo_110', 'Lake-view breakfast', 'FOOD', 'CONFIRMED', '2026-05-27 06:30:00+00', '2026-05-27 07:30:00+00', NULL, NULL, 'Main Restaurant', 'Breakfast included in stay'),
    ('itinerary_event_110', 'stay_demo_110', 'Investor breakfast briefing', 'EVENT_SESSION', 'CONFIRMED', '2026-05-27 14:00:00+00', '2026-05-27 15:30:00+00', NULL, NULL, 'Main Restaurant', 'Guest-facing event itinerary'),
    ('itinerary_breakfast_111', 'stay_demo_111', 'Terrace breakfast', 'FOOD', 'CONFIRMED', '2026-05-28 06:30:00+00', '2026-05-28 07:30:00+00', NULL, NULL, 'Main Restaurant', 'Breakfast included in stay'),
    ('itinerary_event_111', 'stay_demo_111', 'Wedding reception arrival', 'EVENT_SESSION', 'CONFIRMED', '2026-05-28 14:00:00+00', '2026-05-28 15:30:00+00', NULL, NULL, 'Garden Pavilion', 'Guest-facing event itinerary'),
    ('itinerary_breakfast_112', 'stay_demo_112', 'Sunrise breakfast', 'FOOD', 'CONFIRMED', '2026-05-01 06:30:00+00', '2026-05-01 07:30:00+00', NULL, NULL, 'Main Restaurant', 'Breakfast included in stay'),
    ('itinerary_event_112', 'stay_demo_112', 'Conference keynote seating', 'EVENT_SESSION', 'PENDING', '2026-05-01 14:00:00+00', '2026-05-01 15:30:00+00', NULL, NULL, 'Executive Lounge', 'Guest-facing event itinerary'),
    ('itinerary_breakfast_113', 'stay_demo_113', 'Garden breakfast', 'FOOD', 'CONFIRMED', '2026-05-02 06:30:00+00', '2026-05-02 07:30:00+00', NULL, NULL, 'Main Restaurant', 'Breakfast included in stay'),
    ('itinerary_event_113', 'stay_demo_113', 'Founders roundtable', 'EVENT_SESSION', 'CONFIRMED', '2026-05-02 14:00:00+00', '2026-05-02 15:30:00+00', NULL, NULL, 'Conference Ballroom', 'Guest-facing event itinerary'),
    ('itinerary_breakfast_114', 'stay_demo_114', 'Lake-view breakfast', 'FOOD', 'CONFIRMED', '2026-05-03 06:30:00+00', '2026-05-03 07:30:00+00', NULL, NULL, 'Main Restaurant', 'Breakfast included in stay'),
    ('itinerary_event_114', 'stay_demo_114', 'Private dinner welcome', 'EVENT_SESSION', 'CONFIRMED', '2026-05-03 14:00:00+00', '2026-05-03 15:30:00+00', NULL, NULL, 'Rose Terrace', 'Guest-facing event itinerary'),
    ('itinerary_breakfast_115', 'stay_demo_115', 'Terrace breakfast', 'FOOD', 'CONFIRMED', '2026-05-04 06:30:00+00', '2026-05-04 07:30:00+00', NULL, NULL, 'Main Restaurant', 'Breakfast included in stay'),
    ('itinerary_event_115', 'stay_demo_115', 'Investor breakfast briefing', 'EVENT_SESSION', 'CONFIRMED', '2026-05-04 14:00:00+00', '2026-05-04 15:30:00+00', NULL, NULL, 'Main Restaurant', 'Guest-facing event itinerary'),
    ('itinerary_breakfast_116', 'stay_demo_116', 'Sunrise breakfast', 'FOOD', 'CONFIRMED', '2026-05-05 06:30:00+00', '2026-05-05 07:30:00+00', NULL, NULL, 'Main Restaurant', 'Breakfast included in stay'),
    ('itinerary_event_116', 'stay_demo_116', 'Wedding reception arrival', 'EVENT_SESSION', 'CONFIRMED', '2026-05-05 14:00:00+00', '2026-05-05 15:30:00+00', NULL, NULL, 'Garden Pavilion', 'Guest-facing event itinerary'),
    ('itinerary_breakfast_117', 'stay_demo_117', 'Garden breakfast', 'FOOD', 'CONFIRMED', '2026-05-06 06:30:00+00', '2026-05-06 07:30:00+00', NULL, NULL, 'Main Restaurant', 'Breakfast included in stay'),
    ('itinerary_event_117', 'stay_demo_117', 'Conference keynote seating', 'EVENT_SESSION', 'CONFIRMED', '2026-05-06 14:00:00+00', '2026-05-06 15:30:00+00', NULL, NULL, 'Executive Lounge', 'Guest-facing event itinerary'),
    ('itinerary_breakfast_118', 'stay_demo_118', 'Lake-view breakfast', 'FOOD', 'CONFIRMED', '2026-05-07 06:30:00+00', '2026-05-07 07:30:00+00', NULL, NULL, 'Main Restaurant', 'Breakfast included in stay'),
    ('itinerary_event_118', 'stay_demo_118', 'Founders roundtable', 'EVENT_SESSION', 'CONFIRMED', '2026-05-07 14:00:00+00', '2026-05-07 15:30:00+00', NULL, NULL, 'Conference Ballroom', 'Guest-facing event itinerary'),
    ('itinerary_breakfast_119', 'stay_demo_119', 'Terrace breakfast', 'FOOD', 'CONFIRMED', '2026-05-08 06:30:00+00', '2026-05-08 07:30:00+00', NULL, NULL, 'Main Restaurant', 'Breakfast included in stay'),
    ('itinerary_event_119', 'stay_demo_119', 'Private dinner welcome', 'EVENT_SESSION', 'CONFIRMED', '2026-05-08 14:00:00+00', '2026-05-08 15:30:00+00', NULL, NULL, 'Rose Terrace', 'Guest-facing event itinerary'),
    ('itinerary_breakfast_120', 'stay_demo_120', 'Sunrise breakfast', 'FOOD', 'CONFIRMED', '2026-05-09 06:30:00+00', '2026-05-09 07:30:00+00', NULL, NULL, 'Main Restaurant', 'Breakfast included in stay'),
    ('itinerary_event_120', 'stay_demo_120', 'Investor breakfast briefing', 'EVENT_SESSION', 'PENDING', '2026-05-09 14:00:00+00', '2026-05-09 15:30:00+00', NULL, NULL, 'Main Restaurant', 'Guest-facing event itinerary');

INSERT INTO event_days (id, hotel_id, label, date_iso) VALUES
    ('day1', 'rw-kgl-marriott', 'Fri 3 Apr', '2026-04-03'),
    ('day2', 'rw-kgl-marriott', 'Sat 4 Apr', '2026-04-04'),
    ('day3', 'rw-kgl-marriott', 'Sun 5 Apr', '2026-04-05'),
    ('event_day_001', 'rw-kgl-marriott', 'Tuesday', '2026-06-02'),
    ('event_day_002', 'hotel_serena', 'Wednesday', '2026-06-03'),
    ('event_day_003', 'hotel_radisson_blu', 'Thursday', '2026-06-04'),
    ('event_day_004', 'hotel_four_points', 'Friday', '2026-06-05'),
    ('event_day_005', 'hotel_mille_collines', 'Saturday', '2026-06-06'),
    ('event_day_006', 'hotel_the_retreat', 'Sunday', '2026-06-07'),
    ('event_day_007', 'hotel_park_inn', 'Monday', '2026-06-08'),
    ('event_day_008', 'hotel_lemigo', 'Tuesday', '2026-06-09'),
    ('event_day_009', 'hotel_urban_city', 'Wednesday', '2026-06-10'),
    ('event_day_010', 'hotel_gorillas_nest', 'Thursday', '2026-06-11'),
    ('event_day_011', 'hotel_bisate', 'Friday', '2026-06-12'),
    ('event_day_012', 'hotel_singita', 'Saturday', '2026-06-13'),
    ('event_day_013', 'hotel_ingagi', 'Sunday', '2026-06-14'),
    ('event_day_014', 'hotel_kivu_serena', 'Monday', '2026-06-15'),
    ('event_day_015', 'hotel_cormoran', 'Tuesday', '2026-06-16'),
    ('event_day_016', 'hotel_palm_beach', 'Wednesday', '2026-06-17'),
    ('event_day_017', 'hotel_moriah_hill', 'Thursday', '2026-06-18'),
    ('event_day_018', 'hotel_hill_view', 'Friday', '2026-06-19'),
    ('event_day_019', 'hotel_kitabi', 'Saturday', '2026-06-20'),
    ('event_day_020', 'hotel_akagera', 'Sunday', '2026-06-21'),
    ('event_day_021', 'hotel_demo_001', 'Monday', '2026-06-22'),
    ('event_day_022', 'hotel_demo_002', 'Tuesday', '2026-06-23'),
    ('event_day_023', 'hotel_demo_003', 'Wednesday', '2026-06-24'),
    ('event_day_024', 'hotel_demo_004', 'Thursday', '2026-06-25'),
    ('event_day_025', 'hotel_demo_005', 'Friday', '2026-06-26'),
    ('event_day_026', 'hotel_demo_006', 'Saturday', '2026-06-27'),
    ('event_day_027', 'hotel_demo_007', 'Sunday', '2026-06-28'),
    ('event_day_028', 'hotel_demo_008', 'Monday', '2026-06-01'),
    ('event_day_029', 'hotel_demo_009', 'Tuesday', '2026-06-02'),
    ('event_day_030', 'hotel_demo_010', 'Wednesday', '2026-06-03'),
    ('event_day_031', 'hotel_demo_011', 'Thursday', '2026-06-04'),
    ('event_day_032', 'hotel_demo_012', 'Friday', '2026-06-05'),
    ('event_day_033', 'hotel_demo_013', 'Saturday', '2026-06-06'),
    ('event_day_034', 'hotel_demo_014', 'Sunday', '2026-06-07'),
    ('event_day_035', 'hotel_demo_015', 'Monday', '2026-06-08'),
    ('event_day_036', 'hotel_demo_016', 'Tuesday', '2026-06-09'),
    ('event_day_037', 'hotel_demo_017', 'Wednesday', '2026-06-10'),
    ('event_day_038', 'hotel_demo_018', 'Thursday', '2026-06-11'),
    ('event_day_039', 'hotel_demo_019', 'Friday', '2026-06-12'),
    ('event_day_040', 'hotel_demo_020', 'Saturday', '2026-06-13'),
    ('event_day_041', 'hotel_demo_021', 'Sunday', '2026-06-14'),
    ('event_day_042', 'hotel_demo_022', 'Monday', '2026-06-15'),
    ('event_day_043', 'hotel_demo_023', 'Tuesday', '2026-06-16'),
    ('event_day_044', 'hotel_demo_024', 'Wednesday', '2026-06-17'),
    ('event_day_045', 'hotel_demo_025', 'Thursday', '2026-06-18'),
    ('event_day_046', 'hotel_demo_026', 'Friday', '2026-06-19'),
    ('event_day_047', 'hotel_demo_027', 'Saturday', '2026-06-20'),
    ('event_day_048', 'hotel_demo_028', 'Sunday', '2026-06-21'),
    ('event_day_049', 'hotel_demo_029', 'Monday', '2026-06-22'),
    ('event_day_050', 'hotel_demo_030', 'Tuesday', '2026-06-23'),
    ('event_day_051', 'hotel_demo_031', 'Wednesday', '2026-06-24'),
    ('event_day_052', 'hotel_demo_032', 'Thursday', '2026-06-25'),
    ('event_day_053', 'hotel_demo_033', 'Friday', '2026-06-26'),
    ('event_day_054', 'hotel_demo_034', 'Saturday', '2026-06-27'),
    ('event_day_055', 'hotel_demo_035', 'Sunday', '2026-06-28'),
    ('event_day_056', 'hotel_demo_036', 'Monday', '2026-06-01'),
    ('event_day_057', 'hotel_demo_037', 'Tuesday', '2026-06-02'),
    ('event_day_058', 'hotel_demo_038', 'Wednesday', '2026-06-03'),
    ('event_day_059', 'hotel_demo_039', 'Thursday', '2026-06-04'),
    ('event_day_060', 'hotel_demo_040', 'Friday', '2026-06-05'),
    ('event_day_061', 'hotel_demo_041', 'Saturday', '2026-06-06'),
    ('event_day_062', 'hotel_demo_042', 'Sunday', '2026-06-07'),
    ('event_day_063', 'hotel_demo_043', 'Monday', '2026-06-08'),
    ('event_day_064', 'hotel_demo_044', 'Tuesday', '2026-06-09'),
    ('event_day_065', 'hotel_demo_045', 'Wednesday', '2026-06-10'),
    ('event_day_066', 'hotel_demo_046', 'Thursday', '2026-06-11'),
    ('event_day_067', 'hotel_demo_047', 'Friday', '2026-06-12'),
    ('event_day_068', 'hotel_demo_048', 'Saturday', '2026-06-13'),
    ('event_day_069', 'hotel_demo_049', 'Sunday', '2026-06-14'),
    ('event_day_070', 'hotel_demo_050', 'Monday', '2026-06-15'),
    ('event_day_071', 'hotel_demo_051', 'Tuesday', '2026-06-16'),
    ('event_day_072', 'hotel_demo_052', 'Wednesday', '2026-06-17'),
    ('event_day_073', 'hotel_demo_053', 'Thursday', '2026-06-18'),
    ('event_day_074', 'hotel_demo_054', 'Friday', '2026-06-19'),
    ('event_day_075', 'hotel_demo_055', 'Saturday', '2026-06-20'),
    ('event_day_076', 'hotel_demo_056', 'Sunday', '2026-06-21'),
    ('event_day_077', 'hotel_demo_057', 'Monday', '2026-06-22'),
    ('event_day_078', 'hotel_demo_058', 'Tuesday', '2026-06-23'),
    ('event_day_079', 'hotel_demo_059', 'Wednesday', '2026-06-24'),
    ('event_day_080', 'hotel_demo_060', 'Thursday', '2026-06-25'),
    ('event_day_081', 'hotel_demo_061', 'Friday', '2026-06-26'),
    ('event_day_082', 'hotel_demo_062', 'Saturday', '2026-06-27'),
    ('event_day_083', 'hotel_demo_063', 'Sunday', '2026-06-28'),
    ('event_day_084', 'hotel_demo_064', 'Monday', '2026-06-01'),
    ('event_day_085', 'hotel_demo_065', 'Tuesday', '2026-06-02'),
    ('event_day_086', 'hotel_demo_066', 'Wednesday', '2026-06-03'),
    ('event_day_087', 'hotel_demo_067', 'Thursday', '2026-06-04'),
    ('event_day_088', 'hotel_demo_068', 'Friday', '2026-06-05'),
    ('event_day_089', 'hotel_demo_069', 'Saturday', '2026-06-06'),
    ('event_day_090', 'hotel_demo_070', 'Sunday', '2026-06-07'),
    ('event_day_091', 'hotel_demo_071', 'Monday', '2026-06-08'),
    ('event_day_092', 'hotel_demo_072', 'Tuesday', '2026-06-09'),
    ('event_day_093', 'hotel_demo_073', 'Wednesday', '2026-06-10'),
    ('event_day_094', 'hotel_demo_074', 'Thursday', '2026-06-11'),
    ('event_day_095', 'hotel_demo_075', 'Friday', '2026-06-12'),
    ('event_day_096', 'hotel_demo_076', 'Saturday', '2026-06-13'),
    ('event_day_097', 'hotel_demo_077', 'Sunday', '2026-06-14'),
    ('event_day_098', 'hotel_demo_078', 'Monday', '2026-06-15'),
    ('event_day_099', 'hotel_demo_079', 'Tuesday', '2026-06-16'),
    ('event_day_100', 'hotel_demo_080', 'Wednesday', '2026-06-17'),
    ('event_day_101', 'rw-kgl-marriott', 'Thursday', '2026-06-18'),
    ('event_day_102', 'hotel_serena', 'Friday', '2026-06-19'),
    ('event_day_103', 'hotel_radisson_blu', 'Saturday', '2026-06-20'),
    ('event_day_104', 'hotel_four_points', 'Sunday', '2026-06-21'),
    ('event_day_105', 'hotel_mille_collines', 'Monday', '2026-06-22'),
    ('event_day_106', 'hotel_the_retreat', 'Tuesday', '2026-06-23'),
    ('event_day_107', 'hotel_park_inn', 'Wednesday', '2026-06-24'),
    ('event_day_108', 'hotel_lemigo', 'Thursday', '2026-06-25'),
    ('event_day_109', 'hotel_urban_city', 'Friday', '2026-06-26'),
    ('event_day_110', 'hotel_gorillas_nest', 'Saturday', '2026-06-27'),
    ('event_day_111', 'hotel_bisate', 'Sunday', '2026-06-28'),
    ('event_day_112', 'hotel_singita', 'Monday', '2026-06-01'),
    ('event_day_113', 'hotel_ingagi', 'Tuesday', '2026-06-02'),
    ('event_day_114', 'hotel_kivu_serena', 'Wednesday', '2026-06-03'),
    ('event_day_115', 'hotel_cormoran', 'Thursday', '2026-06-04'),
    ('event_day_116', 'hotel_palm_beach', 'Friday', '2026-06-05'),
    ('event_day_117', 'hotel_moriah_hill', 'Saturday', '2026-06-06'),
    ('event_day_118', 'hotel_hill_view', 'Sunday', '2026-06-07'),
    ('event_day_119', 'hotel_kitabi', 'Monday', '2026-06-08'),
    ('event_day_120', 'hotel_akagera', 'Tuesday', '2026-06-09');

INSERT INTO scheduled_experiences (id, hotel_id, day_id, title, description, start_iso, end_iso, venue_label, host_label) VALUES
    ('session_welcome', 'rw-kgl-marriott', 'day1', 'Welcome reception', 'Arrival gathering for summit delegates with lounge music and light bites.', '2026-04-03 16:00:00+00', '2026-04-03 17:00:00+00', 'Sky Lobby', 'Guest Relations'),
    ('session_keynote', 'rw-kgl-marriott', 'day2', 'Opening keynote', 'Main plenary session in the Great Rift Ballroom, with map route and speaker details available from the card.', '2026-04-04 08:00:00+00', '2026-04-04 09:15:00+00', 'Great Rift Ballroom', 'Finance Summit'),
    ('session_roundtable', 'rw-kgl-marriott', 'day2', 'Private investor roundtable', 'Invitation-only gathering with live occupancy and room lookup support.', '2026-04-04 11:00:00+00', '2026-04-04 12:00:00+00', 'Virunga Room', 'Executive Office'),
    ('session_brunch', 'rw-kgl-marriott', 'day3', 'Farewell brunch', 'Closing brunch for delegates and hotel guests who opted into the event program.', '2026-04-05 10:00:00+00', '2026-04-05 11:30:00+00', 'Kivu Terrace', 'Events Team'),
    ('experience_am_001', 'rw-kgl-marriott', 'event_day_001', 'Wedding ceremony', 'Wedding ceremony for invited guests, partners, and delegates. ', '2026-06-02 08:00:00+00', '2026-06-02 09:30:00+00', 'Garden Pavilion', 'Guest Experience'),
    ('experience_pm_001', 'rw-kgl-marriott', 'event_day_001', 'Wedding reception', 'Wedding reception with curated hospitality and venue support.', '2026-06-02 15:00:00+00', '2026-06-02 17:00:00+00', 'Rose Terrace', 'Private Events'),
    ('experience_am_002', 'hotel_serena', 'event_day_002', 'Health Innovation Forum', 'Health Innovation Forum for invited guests, partners, and delegates. ', '2026-06-03 08:00:00+00', '2026-06-03 09:30:00+00', 'Executive Hall', 'Wedding Desk'),
    ('experience_pm_002', 'hotel_serena', 'event_day_002', 'Founder dinner', 'Founder dinner with curated hospitality and venue support.', '2026-06-03 15:00:00+00', '2026-06-03 17:00:00+00', 'Sky Lounge', 'Celebration Office'),
    ('experience_am_003', 'hotel_radisson_blu', 'event_day_003', 'Tourism Leadership Breakfast', 'Tourism Leadership Breakfast for invited guests, partners, and delegates. ', '2026-06-04 08:00:00+00', '2026-06-04 09:30:00+00', 'Atrium Hall', 'Summit Office'),
    ('experience_pm_003', 'hotel_radisson_blu', 'event_day_003', 'Hospitality showcase', 'Hospitality showcase with curated hospitality and venue support.', '2026-06-04 15:00:00+00', '2026-06-04 17:00:00+00', 'Panorama Dining', 'Partnership Team'),
    ('experience_am_004', 'hotel_four_points', 'event_day_004', 'AgriTech Growth Forum', 'AgriTech Growth Forum for invited guests, partners, and delegates. ', '2026-06-05 08:00:00+00', '2026-06-05 09:30:00+00', 'Conference Ballroom', 'Kaze Events'),
    ('experience_pm_004', 'hotel_four_points', 'event_day_004', 'Partnership mixer', 'Partnership mixer with curated hospitality and venue support.', '2026-06-05 15:00:00+00', '2026-06-05 17:00:00+00', 'Virunga Room', 'Capital Circle'),
    ('experience_am_005', 'hotel_mille_collines', 'event_day_005', 'Women in Business Forum', 'Women in Business Forum for invited guests, partners, and delegates. ', '2026-06-06 08:00:00+00', '2026-06-06 09:30:00+00', 'Garden Pavilion', 'Guest Experience'),
    ('experience_pm_005', 'hotel_mille_collines', 'event_day_005', 'Awards dinner', 'Awards dinner with curated hospitality and venue support.', '2026-06-06 15:00:00+00', '2026-06-06 17:00:00+00', 'Rose Terrace', 'Private Events'),
    ('experience_am_006', 'hotel_the_retreat', 'event_day_006', 'East Africa Finance Summit', 'East Africa Finance Summit for invited guests, partners, and delegates. ', '2026-06-07 08:00:00+00', '2026-06-07 09:30:00+00', 'Executive Hall', 'Wedding Desk'),
    ('experience_pm_006', 'hotel_the_retreat', 'event_day_006', 'Investor roundtable', 'Investor roundtable with curated hospitality and venue support.', '2026-06-07 15:00:00+00', '2026-06-07 17:00:00+00', 'Sky Lounge', 'Celebration Office'),
    ('experience_am_007', 'hotel_park_inn', 'event_day_007', 'Wedding ceremony', 'Wedding ceremony for invited guests, partners, and delegates. ', '2026-06-08 08:00:00+00', '2026-06-08 09:30:00+00', 'Atrium Hall', 'Summit Office'),
    ('experience_pm_007', 'hotel_park_inn', 'event_day_007', 'Wedding reception', 'Wedding reception with curated hospitality and venue support.', '2026-06-08 15:00:00+00', '2026-06-08 17:00:00+00', 'Panorama Dining', 'Partnership Team'),
    ('experience_am_008', 'hotel_lemigo', 'event_day_008', 'Health Innovation Forum', 'Health Innovation Forum for invited guests, partners, and delegates. ', '2026-06-09 08:00:00+00', '2026-06-09 09:30:00+00', 'Conference Ballroom', 'Kaze Events'),
    ('experience_pm_008', 'hotel_lemigo', 'event_day_008', 'Founder dinner', 'Founder dinner with curated hospitality and venue support.', '2026-06-09 15:00:00+00', '2026-06-09 17:00:00+00', 'Virunga Room', 'Capital Circle'),
    ('experience_am_009', 'hotel_urban_city', 'event_day_009', 'Tourism Leadership Breakfast', 'Tourism Leadership Breakfast for invited guests, partners, and delegates. ', '2026-06-10 08:00:00+00', '2026-06-10 09:30:00+00', 'Garden Pavilion', 'Guest Experience'),
    ('experience_pm_009', 'hotel_urban_city', 'event_day_009', 'Hospitality showcase', 'Hospitality showcase with curated hospitality and venue support.', '2026-06-10 15:00:00+00', '2026-06-10 17:00:00+00', 'Rose Terrace', 'Private Events'),
    ('experience_am_010', 'hotel_gorillas_nest', 'event_day_010', 'AgriTech Growth Forum', 'AgriTech Growth Forum for invited guests, partners, and delegates. ', '2026-06-11 08:00:00+00', '2026-06-11 09:30:00+00', 'Executive Hall', 'Wedding Desk'),
    ('experience_pm_010', 'hotel_gorillas_nest', 'event_day_010', 'Partnership mixer', 'Partnership mixer with curated hospitality and venue support.', '2026-06-11 15:00:00+00', '2026-06-11 17:00:00+00', 'Sky Lounge', 'Celebration Office'),
    ('experience_am_011', 'hotel_bisate', 'event_day_011', 'Women in Business Forum', 'Women in Business Forum for invited guests, partners, and delegates. ', '2026-06-12 08:00:00+00', '2026-06-12 09:30:00+00', 'Atrium Hall', 'Summit Office'),
    ('experience_pm_011', 'hotel_bisate', 'event_day_011', 'Awards dinner', 'Awards dinner with curated hospitality and venue support.', '2026-06-12 15:00:00+00', '2026-06-12 17:00:00+00', 'Panorama Dining', 'Partnership Team'),
    ('experience_am_012', 'hotel_singita', 'event_day_012', 'East Africa Finance Summit', 'East Africa Finance Summit for invited guests, partners, and delegates. ', '2026-06-13 08:00:00+00', '2026-06-13 09:30:00+00', 'Conference Ballroom', 'Kaze Events'),
    ('experience_pm_012', 'hotel_singita', 'event_day_012', 'Investor roundtable', 'Investor roundtable with curated hospitality and venue support.', '2026-06-13 15:00:00+00', '2026-06-13 17:00:00+00', 'Virunga Room', 'Capital Circle'),
    ('experience_am_013', 'hotel_ingagi', 'event_day_013', 'Wedding ceremony', 'Wedding ceremony for invited guests, partners, and delegates. ', '2026-06-14 08:00:00+00', '2026-06-14 09:30:00+00', 'Garden Pavilion', 'Guest Experience'),
    ('experience_pm_013', 'hotel_ingagi', 'event_day_013', 'Wedding reception', 'Wedding reception with curated hospitality and venue support.', '2026-06-14 15:00:00+00', '2026-06-14 17:00:00+00', 'Rose Terrace', 'Private Events'),
    ('experience_am_014', 'hotel_kivu_serena', 'event_day_014', 'Health Innovation Forum', 'Health Innovation Forum for invited guests, partners, and delegates. ', '2026-06-15 08:00:00+00', '2026-06-15 09:30:00+00', 'Executive Hall', 'Wedding Desk'),
    ('experience_pm_014', 'hotel_kivu_serena', 'event_day_014', 'Founder dinner', 'Founder dinner with curated hospitality and venue support.', '2026-06-15 15:00:00+00', '2026-06-15 17:00:00+00', 'Sky Lounge', 'Celebration Office'),
    ('experience_am_015', 'hotel_cormoran', 'event_day_015', 'Tourism Leadership Breakfast', 'Tourism Leadership Breakfast for invited guests, partners, and delegates. ', '2026-06-16 08:00:00+00', '2026-06-16 09:30:00+00', 'Atrium Hall', 'Summit Office'),
    ('experience_pm_015', 'hotel_cormoran', 'event_day_015', 'Hospitality showcase', 'Hospitality showcase with curated hospitality and venue support.', '2026-06-16 15:00:00+00', '2026-06-16 17:00:00+00', 'Panorama Dining', 'Partnership Team'),
    ('experience_am_016', 'hotel_palm_beach', 'event_day_016', 'AgriTech Growth Forum', 'AgriTech Growth Forum for invited guests, partners, and delegates. ', '2026-06-17 08:00:00+00', '2026-06-17 09:30:00+00', 'Conference Ballroom', 'Kaze Events'),
    ('experience_pm_016', 'hotel_palm_beach', 'event_day_016', 'Partnership mixer', 'Partnership mixer with curated hospitality and venue support.', '2026-06-17 15:00:00+00', '2026-06-17 17:00:00+00', 'Virunga Room', 'Capital Circle'),
    ('experience_am_017', 'hotel_moriah_hill', 'event_day_017', 'Women in Business Forum', 'Women in Business Forum for invited guests, partners, and delegates. ', '2026-06-18 08:00:00+00', '2026-06-18 09:30:00+00', 'Garden Pavilion', 'Guest Experience'),
    ('experience_pm_017', 'hotel_moriah_hill', 'event_day_017', 'Awards dinner', 'Awards dinner with curated hospitality and venue support.', '2026-06-18 15:00:00+00', '2026-06-18 17:00:00+00', 'Rose Terrace', 'Private Events'),
    ('experience_am_018', 'hotel_hill_view', 'event_day_018', 'East Africa Finance Summit', 'East Africa Finance Summit for invited guests, partners, and delegates. ', '2026-06-19 08:00:00+00', '2026-06-19 09:30:00+00', 'Executive Hall', 'Wedding Desk'),
    ('experience_pm_018', 'hotel_hill_view', 'event_day_018', 'Investor roundtable', 'Investor roundtable with curated hospitality and venue support.', '2026-06-19 15:00:00+00', '2026-06-19 17:00:00+00', 'Sky Lounge', 'Celebration Office'),
    ('experience_am_019', 'hotel_kitabi', 'event_day_019', 'Wedding ceremony', 'Wedding ceremony for invited guests, partners, and delegates. ', '2026-06-20 08:00:00+00', '2026-06-20 09:30:00+00', 'Atrium Hall', 'Summit Office'),
    ('experience_pm_019', 'hotel_kitabi', 'event_day_019', 'Wedding reception', 'Wedding reception with curated hospitality and venue support.', '2026-06-20 15:00:00+00', '2026-06-20 17:00:00+00', 'Panorama Dining', 'Partnership Team'),
    ('experience_am_020', 'hotel_akagera', 'event_day_020', 'Health Innovation Forum', 'Health Innovation Forum for invited guests, partners, and delegates. ', '2026-06-21 08:00:00+00', '2026-06-21 09:30:00+00', 'Conference Ballroom', 'Kaze Events'),
    ('experience_pm_020', 'hotel_akagera', 'event_day_020', 'Founder dinner', 'Founder dinner with curated hospitality and venue support.', '2026-06-21 15:00:00+00', '2026-06-21 17:00:00+00', 'Virunga Room', 'Capital Circle'),
    ('experience_am_021', 'hotel_demo_001', 'event_day_021', 'Tourism Leadership Breakfast', 'Tourism Leadership Breakfast for invited guests, partners, and delegates. ', '2026-06-22 08:00:00+00', '2026-06-22 09:30:00+00', 'Garden Pavilion', 'Guest Experience'),
    ('experience_pm_021', 'hotel_demo_001', 'event_day_021', 'Hospitality showcase', 'Hospitality showcase with curated hospitality and venue support.', '2026-06-22 15:00:00+00', '2026-06-22 17:00:00+00', 'Rose Terrace', 'Private Events'),
    ('experience_am_022', 'hotel_demo_002', 'event_day_022', 'AgriTech Growth Forum', 'AgriTech Growth Forum for invited guests, partners, and delegates. ', '2026-06-23 08:00:00+00', '2026-06-23 09:30:00+00', 'Executive Hall', 'Wedding Desk'),
    ('experience_pm_022', 'hotel_demo_002', 'event_day_022', 'Partnership mixer', 'Partnership mixer with curated hospitality and venue support.', '2026-06-23 15:00:00+00', '2026-06-23 17:00:00+00', 'Sky Lounge', 'Celebration Office'),
    ('experience_am_023', 'hotel_demo_003', 'event_day_023', 'Women in Business Forum', 'Women in Business Forum for invited guests, partners, and delegates. ', '2026-06-24 08:00:00+00', '2026-06-24 09:30:00+00', 'Atrium Hall', 'Summit Office'),
    ('experience_pm_023', 'hotel_demo_003', 'event_day_023', 'Awards dinner', 'Awards dinner with curated hospitality and venue support.', '2026-06-24 15:00:00+00', '2026-06-24 17:00:00+00', 'Panorama Dining', 'Partnership Team'),
    ('experience_am_024', 'hotel_demo_004', 'event_day_024', 'East Africa Finance Summit', 'East Africa Finance Summit for invited guests, partners, and delegates. ', '2026-06-25 08:00:00+00', '2026-06-25 09:30:00+00', 'Conference Ballroom', 'Kaze Events'),
    ('experience_pm_024', 'hotel_demo_004', 'event_day_024', 'Investor roundtable', 'Investor roundtable with curated hospitality and venue support.', '2026-06-25 15:00:00+00', '2026-06-25 17:00:00+00', 'Virunga Room', 'Capital Circle'),
    ('experience_am_025', 'hotel_demo_005', 'event_day_025', 'Wedding ceremony', 'Wedding ceremony for invited guests, partners, and delegates. ', '2026-06-26 08:00:00+00', '2026-06-26 09:30:00+00', 'Garden Pavilion', 'Guest Experience'),
    ('experience_pm_025', 'hotel_demo_005', 'event_day_025', 'Wedding reception', 'Wedding reception with curated hospitality and venue support.', '2026-06-26 15:00:00+00', '2026-06-26 17:00:00+00', 'Rose Terrace', 'Private Events'),
    ('experience_am_026', 'hotel_demo_006', 'event_day_026', 'Health Innovation Forum', 'Health Innovation Forum for invited guests, partners, and delegates. ', '2026-06-27 08:00:00+00', '2026-06-27 09:30:00+00', 'Executive Hall', 'Wedding Desk'),
    ('experience_pm_026', 'hotel_demo_006', 'event_day_026', 'Founder dinner', 'Founder dinner with curated hospitality and venue support.', '2026-06-27 15:00:00+00', '2026-06-27 17:00:00+00', 'Sky Lounge', 'Celebration Office'),
    ('experience_am_027', 'hotel_demo_007', 'event_day_027', 'Tourism Leadership Breakfast', 'Tourism Leadership Breakfast for invited guests, partners, and delegates. ', '2026-06-28 08:00:00+00', '2026-06-28 09:30:00+00', 'Atrium Hall', 'Summit Office'),
    ('experience_pm_027', 'hotel_demo_007', 'event_day_027', 'Hospitality showcase', 'Hospitality showcase with curated hospitality and venue support.', '2026-06-28 15:00:00+00', '2026-06-28 17:00:00+00', 'Panorama Dining', 'Partnership Team'),
    ('experience_am_028', 'hotel_demo_008', 'event_day_028', 'AgriTech Growth Forum', 'AgriTech Growth Forum for invited guests, partners, and delegates. ', '2026-06-01 08:00:00+00', '2026-06-01 09:30:00+00', 'Conference Ballroom', 'Kaze Events'),
    ('experience_pm_028', 'hotel_demo_008', 'event_day_028', 'Partnership mixer', 'Partnership mixer with curated hospitality and venue support.', '2026-06-01 15:00:00+00', '2026-06-01 17:00:00+00', 'Virunga Room', 'Capital Circle'),
    ('experience_am_029', 'hotel_demo_009', 'event_day_029', 'Women in Business Forum', 'Women in Business Forum for invited guests, partners, and delegates. ', '2026-06-02 08:00:00+00', '2026-06-02 09:30:00+00', 'Garden Pavilion', 'Guest Experience'),
    ('experience_pm_029', 'hotel_demo_009', 'event_day_029', 'Awards dinner', 'Awards dinner with curated hospitality and venue support.', '2026-06-02 15:00:00+00', '2026-06-02 17:00:00+00', 'Rose Terrace', 'Private Events'),
    ('experience_am_030', 'hotel_demo_010', 'event_day_030', 'East Africa Finance Summit', 'East Africa Finance Summit for invited guests, partners, and delegates. ', '2026-06-03 08:00:00+00', '2026-06-03 09:30:00+00', 'Executive Hall', 'Wedding Desk'),
    ('experience_pm_030', 'hotel_demo_010', 'event_day_030', 'Investor roundtable', 'Investor roundtable with curated hospitality and venue support.', '2026-06-03 15:00:00+00', '2026-06-03 17:00:00+00', 'Sky Lounge', 'Celebration Office'),
    ('experience_am_031', 'hotel_demo_011', 'event_day_031', 'Wedding ceremony', 'Wedding ceremony for invited guests, partners, and delegates. ', '2026-06-04 08:00:00+00', '2026-06-04 09:30:00+00', 'Atrium Hall', 'Summit Office'),
    ('experience_pm_031', 'hotel_demo_011', 'event_day_031', 'Wedding reception', 'Wedding reception with curated hospitality and venue support.', '2026-06-04 15:00:00+00', '2026-06-04 17:00:00+00', 'Panorama Dining', 'Partnership Team'),
    ('experience_am_032', 'hotel_demo_012', 'event_day_032', 'Health Innovation Forum', 'Health Innovation Forum for invited guests, partners, and delegates. ', '2026-06-05 08:00:00+00', '2026-06-05 09:30:00+00', 'Conference Ballroom', 'Kaze Events'),
    ('experience_pm_032', 'hotel_demo_012', 'event_day_032', 'Founder dinner', 'Founder dinner with curated hospitality and venue support.', '2026-06-05 15:00:00+00', '2026-06-05 17:00:00+00', 'Virunga Room', 'Capital Circle'),
    ('experience_am_033', 'hotel_demo_013', 'event_day_033', 'Tourism Leadership Breakfast', 'Tourism Leadership Breakfast for invited guests, partners, and delegates. ', '2026-06-06 08:00:00+00', '2026-06-06 09:30:00+00', 'Garden Pavilion', 'Guest Experience'),
    ('experience_pm_033', 'hotel_demo_013', 'event_day_033', 'Hospitality showcase', 'Hospitality showcase with curated hospitality and venue support.', '2026-06-06 15:00:00+00', '2026-06-06 17:00:00+00', 'Rose Terrace', 'Private Events'),
    ('experience_am_034', 'hotel_demo_014', 'event_day_034', 'AgriTech Growth Forum', 'AgriTech Growth Forum for invited guests, partners, and delegates. ', '2026-06-07 08:00:00+00', '2026-06-07 09:30:00+00', 'Executive Hall', 'Wedding Desk'),
    ('experience_pm_034', 'hotel_demo_014', 'event_day_034', 'Partnership mixer', 'Partnership mixer with curated hospitality and venue support.', '2026-06-07 15:00:00+00', '2026-06-07 17:00:00+00', 'Sky Lounge', 'Celebration Office'),
    ('experience_am_035', 'hotel_demo_015', 'event_day_035', 'Women in Business Forum', 'Women in Business Forum for invited guests, partners, and delegates. ', '2026-06-08 08:00:00+00', '2026-06-08 09:30:00+00', 'Atrium Hall', 'Summit Office'),
    ('experience_pm_035', 'hotel_demo_015', 'event_day_035', 'Awards dinner', 'Awards dinner with curated hospitality and venue support.', '2026-06-08 15:00:00+00', '2026-06-08 17:00:00+00', 'Panorama Dining', 'Partnership Team'),
    ('experience_am_036', 'hotel_demo_016', 'event_day_036', 'East Africa Finance Summit', 'East Africa Finance Summit for invited guests, partners, and delegates. ', '2026-06-09 08:00:00+00', '2026-06-09 09:30:00+00', 'Conference Ballroom', 'Kaze Events'),
    ('experience_pm_036', 'hotel_demo_016', 'event_day_036', 'Investor roundtable', 'Investor roundtable with curated hospitality and venue support.', '2026-06-09 15:00:00+00', '2026-06-09 17:00:00+00', 'Virunga Room', 'Capital Circle'),
    ('experience_am_037', 'hotel_demo_017', 'event_day_037', 'Wedding ceremony', 'Wedding ceremony for invited guests, partners, and delegates. ', '2026-06-10 08:00:00+00', '2026-06-10 09:30:00+00', 'Garden Pavilion', 'Guest Experience'),
    ('experience_pm_037', 'hotel_demo_017', 'event_day_037', 'Wedding reception', 'Wedding reception with curated hospitality and venue support.', '2026-06-10 15:00:00+00', '2026-06-10 17:00:00+00', 'Rose Terrace', 'Private Events'),
    ('experience_am_038', 'hotel_demo_018', 'event_day_038', 'Health Innovation Forum', 'Health Innovation Forum for invited guests, partners, and delegates. ', '2026-06-11 08:00:00+00', '2026-06-11 09:30:00+00', 'Executive Hall', 'Wedding Desk'),
    ('experience_pm_038', 'hotel_demo_018', 'event_day_038', 'Founder dinner', 'Founder dinner with curated hospitality and venue support.', '2026-06-11 15:00:00+00', '2026-06-11 17:00:00+00', 'Sky Lounge', 'Celebration Office'),
    ('experience_am_039', 'hotel_demo_019', 'event_day_039', 'Tourism Leadership Breakfast', 'Tourism Leadership Breakfast for invited guests, partners, and delegates. ', '2026-06-12 08:00:00+00', '2026-06-12 09:30:00+00', 'Atrium Hall', 'Summit Office'),
    ('experience_pm_039', 'hotel_demo_019', 'event_day_039', 'Hospitality showcase', 'Hospitality showcase with curated hospitality and venue support.', '2026-06-12 15:00:00+00', '2026-06-12 17:00:00+00', 'Panorama Dining', 'Partnership Team'),
    ('experience_am_040', 'hotel_demo_020', 'event_day_040', 'AgriTech Growth Forum', 'AgriTech Growth Forum for invited guests, partners, and delegates. ', '2026-06-13 08:00:00+00', '2026-06-13 09:30:00+00', 'Conference Ballroom', 'Kaze Events'),
    ('experience_pm_040', 'hotel_demo_020', 'event_day_040', 'Partnership mixer', 'Partnership mixer with curated hospitality and venue support.', '2026-06-13 15:00:00+00', '2026-06-13 17:00:00+00', 'Virunga Room', 'Capital Circle'),
    ('experience_am_041', 'hotel_demo_021', 'event_day_041', 'Women in Business Forum', 'Women in Business Forum for invited guests, partners, and delegates. ', '2026-06-14 08:00:00+00', '2026-06-14 09:30:00+00', 'Garden Pavilion', 'Guest Experience'),
    ('experience_pm_041', 'hotel_demo_021', 'event_day_041', 'Awards dinner', 'Awards dinner with curated hospitality and venue support.', '2026-06-14 15:00:00+00', '2026-06-14 17:00:00+00', 'Rose Terrace', 'Private Events'),
    ('experience_am_042', 'hotel_demo_022', 'event_day_042', 'East Africa Finance Summit', 'East Africa Finance Summit for invited guests, partners, and delegates. ', '2026-06-15 08:00:00+00', '2026-06-15 09:30:00+00', 'Executive Hall', 'Wedding Desk'),
    ('experience_pm_042', 'hotel_demo_022', 'event_day_042', 'Investor roundtable', 'Investor roundtable with curated hospitality and venue support.', '2026-06-15 15:00:00+00', '2026-06-15 17:00:00+00', 'Sky Lounge', 'Celebration Office'),
    ('experience_am_043', 'hotel_demo_023', 'event_day_043', 'Wedding ceremony', 'Wedding ceremony for invited guests, partners, and delegates. ', '2026-06-16 08:00:00+00', '2026-06-16 09:30:00+00', 'Atrium Hall', 'Summit Office'),
    ('experience_pm_043', 'hotel_demo_023', 'event_day_043', 'Wedding reception', 'Wedding reception with curated hospitality and venue support.', '2026-06-16 15:00:00+00', '2026-06-16 17:00:00+00', 'Panorama Dining', 'Partnership Team'),
    ('experience_am_044', 'hotel_demo_024', 'event_day_044', 'Health Innovation Forum', 'Health Innovation Forum for invited guests, partners, and delegates. ', '2026-06-17 08:00:00+00', '2026-06-17 09:30:00+00', 'Conference Ballroom', 'Kaze Events'),
    ('experience_pm_044', 'hotel_demo_024', 'event_day_044', 'Founder dinner', 'Founder dinner with curated hospitality and venue support.', '2026-06-17 15:00:00+00', '2026-06-17 17:00:00+00', 'Virunga Room', 'Capital Circle'),
    ('experience_am_045', 'hotel_demo_025', 'event_day_045', 'Tourism Leadership Breakfast', 'Tourism Leadership Breakfast for invited guests, partners, and delegates. ', '2026-06-18 08:00:00+00', '2026-06-18 09:30:00+00', 'Garden Pavilion', 'Guest Experience'),
    ('experience_pm_045', 'hotel_demo_025', 'event_day_045', 'Hospitality showcase', 'Hospitality showcase with curated hospitality and venue support.', '2026-06-18 15:00:00+00', '2026-06-18 17:00:00+00', 'Rose Terrace', 'Private Events'),
    ('experience_am_046', 'hotel_demo_026', 'event_day_046', 'AgriTech Growth Forum', 'AgriTech Growth Forum for invited guests, partners, and delegates. ', '2026-06-19 08:00:00+00', '2026-06-19 09:30:00+00', 'Executive Hall', 'Wedding Desk'),
    ('experience_pm_046', 'hotel_demo_026', 'event_day_046', 'Partnership mixer', 'Partnership mixer with curated hospitality and venue support.', '2026-06-19 15:00:00+00', '2026-06-19 17:00:00+00', 'Sky Lounge', 'Celebration Office'),
    ('experience_am_047', 'hotel_demo_027', 'event_day_047', 'Women in Business Forum', 'Women in Business Forum for invited guests, partners, and delegates. ', '2026-06-20 08:00:00+00', '2026-06-20 09:30:00+00', 'Atrium Hall', 'Summit Office'),
    ('experience_pm_047', 'hotel_demo_027', 'event_day_047', 'Awards dinner', 'Awards dinner with curated hospitality and venue support.', '2026-06-20 15:00:00+00', '2026-06-20 17:00:00+00', 'Panorama Dining', 'Partnership Team'),
    ('experience_am_048', 'hotel_demo_028', 'event_day_048', 'East Africa Finance Summit', 'East Africa Finance Summit for invited guests, partners, and delegates. ', '2026-06-21 08:00:00+00', '2026-06-21 09:30:00+00', 'Conference Ballroom', 'Kaze Events'),
    ('experience_pm_048', 'hotel_demo_028', 'event_day_048', 'Investor roundtable', 'Investor roundtable with curated hospitality and venue support.', '2026-06-21 15:00:00+00', '2026-06-21 17:00:00+00', 'Virunga Room', 'Capital Circle'),
    ('experience_am_049', 'hotel_demo_029', 'event_day_049', 'Wedding ceremony', 'Wedding ceremony for invited guests, partners, and delegates. ', '2026-06-22 08:00:00+00', '2026-06-22 09:30:00+00', 'Garden Pavilion', 'Guest Experience'),
    ('experience_pm_049', 'hotel_demo_029', 'event_day_049', 'Wedding reception', 'Wedding reception with curated hospitality and venue support.', '2026-06-22 15:00:00+00', '2026-06-22 17:00:00+00', 'Rose Terrace', 'Private Events'),
    ('experience_am_050', 'hotel_demo_030', 'event_day_050', 'Health Innovation Forum', 'Health Innovation Forum for invited guests, partners, and delegates. ', '2026-06-23 08:00:00+00', '2026-06-23 09:30:00+00', 'Executive Hall', 'Wedding Desk'),
    ('experience_pm_050', 'hotel_demo_030', 'event_day_050', 'Founder dinner', 'Founder dinner with curated hospitality and venue support.', '2026-06-23 15:00:00+00', '2026-06-23 17:00:00+00', 'Sky Lounge', 'Celebration Office'),
    ('experience_am_051', 'hotel_demo_031', 'event_day_051', 'Tourism Leadership Breakfast', 'Tourism Leadership Breakfast for invited guests, partners, and delegates. ', '2026-06-24 08:00:00+00', '2026-06-24 09:30:00+00', 'Atrium Hall', 'Summit Office'),
    ('experience_pm_051', 'hotel_demo_031', 'event_day_051', 'Hospitality showcase', 'Hospitality showcase with curated hospitality and venue support.', '2026-06-24 15:00:00+00', '2026-06-24 17:00:00+00', 'Panorama Dining', 'Partnership Team'),
    ('experience_am_052', 'hotel_demo_032', 'event_day_052', 'AgriTech Growth Forum', 'AgriTech Growth Forum for invited guests, partners, and delegates. ', '2026-06-25 08:00:00+00', '2026-06-25 09:30:00+00', 'Conference Ballroom', 'Kaze Events'),
    ('experience_pm_052', 'hotel_demo_032', 'event_day_052', 'Partnership mixer', 'Partnership mixer with curated hospitality and venue support.', '2026-06-25 15:00:00+00', '2026-06-25 17:00:00+00', 'Virunga Room', 'Capital Circle'),
    ('experience_am_053', 'hotel_demo_033', 'event_day_053', 'Women in Business Forum', 'Women in Business Forum for invited guests, partners, and delegates. ', '2026-06-26 08:00:00+00', '2026-06-26 09:30:00+00', 'Garden Pavilion', 'Guest Experience'),
    ('experience_pm_053', 'hotel_demo_033', 'event_day_053', 'Awards dinner', 'Awards dinner with curated hospitality and venue support.', '2026-06-26 15:00:00+00', '2026-06-26 17:00:00+00', 'Rose Terrace', 'Private Events'),
    ('experience_am_054', 'hotel_demo_034', 'event_day_054', 'East Africa Finance Summit', 'East Africa Finance Summit for invited guests, partners, and delegates. ', '2026-06-27 08:00:00+00', '2026-06-27 09:30:00+00', 'Executive Hall', 'Wedding Desk'),
    ('experience_pm_054', 'hotel_demo_034', 'event_day_054', 'Investor roundtable', 'Investor roundtable with curated hospitality and venue support.', '2026-06-27 15:00:00+00', '2026-06-27 17:00:00+00', 'Sky Lounge', 'Celebration Office'),
    ('experience_am_055', 'hotel_demo_035', 'event_day_055', 'Wedding ceremony', 'Wedding ceremony for invited guests, partners, and delegates. ', '2026-06-28 08:00:00+00', '2026-06-28 09:30:00+00', 'Atrium Hall', 'Summit Office'),
    ('experience_pm_055', 'hotel_demo_035', 'event_day_055', 'Wedding reception', 'Wedding reception with curated hospitality and venue support.', '2026-06-28 15:00:00+00', '2026-06-28 17:00:00+00', 'Panorama Dining', 'Partnership Team'),
    ('experience_am_056', 'hotel_demo_036', 'event_day_056', 'Health Innovation Forum', 'Health Innovation Forum for invited guests, partners, and delegates. ', '2026-06-01 08:00:00+00', '2026-06-01 09:30:00+00', 'Conference Ballroom', 'Kaze Events'),
    ('experience_pm_056', 'hotel_demo_036', 'event_day_056', 'Founder dinner', 'Founder dinner with curated hospitality and venue support.', '2026-06-01 15:00:00+00', '2026-06-01 17:00:00+00', 'Virunga Room', 'Capital Circle'),
    ('experience_am_057', 'hotel_demo_037', 'event_day_057', 'Tourism Leadership Breakfast', 'Tourism Leadership Breakfast for invited guests, partners, and delegates. ', '2026-06-02 08:00:00+00', '2026-06-02 09:30:00+00', 'Garden Pavilion', 'Guest Experience'),
    ('experience_pm_057', 'hotel_demo_037', 'event_day_057', 'Hospitality showcase', 'Hospitality showcase with curated hospitality and venue support.', '2026-06-02 15:00:00+00', '2026-06-02 17:00:00+00', 'Rose Terrace', 'Private Events'),
    ('experience_am_058', 'hotel_demo_038', 'event_day_058', 'AgriTech Growth Forum', 'AgriTech Growth Forum for invited guests, partners, and delegates. ', '2026-06-03 08:00:00+00', '2026-06-03 09:30:00+00', 'Executive Hall', 'Wedding Desk'),
    ('experience_pm_058', 'hotel_demo_038', 'event_day_058', 'Partnership mixer', 'Partnership mixer with curated hospitality and venue support.', '2026-06-03 15:00:00+00', '2026-06-03 17:00:00+00', 'Sky Lounge', 'Celebration Office'),
    ('experience_am_059', 'hotel_demo_039', 'event_day_059', 'Women in Business Forum', 'Women in Business Forum for invited guests, partners, and delegates. ', '2026-06-04 08:00:00+00', '2026-06-04 09:30:00+00', 'Atrium Hall', 'Summit Office'),
    ('experience_pm_059', 'hotel_demo_039', 'event_day_059', 'Awards dinner', 'Awards dinner with curated hospitality and venue support.', '2026-06-04 15:00:00+00', '2026-06-04 17:00:00+00', 'Panorama Dining', 'Partnership Team'),
    ('experience_am_060', 'hotel_demo_040', 'event_day_060', 'East Africa Finance Summit', 'East Africa Finance Summit for invited guests, partners, and delegates. ', '2026-06-05 08:00:00+00', '2026-06-05 09:30:00+00', 'Conference Ballroom', 'Kaze Events'),
    ('experience_pm_060', 'hotel_demo_040', 'event_day_060', 'Investor roundtable', 'Investor roundtable with curated hospitality and venue support.', '2026-06-05 15:00:00+00', '2026-06-05 17:00:00+00', 'Virunga Room', 'Capital Circle'),
    ('experience_am_061', 'hotel_demo_041', 'event_day_061', 'Wedding ceremony', 'Wedding ceremony for invited guests, partners, and delegates. ', '2026-06-06 08:00:00+00', '2026-06-06 09:30:00+00', 'Garden Pavilion', 'Guest Experience'),
    ('experience_pm_061', 'hotel_demo_041', 'event_day_061', 'Wedding reception', 'Wedding reception with curated hospitality and venue support.', '2026-06-06 15:00:00+00', '2026-06-06 17:00:00+00', 'Rose Terrace', 'Private Events'),
    ('experience_am_062', 'hotel_demo_042', 'event_day_062', 'Health Innovation Forum', 'Health Innovation Forum for invited guests, partners, and delegates. ', '2026-06-07 08:00:00+00', '2026-06-07 09:30:00+00', 'Executive Hall', 'Wedding Desk'),
    ('experience_pm_062', 'hotel_demo_042', 'event_day_062', 'Founder dinner', 'Founder dinner with curated hospitality and venue support.', '2026-06-07 15:00:00+00', '2026-06-07 17:00:00+00', 'Sky Lounge', 'Celebration Office'),
    ('experience_am_063', 'hotel_demo_043', 'event_day_063', 'Tourism Leadership Breakfast', 'Tourism Leadership Breakfast for invited guests, partners, and delegates. ', '2026-06-08 08:00:00+00', '2026-06-08 09:30:00+00', 'Atrium Hall', 'Summit Office'),
    ('experience_pm_063', 'hotel_demo_043', 'event_day_063', 'Hospitality showcase', 'Hospitality showcase with curated hospitality and venue support.', '2026-06-08 15:00:00+00', '2026-06-08 17:00:00+00', 'Panorama Dining', 'Partnership Team'),
    ('experience_am_064', 'hotel_demo_044', 'event_day_064', 'AgriTech Growth Forum', 'AgriTech Growth Forum for invited guests, partners, and delegates. ', '2026-06-09 08:00:00+00', '2026-06-09 09:30:00+00', 'Conference Ballroom', 'Kaze Events'),
    ('experience_pm_064', 'hotel_demo_044', 'event_day_064', 'Partnership mixer', 'Partnership mixer with curated hospitality and venue support.', '2026-06-09 15:00:00+00', '2026-06-09 17:00:00+00', 'Virunga Room', 'Capital Circle'),
    ('experience_am_065', 'hotel_demo_045', 'event_day_065', 'Women in Business Forum', 'Women in Business Forum for invited guests, partners, and delegates. ', '2026-06-10 08:00:00+00', '2026-06-10 09:30:00+00', 'Garden Pavilion', 'Guest Experience'),
    ('experience_pm_065', 'hotel_demo_045', 'event_day_065', 'Awards dinner', 'Awards dinner with curated hospitality and venue support.', '2026-06-10 15:00:00+00', '2026-06-10 17:00:00+00', 'Rose Terrace', 'Private Events'),
    ('experience_am_066', 'hotel_demo_046', 'event_day_066', 'East Africa Finance Summit', 'East Africa Finance Summit for invited guests, partners, and delegates. ', '2026-06-11 08:00:00+00', '2026-06-11 09:30:00+00', 'Executive Hall', 'Wedding Desk'),
    ('experience_pm_066', 'hotel_demo_046', 'event_day_066', 'Investor roundtable', 'Investor roundtable with curated hospitality and venue support.', '2026-06-11 15:00:00+00', '2026-06-11 17:00:00+00', 'Sky Lounge', 'Celebration Office'),
    ('experience_am_067', 'hotel_demo_047', 'event_day_067', 'Wedding ceremony', 'Wedding ceremony for invited guests, partners, and delegates. ', '2026-06-12 08:00:00+00', '2026-06-12 09:30:00+00', 'Atrium Hall', 'Summit Office'),
    ('experience_pm_067', 'hotel_demo_047', 'event_day_067', 'Wedding reception', 'Wedding reception with curated hospitality and venue support.', '2026-06-12 15:00:00+00', '2026-06-12 17:00:00+00', 'Panorama Dining', 'Partnership Team'),
    ('experience_am_068', 'hotel_demo_048', 'event_day_068', 'Health Innovation Forum', 'Health Innovation Forum for invited guests, partners, and delegates. ', '2026-06-13 08:00:00+00', '2026-06-13 09:30:00+00', 'Conference Ballroom', 'Kaze Events'),
    ('experience_pm_068', 'hotel_demo_048', 'event_day_068', 'Founder dinner', 'Founder dinner with curated hospitality and venue support.', '2026-06-13 15:00:00+00', '2026-06-13 17:00:00+00', 'Virunga Room', 'Capital Circle'),
    ('experience_am_069', 'hotel_demo_049', 'event_day_069', 'Tourism Leadership Breakfast', 'Tourism Leadership Breakfast for invited guests, partners, and delegates. ', '2026-06-14 08:00:00+00', '2026-06-14 09:30:00+00', 'Garden Pavilion', 'Guest Experience'),
    ('experience_pm_069', 'hotel_demo_049', 'event_day_069', 'Hospitality showcase', 'Hospitality showcase with curated hospitality and venue support.', '2026-06-14 15:00:00+00', '2026-06-14 17:00:00+00', 'Rose Terrace', 'Private Events'),
    ('experience_am_070', 'hotel_demo_050', 'event_day_070', 'AgriTech Growth Forum', 'AgriTech Growth Forum for invited guests, partners, and delegates. ', '2026-06-15 08:00:00+00', '2026-06-15 09:30:00+00', 'Executive Hall', 'Wedding Desk'),
    ('experience_pm_070', 'hotel_demo_050', 'event_day_070', 'Partnership mixer', 'Partnership mixer with curated hospitality and venue support.', '2026-06-15 15:00:00+00', '2026-06-15 17:00:00+00', 'Sky Lounge', 'Celebration Office'),
    ('experience_am_071', 'hotel_demo_051', 'event_day_071', 'Women in Business Forum', 'Women in Business Forum for invited guests, partners, and delegates. ', '2026-06-16 08:00:00+00', '2026-06-16 09:30:00+00', 'Atrium Hall', 'Summit Office'),
    ('experience_pm_071', 'hotel_demo_051', 'event_day_071', 'Awards dinner', 'Awards dinner with curated hospitality and venue support.', '2026-06-16 15:00:00+00', '2026-06-16 17:00:00+00', 'Panorama Dining', 'Partnership Team'),
    ('experience_am_072', 'hotel_demo_052', 'event_day_072', 'East Africa Finance Summit', 'East Africa Finance Summit for invited guests, partners, and delegates. ', '2026-06-17 08:00:00+00', '2026-06-17 09:30:00+00', 'Conference Ballroom', 'Kaze Events'),
    ('experience_pm_072', 'hotel_demo_052', 'event_day_072', 'Investor roundtable', 'Investor roundtable with curated hospitality and venue support.', '2026-06-17 15:00:00+00', '2026-06-17 17:00:00+00', 'Virunga Room', 'Capital Circle'),
    ('experience_am_073', 'hotel_demo_053', 'event_day_073', 'Wedding ceremony', 'Wedding ceremony for invited guests, partners, and delegates. ', '2026-06-18 08:00:00+00', '2026-06-18 09:30:00+00', 'Garden Pavilion', 'Guest Experience'),
    ('experience_pm_073', 'hotel_demo_053', 'event_day_073', 'Wedding reception', 'Wedding reception with curated hospitality and venue support.', '2026-06-18 15:00:00+00', '2026-06-18 17:00:00+00', 'Rose Terrace', 'Private Events'),
    ('experience_am_074', 'hotel_demo_054', 'event_day_074', 'Health Innovation Forum', 'Health Innovation Forum for invited guests, partners, and delegates. ', '2026-06-19 08:00:00+00', '2026-06-19 09:30:00+00', 'Executive Hall', 'Wedding Desk'),
    ('experience_pm_074', 'hotel_demo_054', 'event_day_074', 'Founder dinner', 'Founder dinner with curated hospitality and venue support.', '2026-06-19 15:00:00+00', '2026-06-19 17:00:00+00', 'Sky Lounge', 'Celebration Office'),
    ('experience_am_075', 'hotel_demo_055', 'event_day_075', 'Tourism Leadership Breakfast', 'Tourism Leadership Breakfast for invited guests, partners, and delegates. ', '2026-06-20 08:00:00+00', '2026-06-20 09:30:00+00', 'Atrium Hall', 'Summit Office'),
    ('experience_pm_075', 'hotel_demo_055', 'event_day_075', 'Hospitality showcase', 'Hospitality showcase with curated hospitality and venue support.', '2026-06-20 15:00:00+00', '2026-06-20 17:00:00+00', 'Panorama Dining', 'Partnership Team'),
    ('experience_am_076', 'hotel_demo_056', 'event_day_076', 'AgriTech Growth Forum', 'AgriTech Growth Forum for invited guests, partners, and delegates. ', '2026-06-21 08:00:00+00', '2026-06-21 09:30:00+00', 'Conference Ballroom', 'Kaze Events'),
    ('experience_pm_076', 'hotel_demo_056', 'event_day_076', 'Partnership mixer', 'Partnership mixer with curated hospitality and venue support.', '2026-06-21 15:00:00+00', '2026-06-21 17:00:00+00', 'Virunga Room', 'Capital Circle'),
    ('experience_am_077', 'hotel_demo_057', 'event_day_077', 'Women in Business Forum', 'Women in Business Forum for invited guests, partners, and delegates. ', '2026-06-22 08:00:00+00', '2026-06-22 09:30:00+00', 'Garden Pavilion', 'Guest Experience'),
    ('experience_pm_077', 'hotel_demo_057', 'event_day_077', 'Awards dinner', 'Awards dinner with curated hospitality and venue support.', '2026-06-22 15:00:00+00', '2026-06-22 17:00:00+00', 'Rose Terrace', 'Private Events'),
    ('experience_am_078', 'hotel_demo_058', 'event_day_078', 'East Africa Finance Summit', 'East Africa Finance Summit for invited guests, partners, and delegates. ', '2026-06-23 08:00:00+00', '2026-06-23 09:30:00+00', 'Executive Hall', 'Wedding Desk'),
    ('experience_pm_078', 'hotel_demo_058', 'event_day_078', 'Investor roundtable', 'Investor roundtable with curated hospitality and venue support.', '2026-06-23 15:00:00+00', '2026-06-23 17:00:00+00', 'Sky Lounge', 'Celebration Office'),
    ('experience_am_079', 'hotel_demo_059', 'event_day_079', 'Wedding ceremony', 'Wedding ceremony for invited guests, partners, and delegates. ', '2026-06-24 08:00:00+00', '2026-06-24 09:30:00+00', 'Atrium Hall', 'Summit Office'),
    ('experience_pm_079', 'hotel_demo_059', 'event_day_079', 'Wedding reception', 'Wedding reception with curated hospitality and venue support.', '2026-06-24 15:00:00+00', '2026-06-24 17:00:00+00', 'Panorama Dining', 'Partnership Team'),
    ('experience_am_080', 'hotel_demo_060', 'event_day_080', 'Health Innovation Forum', 'Health Innovation Forum for invited guests, partners, and delegates. ', '2026-06-25 08:00:00+00', '2026-06-25 09:30:00+00', 'Conference Ballroom', 'Kaze Events'),
    ('experience_pm_080', 'hotel_demo_060', 'event_day_080', 'Founder dinner', 'Founder dinner with curated hospitality and venue support.', '2026-06-25 15:00:00+00', '2026-06-25 17:00:00+00', 'Virunga Room', 'Capital Circle'),
    ('experience_am_081', 'hotel_demo_061', 'event_day_081', 'Tourism Leadership Breakfast', 'Tourism Leadership Breakfast for invited guests, partners, and delegates. ', '2026-06-26 08:00:00+00', '2026-06-26 09:30:00+00', 'Garden Pavilion', 'Guest Experience'),
    ('experience_pm_081', 'hotel_demo_061', 'event_day_081', 'Hospitality showcase', 'Hospitality showcase with curated hospitality and venue support.', '2026-06-26 15:00:00+00', '2026-06-26 17:00:00+00', 'Rose Terrace', 'Private Events'),
    ('experience_am_082', 'hotel_demo_062', 'event_day_082', 'AgriTech Growth Forum', 'AgriTech Growth Forum for invited guests, partners, and delegates. ', '2026-06-27 08:00:00+00', '2026-06-27 09:30:00+00', 'Executive Hall', 'Wedding Desk'),
    ('experience_pm_082', 'hotel_demo_062', 'event_day_082', 'Partnership mixer', 'Partnership mixer with curated hospitality and venue support.', '2026-06-27 15:00:00+00', '2026-06-27 17:00:00+00', 'Sky Lounge', 'Celebration Office'),
    ('experience_am_083', 'hotel_demo_063', 'event_day_083', 'Women in Business Forum', 'Women in Business Forum for invited guests, partners, and delegates. ', '2026-06-28 08:00:00+00', '2026-06-28 09:30:00+00', 'Atrium Hall', 'Summit Office'),
    ('experience_pm_083', 'hotel_demo_063', 'event_day_083', 'Awards dinner', 'Awards dinner with curated hospitality and venue support.', '2026-06-28 15:00:00+00', '2026-06-28 17:00:00+00', 'Panorama Dining', 'Partnership Team'),
    ('experience_am_084', 'hotel_demo_064', 'event_day_084', 'East Africa Finance Summit', 'East Africa Finance Summit for invited guests, partners, and delegates. ', '2026-06-01 08:00:00+00', '2026-06-01 09:30:00+00', 'Conference Ballroom', 'Kaze Events'),
    ('experience_pm_084', 'hotel_demo_064', 'event_day_084', 'Investor roundtable', 'Investor roundtable with curated hospitality and venue support.', '2026-06-01 15:00:00+00', '2026-06-01 17:00:00+00', 'Virunga Room', 'Capital Circle'),
    ('experience_am_085', 'hotel_demo_065', 'event_day_085', 'Wedding ceremony', 'Wedding ceremony for invited guests, partners, and delegates. ', '2026-06-02 08:00:00+00', '2026-06-02 09:30:00+00', 'Garden Pavilion', 'Guest Experience'),
    ('experience_pm_085', 'hotel_demo_065', 'event_day_085', 'Wedding reception', 'Wedding reception with curated hospitality and venue support.', '2026-06-02 15:00:00+00', '2026-06-02 17:00:00+00', 'Rose Terrace', 'Private Events'),
    ('experience_am_086', 'hotel_demo_066', 'event_day_086', 'Health Innovation Forum', 'Health Innovation Forum for invited guests, partners, and delegates. ', '2026-06-03 08:00:00+00', '2026-06-03 09:30:00+00', 'Executive Hall', 'Wedding Desk'),
    ('experience_pm_086', 'hotel_demo_066', 'event_day_086', 'Founder dinner', 'Founder dinner with curated hospitality and venue support.', '2026-06-03 15:00:00+00', '2026-06-03 17:00:00+00', 'Sky Lounge', 'Celebration Office'),
    ('experience_am_087', 'hotel_demo_067', 'event_day_087', 'Tourism Leadership Breakfast', 'Tourism Leadership Breakfast for invited guests, partners, and delegates. ', '2026-06-04 08:00:00+00', '2026-06-04 09:30:00+00', 'Atrium Hall', 'Summit Office'),
    ('experience_pm_087', 'hotel_demo_067', 'event_day_087', 'Hospitality showcase', 'Hospitality showcase with curated hospitality and venue support.', '2026-06-04 15:00:00+00', '2026-06-04 17:00:00+00', 'Panorama Dining', 'Partnership Team'),
    ('experience_am_088', 'hotel_demo_068', 'event_day_088', 'AgriTech Growth Forum', 'AgriTech Growth Forum for invited guests, partners, and delegates. ', '2026-06-05 08:00:00+00', '2026-06-05 09:30:00+00', 'Conference Ballroom', 'Kaze Events'),
    ('experience_pm_088', 'hotel_demo_068', 'event_day_088', 'Partnership mixer', 'Partnership mixer with curated hospitality and venue support.', '2026-06-05 15:00:00+00', '2026-06-05 17:00:00+00', 'Virunga Room', 'Capital Circle'),
    ('experience_am_089', 'hotel_demo_069', 'event_day_089', 'Women in Business Forum', 'Women in Business Forum for invited guests, partners, and delegates. ', '2026-06-06 08:00:00+00', '2026-06-06 09:30:00+00', 'Garden Pavilion', 'Guest Experience'),
    ('experience_pm_089', 'hotel_demo_069', 'event_day_089', 'Awards dinner', 'Awards dinner with curated hospitality and venue support.', '2026-06-06 15:00:00+00', '2026-06-06 17:00:00+00', 'Rose Terrace', 'Private Events'),
    ('experience_am_090', 'hotel_demo_070', 'event_day_090', 'East Africa Finance Summit', 'East Africa Finance Summit for invited guests, partners, and delegates. ', '2026-06-07 08:00:00+00', '2026-06-07 09:30:00+00', 'Executive Hall', 'Wedding Desk'),
    ('experience_pm_090', 'hotel_demo_070', 'event_day_090', 'Investor roundtable', 'Investor roundtable with curated hospitality and venue support.', '2026-06-07 15:00:00+00', '2026-06-07 17:00:00+00', 'Sky Lounge', 'Celebration Office'),
    ('experience_am_091', 'hotel_demo_071', 'event_day_091', 'Wedding ceremony', 'Wedding ceremony for invited guests, partners, and delegates. ', '2026-06-08 08:00:00+00', '2026-06-08 09:30:00+00', 'Atrium Hall', 'Summit Office'),
    ('experience_pm_091', 'hotel_demo_071', 'event_day_091', 'Wedding reception', 'Wedding reception with curated hospitality and venue support.', '2026-06-08 15:00:00+00', '2026-06-08 17:00:00+00', 'Panorama Dining', 'Partnership Team'),
    ('experience_am_092', 'hotel_demo_072', 'event_day_092', 'Health Innovation Forum', 'Health Innovation Forum for invited guests, partners, and delegates. ', '2026-06-09 08:00:00+00', '2026-06-09 09:30:00+00', 'Conference Ballroom', 'Kaze Events'),
    ('experience_pm_092', 'hotel_demo_072', 'event_day_092', 'Founder dinner', 'Founder dinner with curated hospitality and venue support.', '2026-06-09 15:00:00+00', '2026-06-09 17:00:00+00', 'Virunga Room', 'Capital Circle'),
    ('experience_am_093', 'hotel_demo_073', 'event_day_093', 'Tourism Leadership Breakfast', 'Tourism Leadership Breakfast for invited guests, partners, and delegates. ', '2026-06-10 08:00:00+00', '2026-06-10 09:30:00+00', 'Garden Pavilion', 'Guest Experience'),
    ('experience_pm_093', 'hotel_demo_073', 'event_day_093', 'Hospitality showcase', 'Hospitality showcase with curated hospitality and venue support.', '2026-06-10 15:00:00+00', '2026-06-10 17:00:00+00', 'Rose Terrace', 'Private Events'),
    ('experience_am_094', 'hotel_demo_074', 'event_day_094', 'AgriTech Growth Forum', 'AgriTech Growth Forum for invited guests, partners, and delegates. ', '2026-06-11 08:00:00+00', '2026-06-11 09:30:00+00', 'Executive Hall', 'Wedding Desk'),
    ('experience_pm_094', 'hotel_demo_074', 'event_day_094', 'Partnership mixer', 'Partnership mixer with curated hospitality and venue support.', '2026-06-11 15:00:00+00', '2026-06-11 17:00:00+00', 'Sky Lounge', 'Celebration Office'),
    ('experience_am_095', 'hotel_demo_075', 'event_day_095', 'Women in Business Forum', 'Women in Business Forum for invited guests, partners, and delegates. ', '2026-06-12 08:00:00+00', '2026-06-12 09:30:00+00', 'Atrium Hall', 'Summit Office'),
    ('experience_pm_095', 'hotel_demo_075', 'event_day_095', 'Awards dinner', 'Awards dinner with curated hospitality and venue support.', '2026-06-12 15:00:00+00', '2026-06-12 17:00:00+00', 'Panorama Dining', 'Partnership Team'),
    ('experience_am_096', 'hotel_demo_076', 'event_day_096', 'East Africa Finance Summit', 'East Africa Finance Summit for invited guests, partners, and delegates. ', '2026-06-13 08:00:00+00', '2026-06-13 09:30:00+00', 'Conference Ballroom', 'Kaze Events'),
    ('experience_pm_096', 'hotel_demo_076', 'event_day_096', 'Investor roundtable', 'Investor roundtable with curated hospitality and venue support.', '2026-06-13 15:00:00+00', '2026-06-13 17:00:00+00', 'Virunga Room', 'Capital Circle'),
    ('experience_am_097', 'hotel_demo_077', 'event_day_097', 'Wedding ceremony', 'Wedding ceremony for invited guests, partners, and delegates. ', '2026-06-14 08:00:00+00', '2026-06-14 09:30:00+00', 'Garden Pavilion', 'Guest Experience'),
    ('experience_pm_097', 'hotel_demo_077', 'event_day_097', 'Wedding reception', 'Wedding reception with curated hospitality and venue support.', '2026-06-14 15:00:00+00', '2026-06-14 17:00:00+00', 'Rose Terrace', 'Private Events'),
    ('experience_am_098', 'hotel_demo_078', 'event_day_098', 'Health Innovation Forum', 'Health Innovation Forum for invited guests, partners, and delegates. ', '2026-06-15 08:00:00+00', '2026-06-15 09:30:00+00', 'Executive Hall', 'Wedding Desk'),
    ('experience_pm_098', 'hotel_demo_078', 'event_day_098', 'Founder dinner', 'Founder dinner with curated hospitality and venue support.', '2026-06-15 15:00:00+00', '2026-06-15 17:00:00+00', 'Sky Lounge', 'Celebration Office'),
    ('experience_am_099', 'hotel_demo_079', 'event_day_099', 'Tourism Leadership Breakfast', 'Tourism Leadership Breakfast for invited guests, partners, and delegates. ', '2026-06-16 08:00:00+00', '2026-06-16 09:30:00+00', 'Atrium Hall', 'Summit Office'),
    ('experience_pm_099', 'hotel_demo_079', 'event_day_099', 'Hospitality showcase', 'Hospitality showcase with curated hospitality and venue support.', '2026-06-16 15:00:00+00', '2026-06-16 17:00:00+00', 'Panorama Dining', 'Partnership Team'),
    ('experience_am_100', 'hotel_demo_080', 'event_day_100', 'AgriTech Growth Forum', 'AgriTech Growth Forum for invited guests, partners, and delegates. ', '2026-06-17 08:00:00+00', '2026-06-17 09:30:00+00', 'Conference Ballroom', 'Kaze Events'),
    ('experience_pm_100', 'hotel_demo_080', 'event_day_100', 'Partnership mixer', 'Partnership mixer with curated hospitality and venue support.', '2026-06-17 15:00:00+00', '2026-06-17 17:00:00+00', 'Virunga Room', 'Capital Circle'),
    ('experience_am_101', 'rw-kgl-marriott', 'event_day_101', 'Women in Business Forum', 'Women in Business Forum for invited guests, partners, and delegates. ', '2026-06-18 08:00:00+00', '2026-06-18 09:30:00+00', 'Garden Pavilion', 'Guest Experience'),
    ('experience_pm_101', 'rw-kgl-marriott', 'event_day_101', 'Awards dinner', 'Awards dinner with curated hospitality and venue support.', '2026-06-18 15:00:00+00', '2026-06-18 17:00:00+00', 'Rose Terrace', 'Private Events'),
    ('experience_am_102', 'hotel_serena', 'event_day_102', 'East Africa Finance Summit', 'East Africa Finance Summit for invited guests, partners, and delegates. ', '2026-06-19 08:00:00+00', '2026-06-19 09:30:00+00', 'Executive Hall', 'Wedding Desk'),
    ('experience_pm_102', 'hotel_serena', 'event_day_102', 'Investor roundtable', 'Investor roundtable with curated hospitality and venue support.', '2026-06-19 15:00:00+00', '2026-06-19 17:00:00+00', 'Sky Lounge', 'Celebration Office'),
    ('experience_am_103', 'hotel_radisson_blu', 'event_day_103', 'Wedding ceremony', 'Wedding ceremony for invited guests, partners, and delegates. ', '2026-06-20 08:00:00+00', '2026-06-20 09:30:00+00', 'Atrium Hall', 'Summit Office'),
    ('experience_pm_103', 'hotel_radisson_blu', 'event_day_103', 'Wedding reception', 'Wedding reception with curated hospitality and venue support.', '2026-06-20 15:00:00+00', '2026-06-20 17:00:00+00', 'Panorama Dining', 'Partnership Team'),
    ('experience_am_104', 'hotel_four_points', 'event_day_104', 'Health Innovation Forum', 'Health Innovation Forum for invited guests, partners, and delegates. ', '2026-06-21 08:00:00+00', '2026-06-21 09:30:00+00', 'Conference Ballroom', 'Kaze Events'),
    ('experience_pm_104', 'hotel_four_points', 'event_day_104', 'Founder dinner', 'Founder dinner with curated hospitality and venue support.', '2026-06-21 15:00:00+00', '2026-06-21 17:00:00+00', 'Virunga Room', 'Capital Circle'),
    ('experience_am_105', 'hotel_mille_collines', 'event_day_105', 'Tourism Leadership Breakfast', 'Tourism Leadership Breakfast for invited guests, partners, and delegates. ', '2026-06-22 08:00:00+00', '2026-06-22 09:30:00+00', 'Garden Pavilion', 'Guest Experience'),
    ('experience_pm_105', 'hotel_mille_collines', 'event_day_105', 'Hospitality showcase', 'Hospitality showcase with curated hospitality and venue support.', '2026-06-22 15:00:00+00', '2026-06-22 17:00:00+00', 'Rose Terrace', 'Private Events'),
    ('experience_am_106', 'hotel_the_retreat', 'event_day_106', 'AgriTech Growth Forum', 'AgriTech Growth Forum for invited guests, partners, and delegates. ', '2026-06-23 08:00:00+00', '2026-06-23 09:30:00+00', 'Executive Hall', 'Wedding Desk'),
    ('experience_pm_106', 'hotel_the_retreat', 'event_day_106', 'Partnership mixer', 'Partnership mixer with curated hospitality and venue support.', '2026-06-23 15:00:00+00', '2026-06-23 17:00:00+00', 'Sky Lounge', 'Celebration Office'),
    ('experience_am_107', 'hotel_park_inn', 'event_day_107', 'Women in Business Forum', 'Women in Business Forum for invited guests, partners, and delegates. ', '2026-06-24 08:00:00+00', '2026-06-24 09:30:00+00', 'Atrium Hall', 'Summit Office'),
    ('experience_pm_107', 'hotel_park_inn', 'event_day_107', 'Awards dinner', 'Awards dinner with curated hospitality and venue support.', '2026-06-24 15:00:00+00', '2026-06-24 17:00:00+00', 'Panorama Dining', 'Partnership Team'),
    ('experience_am_108', 'hotel_lemigo', 'event_day_108', 'East Africa Finance Summit', 'East Africa Finance Summit for invited guests, partners, and delegates. ', '2026-06-25 08:00:00+00', '2026-06-25 09:30:00+00', 'Conference Ballroom', 'Kaze Events'),
    ('experience_pm_108', 'hotel_lemigo', 'event_day_108', 'Investor roundtable', 'Investor roundtable with curated hospitality and venue support.', '2026-06-25 15:00:00+00', '2026-06-25 17:00:00+00', 'Virunga Room', 'Capital Circle'),
    ('experience_am_109', 'hotel_urban_city', 'event_day_109', 'Wedding ceremony', 'Wedding ceremony for invited guests, partners, and delegates. ', '2026-06-26 08:00:00+00', '2026-06-26 09:30:00+00', 'Garden Pavilion', 'Guest Experience'),
    ('experience_pm_109', 'hotel_urban_city', 'event_day_109', 'Wedding reception', 'Wedding reception with curated hospitality and venue support.', '2026-06-26 15:00:00+00', '2026-06-26 17:00:00+00', 'Rose Terrace', 'Private Events'),
    ('experience_am_110', 'hotel_gorillas_nest', 'event_day_110', 'Health Innovation Forum', 'Health Innovation Forum for invited guests, partners, and delegates. ', '2026-06-27 08:00:00+00', '2026-06-27 09:30:00+00', 'Executive Hall', 'Wedding Desk'),
    ('experience_pm_110', 'hotel_gorillas_nest', 'event_day_110', 'Founder dinner', 'Founder dinner with curated hospitality and venue support.', '2026-06-27 15:00:00+00', '2026-06-27 17:00:00+00', 'Sky Lounge', 'Celebration Office'),
    ('experience_am_111', 'hotel_bisate', 'event_day_111', 'Tourism Leadership Breakfast', 'Tourism Leadership Breakfast for invited guests, partners, and delegates. ', '2026-06-28 08:00:00+00', '2026-06-28 09:30:00+00', 'Atrium Hall', 'Summit Office'),
    ('experience_pm_111', 'hotel_bisate', 'event_day_111', 'Hospitality showcase', 'Hospitality showcase with curated hospitality and venue support.', '2026-06-28 15:00:00+00', '2026-06-28 17:00:00+00', 'Panorama Dining', 'Partnership Team'),
    ('experience_am_112', 'hotel_singita', 'event_day_112', 'AgriTech Growth Forum', 'AgriTech Growth Forum for invited guests, partners, and delegates. ', '2026-06-01 08:00:00+00', '2026-06-01 09:30:00+00', 'Conference Ballroom', 'Kaze Events'),
    ('experience_pm_112', 'hotel_singita', 'event_day_112', 'Partnership mixer', 'Partnership mixer with curated hospitality and venue support.', '2026-06-01 15:00:00+00', '2026-06-01 17:00:00+00', 'Virunga Room', 'Capital Circle'),
    ('experience_am_113', 'hotel_ingagi', 'event_day_113', 'Women in Business Forum', 'Women in Business Forum for invited guests, partners, and delegates. ', '2026-06-02 08:00:00+00', '2026-06-02 09:30:00+00', 'Garden Pavilion', 'Guest Experience'),
    ('experience_pm_113', 'hotel_ingagi', 'event_day_113', 'Awards dinner', 'Awards dinner with curated hospitality and venue support.', '2026-06-02 15:00:00+00', '2026-06-02 17:00:00+00', 'Rose Terrace', 'Private Events'),
    ('experience_am_114', 'hotel_kivu_serena', 'event_day_114', 'East Africa Finance Summit', 'East Africa Finance Summit for invited guests, partners, and delegates. ', '2026-06-03 08:00:00+00', '2026-06-03 09:30:00+00', 'Executive Hall', 'Wedding Desk'),
    ('experience_pm_114', 'hotel_kivu_serena', 'event_day_114', 'Investor roundtable', 'Investor roundtable with curated hospitality and venue support.', '2026-06-03 15:00:00+00', '2026-06-03 17:00:00+00', 'Sky Lounge', 'Celebration Office'),
    ('experience_am_115', 'hotel_cormoran', 'event_day_115', 'Wedding ceremony', 'Wedding ceremony for invited guests, partners, and delegates. ', '2026-06-04 08:00:00+00', '2026-06-04 09:30:00+00', 'Atrium Hall', 'Summit Office'),
    ('experience_pm_115', 'hotel_cormoran', 'event_day_115', 'Wedding reception', 'Wedding reception with curated hospitality and venue support.', '2026-06-04 15:00:00+00', '2026-06-04 17:00:00+00', 'Panorama Dining', 'Partnership Team'),
    ('experience_am_116', 'hotel_palm_beach', 'event_day_116', 'Health Innovation Forum', 'Health Innovation Forum for invited guests, partners, and delegates. ', '2026-06-05 08:00:00+00', '2026-06-05 09:30:00+00', 'Conference Ballroom', 'Kaze Events'),
    ('experience_pm_116', 'hotel_palm_beach', 'event_day_116', 'Founder dinner', 'Founder dinner with curated hospitality and venue support.', '2026-06-05 15:00:00+00', '2026-06-05 17:00:00+00', 'Virunga Room', 'Capital Circle'),
    ('experience_am_117', 'hotel_moriah_hill', 'event_day_117', 'Tourism Leadership Breakfast', 'Tourism Leadership Breakfast for invited guests, partners, and delegates. ', '2026-06-06 08:00:00+00', '2026-06-06 09:30:00+00', 'Garden Pavilion', 'Guest Experience'),
    ('experience_pm_117', 'hotel_moriah_hill', 'event_day_117', 'Hospitality showcase', 'Hospitality showcase with curated hospitality and venue support.', '2026-06-06 15:00:00+00', '2026-06-06 17:00:00+00', 'Rose Terrace', 'Private Events'),
    ('experience_am_118', 'hotel_hill_view', 'event_day_118', 'AgriTech Growth Forum', 'AgriTech Growth Forum for invited guests, partners, and delegates. ', '2026-06-07 08:00:00+00', '2026-06-07 09:30:00+00', 'Executive Hall', 'Wedding Desk'),
    ('experience_pm_118', 'hotel_hill_view', 'event_day_118', 'Partnership mixer', 'Partnership mixer with curated hospitality and venue support.', '2026-06-07 15:00:00+00', '2026-06-07 17:00:00+00', 'Sky Lounge', 'Celebration Office'),
    ('experience_am_119', 'hotel_kitabi', 'event_day_119', 'Women in Business Forum', 'Women in Business Forum for invited guests, partners, and delegates. ', '2026-06-08 08:00:00+00', '2026-06-08 09:30:00+00', 'Atrium Hall', 'Summit Office'),
    ('experience_pm_119', 'hotel_kitabi', 'event_day_119', 'Awards dinner', 'Awards dinner with curated hospitality and venue support.', '2026-06-08 15:00:00+00', '2026-06-08 17:00:00+00', 'Panorama Dining', 'Partnership Team'),
    ('experience_am_120', 'hotel_akagera', 'event_day_120', 'East Africa Finance Summit', 'East Africa Finance Summit for invited guests, partners, and delegates. ', '2026-06-09 08:00:00+00', '2026-06-09 09:30:00+00', 'Conference Ballroom', 'Kaze Events'),
    ('experience_pm_120', 'hotel_akagera', 'event_day_120', 'Investor roundtable', 'Investor roundtable with curated hospitality and venue support.', '2026-06-09 15:00:00+00', '2026-06-09 17:00:00+00', 'Virunga Room', 'Capital Circle');

INSERT INTO amenity_highlights (id, hotel_id, title, description, location_label, availability_label, category_label, access_label, action_label) VALUES
    ('amenity_pool', 'rw-kgl-marriott', 'Infinity pool quiet hours', 'A calmer pool deck period curated for business travelers between meetings.', 'Pool Deck', '06:00 - 09:00', 'Amenity', 'Included', 'Open amenity'),
    ('amenity_lobby', 'rw-kgl-marriott', 'Lobby art walk', 'A short self-guided route through the hotel featured Rwandan artists.', 'Grand Lobby', 'All day', 'Self-guided', 'Complimentary', 'Start route'),
    ('amenity_jazz', 'rw-kgl-marriott', 'Evening jazz set', 'Soft live music in the bar, recommended for summit delegates after sessions.', 'Panorama Bar', '20:00', 'Evening experience', 'Extra charge', 'Reserve table'),
    ('amenity_demo_001', 'rw-kgl-marriott', 'Signature coffee hour', 'Signature coffee hour available for guests and invited visitors.', 'Lobby Lounge', '07:00 - 11:00', 'Food', 'Included', 'Reserve table'),
    ('amenity_demo_002', 'hotel_serena', 'Live wedding harp set', 'Live wedding harp set available for guests and invited visitors.', 'Garden Court', '18:00', 'Wedding', 'Package based', 'View event'),
    ('amenity_demo_003', 'hotel_radisson_blu', 'Executive lounge tasting', 'Executive lounge tasting available for guests and invited visitors.', 'Executive Floor', '17:00 - 20:00', 'Business', 'Premium', 'Open lounge'),
    ('amenity_demo_004', 'hotel_four_points', 'Chefs table preview', 'Chefs table preview available for guests and invited visitors.', 'Rooftop Terrace', '19:00', 'Dining', 'Paid', 'Reserve seat'),
    ('amenity_demo_005', 'hotel_mille_collines', 'Wellness stretch session', 'Wellness stretch session available for guests and invited visitors.', 'Spa Garden', '08:00 - 09:00', 'Health', 'Included', 'Open schedule'),
    ('amenity_demo_006', 'hotel_the_retreat', 'Sunrise pool lane', 'Sunrise pool lane available for guests and invited visitors.', 'Pool Deck', '06:00 - 08:30', 'Wellness', 'Included', 'Open amenity'),
    ('amenity_demo_007', 'hotel_park_inn', 'Signature coffee hour', 'Signature coffee hour available for guests and invited visitors.', 'Lobby Lounge', '07:00 - 11:00', 'Food', 'Included', 'Reserve table'),
    ('amenity_demo_008', 'hotel_lemigo', 'Live wedding harp set', 'Live wedding harp set available for guests and invited visitors.', 'Garden Court', '18:00', 'Wedding', 'Package based', 'View event'),
    ('amenity_demo_009', 'hotel_urban_city', 'Executive lounge tasting', 'Executive lounge tasting available for guests and invited visitors.', 'Executive Floor', '17:00 - 20:00', 'Business', 'Premium', 'Open lounge'),
    ('amenity_demo_010', 'hotel_gorillas_nest', 'Chefs table preview', 'Chefs table preview available for guests and invited visitors.', 'Rooftop Terrace', '19:00', 'Dining', 'Paid', 'Reserve seat'),
    ('amenity_demo_011', 'hotel_bisate', 'Wellness stretch session', 'Wellness stretch session available for guests and invited visitors.', 'Spa Garden', '08:00 - 09:00', 'Health', 'Included', 'Open schedule'),
    ('amenity_demo_012', 'hotel_singita', 'Sunrise pool lane', 'Sunrise pool lane available for guests and invited visitors.', 'Pool Deck', '06:00 - 08:30', 'Wellness', 'Included', 'Open amenity'),
    ('amenity_demo_013', 'hotel_ingagi', 'Signature coffee hour', 'Signature coffee hour available for guests and invited visitors.', 'Lobby Lounge', '07:00 - 11:00', 'Food', 'Included', 'Reserve table'),
    ('amenity_demo_014', 'hotel_kivu_serena', 'Live wedding harp set', 'Live wedding harp set available for guests and invited visitors.', 'Garden Court', '18:00', 'Wedding', 'Package based', 'View event'),
    ('amenity_demo_015', 'hotel_cormoran', 'Executive lounge tasting', 'Executive lounge tasting available for guests and invited visitors.', 'Executive Floor', '17:00 - 20:00', 'Business', 'Premium', 'Open lounge'),
    ('amenity_demo_016', 'hotel_palm_beach', 'Chefs table preview', 'Chefs table preview available for guests and invited visitors.', 'Rooftop Terrace', '19:00', 'Dining', 'Paid', 'Reserve seat'),
    ('amenity_demo_017', 'hotel_moriah_hill', 'Wellness stretch session', 'Wellness stretch session available for guests and invited visitors.', 'Spa Garden', '08:00 - 09:00', 'Health', 'Included', 'Open schedule'),
    ('amenity_demo_018', 'hotel_hill_view', 'Sunrise pool lane', 'Sunrise pool lane available for guests and invited visitors.', 'Pool Deck', '06:00 - 08:30', 'Wellness', 'Included', 'Open amenity'),
    ('amenity_demo_019', 'hotel_kitabi', 'Signature coffee hour', 'Signature coffee hour available for guests and invited visitors.', 'Lobby Lounge', '07:00 - 11:00', 'Food', 'Included', 'Reserve table'),
    ('amenity_demo_020', 'hotel_akagera', 'Live wedding harp set', 'Live wedding harp set available for guests and invited visitors.', 'Garden Court', '18:00', 'Wedding', 'Package based', 'View event'),
    ('amenity_demo_021', 'hotel_demo_001', 'Executive lounge tasting', 'Executive lounge tasting available for guests and invited visitors.', 'Executive Floor', '17:00 - 20:00', 'Business', 'Premium', 'Open lounge'),
    ('amenity_demo_022', 'hotel_demo_002', 'Chefs table preview', 'Chefs table preview available for guests and invited visitors.', 'Rooftop Terrace', '19:00', 'Dining', 'Paid', 'Reserve seat'),
    ('amenity_demo_023', 'hotel_demo_003', 'Wellness stretch session', 'Wellness stretch session available for guests and invited visitors.', 'Spa Garden', '08:00 - 09:00', 'Health', 'Included', 'Open schedule'),
    ('amenity_demo_024', 'hotel_demo_004', 'Sunrise pool lane', 'Sunrise pool lane available for guests and invited visitors.', 'Pool Deck', '06:00 - 08:30', 'Wellness', 'Included', 'Open amenity'),
    ('amenity_demo_025', 'hotel_demo_005', 'Signature coffee hour', 'Signature coffee hour available for guests and invited visitors.', 'Lobby Lounge', '07:00 - 11:00', 'Food', 'Included', 'Reserve table'),
    ('amenity_demo_026', 'hotel_demo_006', 'Live wedding harp set', 'Live wedding harp set available for guests and invited visitors.', 'Garden Court', '18:00', 'Wedding', 'Package based', 'View event'),
    ('amenity_demo_027', 'hotel_demo_007', 'Executive lounge tasting', 'Executive lounge tasting available for guests and invited visitors.', 'Executive Floor', '17:00 - 20:00', 'Business', 'Premium', 'Open lounge'),
    ('amenity_demo_028', 'hotel_demo_008', 'Chefs table preview', 'Chefs table preview available for guests and invited visitors.', 'Rooftop Terrace', '19:00', 'Dining', 'Paid', 'Reserve seat'),
    ('amenity_demo_029', 'hotel_demo_009', 'Wellness stretch session', 'Wellness stretch session available for guests and invited visitors.', 'Spa Garden', '08:00 - 09:00', 'Health', 'Included', 'Open schedule'),
    ('amenity_demo_030', 'hotel_demo_010', 'Sunrise pool lane', 'Sunrise pool lane available for guests and invited visitors.', 'Pool Deck', '06:00 - 08:30', 'Wellness', 'Included', 'Open amenity'),
    ('amenity_demo_031', 'hotel_demo_011', 'Signature coffee hour', 'Signature coffee hour available for guests and invited visitors.', 'Lobby Lounge', '07:00 - 11:00', 'Food', 'Included', 'Reserve table'),
    ('amenity_demo_032', 'hotel_demo_012', 'Live wedding harp set', 'Live wedding harp set available for guests and invited visitors.', 'Garden Court', '18:00', 'Wedding', 'Package based', 'View event'),
    ('amenity_demo_033', 'hotel_demo_013', 'Executive lounge tasting', 'Executive lounge tasting available for guests and invited visitors.', 'Executive Floor', '17:00 - 20:00', 'Business', 'Premium', 'Open lounge'),
    ('amenity_demo_034', 'hotel_demo_014', 'Chefs table preview', 'Chefs table preview available for guests and invited visitors.', 'Rooftop Terrace', '19:00', 'Dining', 'Paid', 'Reserve seat'),
    ('amenity_demo_035', 'hotel_demo_015', 'Wellness stretch session', 'Wellness stretch session available for guests and invited visitors.', 'Spa Garden', '08:00 - 09:00', 'Health', 'Included', 'Open schedule'),
    ('amenity_demo_036', 'hotel_demo_016', 'Sunrise pool lane', 'Sunrise pool lane available for guests and invited visitors.', 'Pool Deck', '06:00 - 08:30', 'Wellness', 'Included', 'Open amenity'),
    ('amenity_demo_037', 'hotel_demo_017', 'Signature coffee hour', 'Signature coffee hour available for guests and invited visitors.', 'Lobby Lounge', '07:00 - 11:00', 'Food', 'Included', 'Reserve table'),
    ('amenity_demo_038', 'hotel_demo_018', 'Live wedding harp set', 'Live wedding harp set available for guests and invited visitors.', 'Garden Court', '18:00', 'Wedding', 'Package based', 'View event'),
    ('amenity_demo_039', 'hotel_demo_019', 'Executive lounge tasting', 'Executive lounge tasting available for guests and invited visitors.', 'Executive Floor', '17:00 - 20:00', 'Business', 'Premium', 'Open lounge'),
    ('amenity_demo_040', 'hotel_demo_020', 'Chefs table preview', 'Chefs table preview available for guests and invited visitors.', 'Rooftop Terrace', '19:00', 'Dining', 'Paid', 'Reserve seat'),
    ('amenity_demo_041', 'hotel_demo_021', 'Wellness stretch session', 'Wellness stretch session available for guests and invited visitors.', 'Spa Garden', '08:00 - 09:00', 'Health', 'Included', 'Open schedule'),
    ('amenity_demo_042', 'hotel_demo_022', 'Sunrise pool lane', 'Sunrise pool lane available for guests and invited visitors.', 'Pool Deck', '06:00 - 08:30', 'Wellness', 'Included', 'Open amenity'),
    ('amenity_demo_043', 'hotel_demo_023', 'Signature coffee hour', 'Signature coffee hour available for guests and invited visitors.', 'Lobby Lounge', '07:00 - 11:00', 'Food', 'Included', 'Reserve table'),
    ('amenity_demo_044', 'hotel_demo_024', 'Live wedding harp set', 'Live wedding harp set available for guests and invited visitors.', 'Garden Court', '18:00', 'Wedding', 'Package based', 'View event'),
    ('amenity_demo_045', 'hotel_demo_025', 'Executive lounge tasting', 'Executive lounge tasting available for guests and invited visitors.', 'Executive Floor', '17:00 - 20:00', 'Business', 'Premium', 'Open lounge'),
    ('amenity_demo_046', 'hotel_demo_026', 'Chefs table preview', 'Chefs table preview available for guests and invited visitors.', 'Rooftop Terrace', '19:00', 'Dining', 'Paid', 'Reserve seat'),
    ('amenity_demo_047', 'hotel_demo_027', 'Wellness stretch session', 'Wellness stretch session available for guests and invited visitors.', 'Spa Garden', '08:00 - 09:00', 'Health', 'Included', 'Open schedule'),
    ('amenity_demo_048', 'hotel_demo_028', 'Sunrise pool lane', 'Sunrise pool lane available for guests and invited visitors.', 'Pool Deck', '06:00 - 08:30', 'Wellness', 'Included', 'Open amenity'),
    ('amenity_demo_049', 'hotel_demo_029', 'Signature coffee hour', 'Signature coffee hour available for guests and invited visitors.', 'Lobby Lounge', '07:00 - 11:00', 'Food', 'Included', 'Reserve table'),
    ('amenity_demo_050', 'hotel_demo_030', 'Live wedding harp set', 'Live wedding harp set available for guests and invited visitors.', 'Garden Court', '18:00', 'Wedding', 'Package based', 'View event'),
    ('amenity_demo_051', 'hotel_demo_031', 'Executive lounge tasting', 'Executive lounge tasting available for guests and invited visitors.', 'Executive Floor', '17:00 - 20:00', 'Business', 'Premium', 'Open lounge'),
    ('amenity_demo_052', 'hotel_demo_032', 'Chefs table preview', 'Chefs table preview available for guests and invited visitors.', 'Rooftop Terrace', '19:00', 'Dining', 'Paid', 'Reserve seat'),
    ('amenity_demo_053', 'hotel_demo_033', 'Wellness stretch session', 'Wellness stretch session available for guests and invited visitors.', 'Spa Garden', '08:00 - 09:00', 'Health', 'Included', 'Open schedule'),
    ('amenity_demo_054', 'hotel_demo_034', 'Sunrise pool lane', 'Sunrise pool lane available for guests and invited visitors.', 'Pool Deck', '06:00 - 08:30', 'Wellness', 'Included', 'Open amenity'),
    ('amenity_demo_055', 'hotel_demo_035', 'Signature coffee hour', 'Signature coffee hour available for guests and invited visitors.', 'Lobby Lounge', '07:00 - 11:00', 'Food', 'Included', 'Reserve table'),
    ('amenity_demo_056', 'hotel_demo_036', 'Live wedding harp set', 'Live wedding harp set available for guests and invited visitors.', 'Garden Court', '18:00', 'Wedding', 'Package based', 'View event'),
    ('amenity_demo_057', 'hotel_demo_037', 'Executive lounge tasting', 'Executive lounge tasting available for guests and invited visitors.', 'Executive Floor', '17:00 - 20:00', 'Business', 'Premium', 'Open lounge'),
    ('amenity_demo_058', 'hotel_demo_038', 'Chefs table preview', 'Chefs table preview available for guests and invited visitors.', 'Rooftop Terrace', '19:00', 'Dining', 'Paid', 'Reserve seat'),
    ('amenity_demo_059', 'hotel_demo_039', 'Wellness stretch session', 'Wellness stretch session available for guests and invited visitors.', 'Spa Garden', '08:00 - 09:00', 'Health', 'Included', 'Open schedule'),
    ('amenity_demo_060', 'hotel_demo_040', 'Sunrise pool lane', 'Sunrise pool lane available for guests and invited visitors.', 'Pool Deck', '06:00 - 08:30', 'Wellness', 'Included', 'Open amenity'),
    ('amenity_demo_061', 'hotel_demo_041', 'Signature coffee hour', 'Signature coffee hour available for guests and invited visitors.', 'Lobby Lounge', '07:00 - 11:00', 'Food', 'Included', 'Reserve table'),
    ('amenity_demo_062', 'hotel_demo_042', 'Live wedding harp set', 'Live wedding harp set available for guests and invited visitors.', 'Garden Court', '18:00', 'Wedding', 'Package based', 'View event'),
    ('amenity_demo_063', 'hotel_demo_043', 'Executive lounge tasting', 'Executive lounge tasting available for guests and invited visitors.', 'Executive Floor', '17:00 - 20:00', 'Business', 'Premium', 'Open lounge'),
    ('amenity_demo_064', 'hotel_demo_044', 'Chefs table preview', 'Chefs table preview available for guests and invited visitors.', 'Rooftop Terrace', '19:00', 'Dining', 'Paid', 'Reserve seat'),
    ('amenity_demo_065', 'hotel_demo_045', 'Wellness stretch session', 'Wellness stretch session available for guests and invited visitors.', 'Spa Garden', '08:00 - 09:00', 'Health', 'Included', 'Open schedule'),
    ('amenity_demo_066', 'hotel_demo_046', 'Sunrise pool lane', 'Sunrise pool lane available for guests and invited visitors.', 'Pool Deck', '06:00 - 08:30', 'Wellness', 'Included', 'Open amenity'),
    ('amenity_demo_067', 'hotel_demo_047', 'Signature coffee hour', 'Signature coffee hour available for guests and invited visitors.', 'Lobby Lounge', '07:00 - 11:00', 'Food', 'Included', 'Reserve table'),
    ('amenity_demo_068', 'hotel_demo_048', 'Live wedding harp set', 'Live wedding harp set available for guests and invited visitors.', 'Garden Court', '18:00', 'Wedding', 'Package based', 'View event'),
    ('amenity_demo_069', 'hotel_demo_049', 'Executive lounge tasting', 'Executive lounge tasting available for guests and invited visitors.', 'Executive Floor', '17:00 - 20:00', 'Business', 'Premium', 'Open lounge'),
    ('amenity_demo_070', 'hotel_demo_050', 'Chefs table preview', 'Chefs table preview available for guests and invited visitors.', 'Rooftop Terrace', '19:00', 'Dining', 'Paid', 'Reserve seat'),
    ('amenity_demo_071', 'hotel_demo_051', 'Wellness stretch session', 'Wellness stretch session available for guests and invited visitors.', 'Spa Garden', '08:00 - 09:00', 'Health', 'Included', 'Open schedule'),
    ('amenity_demo_072', 'hotel_demo_052', 'Sunrise pool lane', 'Sunrise pool lane available for guests and invited visitors.', 'Pool Deck', '06:00 - 08:30', 'Wellness', 'Included', 'Open amenity'),
    ('amenity_demo_073', 'hotel_demo_053', 'Signature coffee hour', 'Signature coffee hour available for guests and invited visitors.', 'Lobby Lounge', '07:00 - 11:00', 'Food', 'Included', 'Reserve table'),
    ('amenity_demo_074', 'hotel_demo_054', 'Live wedding harp set', 'Live wedding harp set available for guests and invited visitors.', 'Garden Court', '18:00', 'Wedding', 'Package based', 'View event'),
    ('amenity_demo_075', 'hotel_demo_055', 'Executive lounge tasting', 'Executive lounge tasting available for guests and invited visitors.', 'Executive Floor', '17:00 - 20:00', 'Business', 'Premium', 'Open lounge'),
    ('amenity_demo_076', 'hotel_demo_056', 'Chefs table preview', 'Chefs table preview available for guests and invited visitors.', 'Rooftop Terrace', '19:00', 'Dining', 'Paid', 'Reserve seat'),
    ('amenity_demo_077', 'hotel_demo_057', 'Wellness stretch session', 'Wellness stretch session available for guests and invited visitors.', 'Spa Garden', '08:00 - 09:00', 'Health', 'Included', 'Open schedule'),
    ('amenity_demo_078', 'hotel_demo_058', 'Sunrise pool lane', 'Sunrise pool lane available for guests and invited visitors.', 'Pool Deck', '06:00 - 08:30', 'Wellness', 'Included', 'Open amenity'),
    ('amenity_demo_079', 'hotel_demo_059', 'Signature coffee hour', 'Signature coffee hour available for guests and invited visitors.', 'Lobby Lounge', '07:00 - 11:00', 'Food', 'Included', 'Reserve table'),
    ('amenity_demo_080', 'hotel_demo_060', 'Live wedding harp set', 'Live wedding harp set available for guests and invited visitors.', 'Garden Court', '18:00', 'Wedding', 'Package based', 'View event'),
    ('amenity_demo_081', 'hotel_demo_061', 'Executive lounge tasting', 'Executive lounge tasting available for guests and invited visitors.', 'Executive Floor', '17:00 - 20:00', 'Business', 'Premium', 'Open lounge'),
    ('amenity_demo_082', 'hotel_demo_062', 'Chefs table preview', 'Chefs table preview available for guests and invited visitors.', 'Rooftop Terrace', '19:00', 'Dining', 'Paid', 'Reserve seat'),
    ('amenity_demo_083', 'hotel_demo_063', 'Wellness stretch session', 'Wellness stretch session available for guests and invited visitors.', 'Spa Garden', '08:00 - 09:00', 'Health', 'Included', 'Open schedule'),
    ('amenity_demo_084', 'hotel_demo_064', 'Sunrise pool lane', 'Sunrise pool lane available for guests and invited visitors.', 'Pool Deck', '06:00 - 08:30', 'Wellness', 'Included', 'Open amenity'),
    ('amenity_demo_085', 'hotel_demo_065', 'Signature coffee hour', 'Signature coffee hour available for guests and invited visitors.', 'Lobby Lounge', '07:00 - 11:00', 'Food', 'Included', 'Reserve table'),
    ('amenity_demo_086', 'hotel_demo_066', 'Live wedding harp set', 'Live wedding harp set available for guests and invited visitors.', 'Garden Court', '18:00', 'Wedding', 'Package based', 'View event'),
    ('amenity_demo_087', 'hotel_demo_067', 'Executive lounge tasting', 'Executive lounge tasting available for guests and invited visitors.', 'Executive Floor', '17:00 - 20:00', 'Business', 'Premium', 'Open lounge'),
    ('amenity_demo_088', 'hotel_demo_068', 'Chefs table preview', 'Chefs table preview available for guests and invited visitors.', 'Rooftop Terrace', '19:00', 'Dining', 'Paid', 'Reserve seat'),
    ('amenity_demo_089', 'hotel_demo_069', 'Wellness stretch session', 'Wellness stretch session available for guests and invited visitors.', 'Spa Garden', '08:00 - 09:00', 'Health', 'Included', 'Open schedule'),
    ('amenity_demo_090', 'hotel_demo_070', 'Sunrise pool lane', 'Sunrise pool lane available for guests and invited visitors.', 'Pool Deck', '06:00 - 08:30', 'Wellness', 'Included', 'Open amenity'),
    ('amenity_demo_091', 'hotel_demo_071', 'Signature coffee hour', 'Signature coffee hour available for guests and invited visitors.', 'Lobby Lounge', '07:00 - 11:00', 'Food', 'Included', 'Reserve table'),
    ('amenity_demo_092', 'hotel_demo_072', 'Live wedding harp set', 'Live wedding harp set available for guests and invited visitors.', 'Garden Court', '18:00', 'Wedding', 'Package based', 'View event'),
    ('amenity_demo_093', 'hotel_demo_073', 'Executive lounge tasting', 'Executive lounge tasting available for guests and invited visitors.', 'Executive Floor', '17:00 - 20:00', 'Business', 'Premium', 'Open lounge'),
    ('amenity_demo_094', 'hotel_demo_074', 'Chefs table preview', 'Chefs table preview available for guests and invited visitors.', 'Rooftop Terrace', '19:00', 'Dining', 'Paid', 'Reserve seat'),
    ('amenity_demo_095', 'hotel_demo_075', 'Wellness stretch session', 'Wellness stretch session available for guests and invited visitors.', 'Spa Garden', '08:00 - 09:00', 'Health', 'Included', 'Open schedule'),
    ('amenity_demo_096', 'hotel_demo_076', 'Sunrise pool lane', 'Sunrise pool lane available for guests and invited visitors.', 'Pool Deck', '06:00 - 08:30', 'Wellness', 'Included', 'Open amenity'),
    ('amenity_demo_097', 'hotel_demo_077', 'Signature coffee hour', 'Signature coffee hour available for guests and invited visitors.', 'Lobby Lounge', '07:00 - 11:00', 'Food', 'Included', 'Reserve table'),
    ('amenity_demo_098', 'hotel_demo_078', 'Live wedding harp set', 'Live wedding harp set available for guests and invited visitors.', 'Garden Court', '18:00', 'Wedding', 'Package based', 'View event'),
    ('amenity_demo_099', 'hotel_demo_079', 'Executive lounge tasting', 'Executive lounge tasting available for guests and invited visitors.', 'Executive Floor', '17:00 - 20:00', 'Business', 'Premium', 'Open lounge'),
    ('amenity_demo_100', 'hotel_demo_080', 'Chefs table preview', 'Chefs table preview available for guests and invited visitors.', 'Rooftop Terrace', '19:00', 'Dining', 'Paid', 'Reserve seat');

INSERT INTO amenity_statuses (id, hotel_id, title, location_label, status_label, hours_label, open_now) VALUES
    ('kitchen', 'rw-kgl-marriott', 'Hotel kitchen', 'Back-of-house culinary service', 'Open now', 'Open daily until 22:30', TRUE),
    ('restaurant', 'rw-kgl-marriott', 'Kivu Dining', 'Ground floor', 'Open now', 'Breakfast 06:30 - 10:30, lunch and dinner until 22:30', TRUE),
    ('spa', 'rw-kgl-marriott', 'Ubumwe Spa', 'Wellness level', 'Open now', 'Open daily from 09:00 to 21:00', TRUE),
    ('pool', 'rw-kgl-marriott', 'Infinity pool', 'Pool Deck', 'Open now', 'Open daily from 06:00 to 20:00', TRUE),
    ('amenity_status_001', 'rw-kgl-marriott', 'Restaurant', 'Ground floor', 'Open now', '06:30 - 22:30', TRUE),
    ('amenity_status_002', 'hotel_serena', 'Pool', 'Roof deck', 'Open now', '06:00 - 20:00', TRUE),
    ('amenity_status_003', 'hotel_radisson_blu', 'Business lounge', 'Top floor', 'Open now', '08:00 - 23:00', TRUE),
    ('amenity_status_004', 'hotel_four_points', 'Gym', 'Fitness floor', 'Open now', '05:30 - 22:00', TRUE),
    ('amenity_status_005', 'hotel_mille_collines', 'Tea room', 'Garden level', 'Open now', '10:00 - 21:00', TRUE),
    ('amenity_status_006', 'hotel_the_retreat', 'Spa', 'Wellness floor', 'Busy', '09:00 - 21:00', FALSE),
    ('amenity_status_007', 'hotel_park_inn', 'Restaurant', 'Ground floor', 'Open now', '06:30 - 22:30', TRUE),
    ('amenity_status_008', 'hotel_lemigo', 'Pool', 'Roof deck', 'Open now', '06:00 - 20:00', TRUE),
    ('amenity_status_009', 'hotel_urban_city', 'Business lounge', 'Top floor', 'Open now', '08:00 - 23:00', TRUE),
    ('amenity_status_010', 'hotel_gorillas_nest', 'Gym', 'Fitness floor', 'Open now', '05:30 - 22:00', TRUE),
    ('amenity_status_011', 'hotel_bisate', 'Tea room', 'Garden level', 'Open now', '10:00 - 21:00', TRUE),
    ('amenity_status_012', 'hotel_singita', 'Spa', 'Wellness floor', 'Busy', '09:00 - 21:00', FALSE),
    ('amenity_status_013', 'hotel_ingagi', 'Restaurant', 'Ground floor', 'Open now', '06:30 - 22:30', TRUE),
    ('amenity_status_014', 'hotel_kivu_serena', 'Pool', 'Roof deck', 'Open now', '06:00 - 20:00', TRUE),
    ('amenity_status_015', 'hotel_cormoran', 'Business lounge', 'Top floor', 'Open now', '08:00 - 23:00', TRUE),
    ('amenity_status_016', 'hotel_palm_beach', 'Gym', 'Fitness floor', 'Open now', '05:30 - 22:00', TRUE),
    ('amenity_status_017', 'hotel_moriah_hill', 'Tea room', 'Garden level', 'Open now', '10:00 - 21:00', TRUE),
    ('amenity_status_018', 'hotel_hill_view', 'Spa', 'Wellness floor', 'Busy', '09:00 - 21:00', FALSE),
    ('amenity_status_019', 'hotel_kitabi', 'Restaurant', 'Ground floor', 'Open now', '06:30 - 22:30', TRUE),
    ('amenity_status_020', 'hotel_akagera', 'Pool', 'Roof deck', 'Open now', '06:00 - 20:00', TRUE),
    ('amenity_status_021', 'hotel_demo_001', 'Business lounge', 'Top floor', 'Open now', '08:00 - 23:00', TRUE),
    ('amenity_status_022', 'hotel_demo_002', 'Gym', 'Fitness floor', 'Open now', '05:30 - 22:00', TRUE),
    ('amenity_status_023', 'hotel_demo_003', 'Tea room', 'Garden level', 'Open now', '10:00 - 21:00', TRUE),
    ('amenity_status_024', 'hotel_demo_004', 'Spa', 'Wellness floor', 'Busy', '09:00 - 21:00', FALSE),
    ('amenity_status_025', 'hotel_demo_005', 'Restaurant', 'Ground floor', 'Open now', '06:30 - 22:30', TRUE),
    ('amenity_status_026', 'hotel_demo_006', 'Pool', 'Roof deck', 'Open now', '06:00 - 20:00', TRUE),
    ('amenity_status_027', 'hotel_demo_007', 'Business lounge', 'Top floor', 'Open now', '08:00 - 23:00', TRUE),
    ('amenity_status_028', 'hotel_demo_008', 'Gym', 'Fitness floor', 'Open now', '05:30 - 22:00', TRUE),
    ('amenity_status_029', 'hotel_demo_009', 'Tea room', 'Garden level', 'Open now', '10:00 - 21:00', TRUE),
    ('amenity_status_030', 'hotel_demo_010', 'Spa', 'Wellness floor', 'Busy', '09:00 - 21:00', FALSE),
    ('amenity_status_031', 'hotel_demo_011', 'Restaurant', 'Ground floor', 'Open now', '06:30 - 22:30', TRUE),
    ('amenity_status_032', 'hotel_demo_012', 'Pool', 'Roof deck', 'Open now', '06:00 - 20:00', TRUE),
    ('amenity_status_033', 'hotel_demo_013', 'Business lounge', 'Top floor', 'Open now', '08:00 - 23:00', TRUE),
    ('amenity_status_034', 'hotel_demo_014', 'Gym', 'Fitness floor', 'Open now', '05:30 - 22:00', TRUE),
    ('amenity_status_035', 'hotel_demo_015', 'Tea room', 'Garden level', 'Open now', '10:00 - 21:00', TRUE),
    ('amenity_status_036', 'hotel_demo_016', 'Spa', 'Wellness floor', 'Busy', '09:00 - 21:00', FALSE),
    ('amenity_status_037', 'hotel_demo_017', 'Restaurant', 'Ground floor', 'Open now', '06:30 - 22:30', TRUE),
    ('amenity_status_038', 'hotel_demo_018', 'Pool', 'Roof deck', 'Open now', '06:00 - 20:00', TRUE),
    ('amenity_status_039', 'hotel_demo_019', 'Business lounge', 'Top floor', 'Open now', '08:00 - 23:00', TRUE),
    ('amenity_status_040', 'hotel_demo_020', 'Gym', 'Fitness floor', 'Open now', '05:30 - 22:00', TRUE),
    ('amenity_status_041', 'hotel_demo_021', 'Tea room', 'Garden level', 'Open now', '10:00 - 21:00', TRUE),
    ('amenity_status_042', 'hotel_demo_022', 'Spa', 'Wellness floor', 'Busy', '09:00 - 21:00', FALSE),
    ('amenity_status_043', 'hotel_demo_023', 'Restaurant', 'Ground floor', 'Open now', '06:30 - 22:30', TRUE),
    ('amenity_status_044', 'hotel_demo_024', 'Pool', 'Roof deck', 'Open now', '06:00 - 20:00', TRUE),
    ('amenity_status_045', 'hotel_demo_025', 'Business lounge', 'Top floor', 'Open now', '08:00 - 23:00', TRUE),
    ('amenity_status_046', 'hotel_demo_026', 'Gym', 'Fitness floor', 'Open now', '05:30 - 22:00', TRUE),
    ('amenity_status_047', 'hotel_demo_027', 'Tea room', 'Garden level', 'Open now', '10:00 - 21:00', TRUE),
    ('amenity_status_048', 'hotel_demo_028', 'Spa', 'Wellness floor', 'Busy', '09:00 - 21:00', FALSE),
    ('amenity_status_049', 'hotel_demo_029', 'Restaurant', 'Ground floor', 'Open now', '06:30 - 22:30', TRUE),
    ('amenity_status_050', 'hotel_demo_030', 'Pool', 'Roof deck', 'Open now', '06:00 - 20:00', TRUE),
    ('amenity_status_051', 'hotel_demo_031', 'Business lounge', 'Top floor', 'Open now', '08:00 - 23:00', TRUE),
    ('amenity_status_052', 'hotel_demo_032', 'Gym', 'Fitness floor', 'Open now', '05:30 - 22:00', TRUE),
    ('amenity_status_053', 'hotel_demo_033', 'Tea room', 'Garden level', 'Open now', '10:00 - 21:00', TRUE),
    ('amenity_status_054', 'hotel_demo_034', 'Spa', 'Wellness floor', 'Busy', '09:00 - 21:00', FALSE),
    ('amenity_status_055', 'hotel_demo_035', 'Restaurant', 'Ground floor', 'Open now', '06:30 - 22:30', TRUE),
    ('amenity_status_056', 'hotel_demo_036', 'Pool', 'Roof deck', 'Open now', '06:00 - 20:00', TRUE),
    ('amenity_status_057', 'hotel_demo_037', 'Business lounge', 'Top floor', 'Open now', '08:00 - 23:00', TRUE),
    ('amenity_status_058', 'hotel_demo_038', 'Gym', 'Fitness floor', 'Open now', '05:30 - 22:00', TRUE),
    ('amenity_status_059', 'hotel_demo_039', 'Tea room', 'Garden level', 'Open now', '10:00 - 21:00', TRUE),
    ('amenity_status_060', 'hotel_demo_040', 'Spa', 'Wellness floor', 'Busy', '09:00 - 21:00', FALSE),
    ('amenity_status_061', 'hotel_demo_041', 'Restaurant', 'Ground floor', 'Open now', '06:30 - 22:30', TRUE),
    ('amenity_status_062', 'hotel_demo_042', 'Pool', 'Roof deck', 'Open now', '06:00 - 20:00', TRUE),
    ('amenity_status_063', 'hotel_demo_043', 'Business lounge', 'Top floor', 'Open now', '08:00 - 23:00', TRUE),
    ('amenity_status_064', 'hotel_demo_044', 'Gym', 'Fitness floor', 'Open now', '05:30 - 22:00', TRUE),
    ('amenity_status_065', 'hotel_demo_045', 'Tea room', 'Garden level', 'Open now', '10:00 - 21:00', TRUE),
    ('amenity_status_066', 'hotel_demo_046', 'Spa', 'Wellness floor', 'Busy', '09:00 - 21:00', FALSE),
    ('amenity_status_067', 'hotel_demo_047', 'Restaurant', 'Ground floor', 'Open now', '06:30 - 22:30', TRUE),
    ('amenity_status_068', 'hotel_demo_048', 'Pool', 'Roof deck', 'Open now', '06:00 - 20:00', TRUE),
    ('amenity_status_069', 'hotel_demo_049', 'Business lounge', 'Top floor', 'Open now', '08:00 - 23:00', TRUE),
    ('amenity_status_070', 'hotel_demo_050', 'Gym', 'Fitness floor', 'Open now', '05:30 - 22:00', TRUE),
    ('amenity_status_071', 'hotel_demo_051', 'Tea room', 'Garden level', 'Open now', '10:00 - 21:00', TRUE),
    ('amenity_status_072', 'hotel_demo_052', 'Spa', 'Wellness floor', 'Busy', '09:00 - 21:00', FALSE),
    ('amenity_status_073', 'hotel_demo_053', 'Restaurant', 'Ground floor', 'Open now', '06:30 - 22:30', TRUE),
    ('amenity_status_074', 'hotel_demo_054', 'Pool', 'Roof deck', 'Open now', '06:00 - 20:00', TRUE),
    ('amenity_status_075', 'hotel_demo_055', 'Business lounge', 'Top floor', 'Open now', '08:00 - 23:00', TRUE),
    ('amenity_status_076', 'hotel_demo_056', 'Gym', 'Fitness floor', 'Open now', '05:30 - 22:00', TRUE),
    ('amenity_status_077', 'hotel_demo_057', 'Tea room', 'Garden level', 'Open now', '10:00 - 21:00', TRUE),
    ('amenity_status_078', 'hotel_demo_058', 'Spa', 'Wellness floor', 'Busy', '09:00 - 21:00', FALSE),
    ('amenity_status_079', 'hotel_demo_059', 'Restaurant', 'Ground floor', 'Open now', '06:30 - 22:30', TRUE),
    ('amenity_status_080', 'hotel_demo_060', 'Pool', 'Roof deck', 'Open now', '06:00 - 20:00', TRUE),
    ('amenity_status_081', 'hotel_demo_061', 'Business lounge', 'Top floor', 'Open now', '08:00 - 23:00', TRUE),
    ('amenity_status_082', 'hotel_demo_062', 'Gym', 'Fitness floor', 'Open now', '05:30 - 22:00', TRUE),
    ('amenity_status_083', 'hotel_demo_063', 'Tea room', 'Garden level', 'Open now', '10:00 - 21:00', TRUE),
    ('amenity_status_084', 'hotel_demo_064', 'Spa', 'Wellness floor', 'Busy', '09:00 - 21:00', FALSE),
    ('amenity_status_085', 'hotel_demo_065', 'Restaurant', 'Ground floor', 'Open now', '06:30 - 22:30', TRUE),
    ('amenity_status_086', 'hotel_demo_066', 'Pool', 'Roof deck', 'Open now', '06:00 - 20:00', TRUE),
    ('amenity_status_087', 'hotel_demo_067', 'Business lounge', 'Top floor', 'Open now', '08:00 - 23:00', TRUE),
    ('amenity_status_088', 'hotel_demo_068', 'Gym', 'Fitness floor', 'Open now', '05:30 - 22:00', TRUE),
    ('amenity_status_089', 'hotel_demo_069', 'Tea room', 'Garden level', 'Open now', '10:00 - 21:00', TRUE),
    ('amenity_status_090', 'hotel_demo_070', 'Spa', 'Wellness floor', 'Busy', '09:00 - 21:00', FALSE),
    ('amenity_status_091', 'hotel_demo_071', 'Restaurant', 'Ground floor', 'Open now', '06:30 - 22:30', TRUE),
    ('amenity_status_092', 'hotel_demo_072', 'Pool', 'Roof deck', 'Open now', '06:00 - 20:00', TRUE),
    ('amenity_status_093', 'hotel_demo_073', 'Business lounge', 'Top floor', 'Open now', '08:00 - 23:00', TRUE),
    ('amenity_status_094', 'hotel_demo_074', 'Gym', 'Fitness floor', 'Open now', '05:30 - 22:00', TRUE),
    ('amenity_status_095', 'hotel_demo_075', 'Tea room', 'Garden level', 'Open now', '10:00 - 21:00', TRUE),
    ('amenity_status_096', 'hotel_demo_076', 'Spa', 'Wellness floor', 'Busy', '09:00 - 21:00', FALSE),
    ('amenity_status_097', 'hotel_demo_077', 'Restaurant', 'Ground floor', 'Open now', '06:30 - 22:30', TRUE),
    ('amenity_status_098', 'hotel_demo_078', 'Pool', 'Roof deck', 'Open now', '06:00 - 20:00', TRUE),
    ('amenity_status_099', 'hotel_demo_079', 'Business lounge', 'Top floor', 'Open now', '08:00 - 23:00', TRUE),
    ('amenity_status_100', 'hotel_demo_080', 'Gym', 'Fitness floor', 'Open now', '05:30 - 22:00', TRUE);

INSERT INTO maps (id, hotel_id, name, source_format) VALUES
    ('temporary-svg-venue', 'rw-kgl-marriott', 'Temporary SVG Venue Map', 'SVG'),
    ('map_rw-kgl-marriott', 'rw-kgl-marriott', 'Kigali Marriott Venue Map', 'SVG'),
    ('map_hotel_serena', 'hotel_serena', 'Kigali Serena Hotel Venue Map', 'SVG'),
    ('map_hotel_radisson_blu', 'hotel_radisson_blu', 'Radisson Blu Hotel & Convention Centre, Kigali Venue Map', 'SVG'),
    ('map_hotel_four_points', 'hotel_four_points', 'Four Points by Sheraton Kigali Venue Map', 'SVG'),
    ('map_hotel_mille_collines', 'hotel_mille_collines', 'Hôtel des Mille Collines Venue Map', 'SVG'),
    ('map_hotel_the_retreat', 'hotel_the_retreat', 'The Retreat by Heaven Venue Map', 'SVG'),
    ('map_hotel_park_inn', 'hotel_park_inn', 'Park Inn by Radisson Kigali Venue Map', 'SVG'),
    ('map_hotel_lemigo', 'hotel_lemigo', 'Lemigo Hotel Venue Map', 'SVG'),
    ('map_hotel_urban_city', 'hotel_urban_city', 'Urban by CityBlue Kigali Venue Map', 'SVG'),
    ('map_hotel_gorillas_nest', 'hotel_gorillas_nest', 'One&Only Gorillas Nest Venue Map', 'SVG'),
    ('map_hotel_bisate', 'hotel_bisate', 'Bisate Lodge Venue Map', 'SVG'),
    ('map_hotel_singita', 'hotel_singita', 'Singita Kwitonda Lodge Venue Map', 'SVG'),
    ('map_hotel_ingagi', 'hotel_ingagi', 'Ingagi Park View Lodge Venue Map', 'SVG'),
    ('map_hotel_kivu_serena', 'hotel_kivu_serena', 'Kivu Serena Hotel Venue Map', 'SVG'),
    ('map_hotel_cormoran', 'hotel_cormoran', 'Cormoran Lodge Venue Map', 'SVG'),
    ('map_hotel_palm_beach', 'hotel_palm_beach', 'Palm Beach Resort Venue Map', 'SVG'),
    ('map_hotel_moriah_hill', 'hotel_moriah_hill', 'Moriah Hill Resort Venue Map', 'SVG'),
    ('map_hotel_hill_view', 'hotel_hill_view', 'Huye Hill View Hotel Venue Map', 'SVG'),
    ('map_hotel_kitabi', 'hotel_kitabi', 'Kitabi EcoCenter Venue Map', 'SVG'),
    ('map_hotel_akagera', 'hotel_akagera', 'Akagera Transit Lodge Venue Map', 'SVG'),
    ('map_hotel_demo_001', 'hotel_demo_001', 'Virunga Heights Hotel Venue Map', 'SVG'),
    ('map_hotel_demo_002', 'hotel_demo_002', 'Virunga Grand Retreat Venue Map', 'SVG'),
    ('map_hotel_demo_003', 'hotel_demo_003', 'Virunga Suites & Spa Venue Map', 'SVG'),
    ('map_hotel_demo_004', 'hotel_demo_004', 'Virunga Conference Lodge Venue Map', 'SVG'),
    ('map_hotel_demo_005', 'hotel_demo_005', 'Virunga Garden Residence Venue Map', 'SVG'),
    ('map_hotel_demo_006', 'hotel_demo_006', 'Virunga Panorama Hotel Venue Map', 'SVG'),
    ('map_hotel_demo_007', 'hotel_demo_007', 'Virunga Boutique Stay Venue Map', 'SVG'),
    ('map_hotel_demo_008', 'hotel_demo_008', 'Virunga Lake View Resort Venue Map', 'SVG'),
    ('map_hotel_demo_009', 'hotel_demo_009', 'Virunga Hilltop Manor Venue Map', 'SVG'),
    ('map_hotel_demo_010', 'hotel_demo_010', 'Virunga Executive Inn Venue Map', 'SVG'),
    ('map_hotel_demo_011', 'hotel_demo_011', 'Ubumwe Heights Hotel Venue Map', 'SVG'),
    ('map_hotel_demo_012', 'hotel_demo_012', 'Ubumwe Grand Retreat Venue Map', 'SVG'),
    ('map_hotel_demo_013', 'hotel_demo_013', 'Ubumwe Suites & Spa Venue Map', 'SVG'),
    ('map_hotel_demo_014', 'hotel_demo_014', 'Ubumwe Conference Lodge Venue Map', 'SVG'),
    ('map_hotel_demo_015', 'hotel_demo_015', 'Ubumwe Garden Residence Venue Map', 'SVG'),
    ('map_hotel_demo_016', 'hotel_demo_016', 'Ubumwe Panorama Hotel Venue Map', 'SVG'),
    ('map_hotel_demo_017', 'hotel_demo_017', 'Ubumwe Boutique Stay Venue Map', 'SVG'),
    ('map_hotel_demo_018', 'hotel_demo_018', 'Ubumwe Lake View Resort Venue Map', 'SVG'),
    ('map_hotel_demo_019', 'hotel_demo_019', 'Ubumwe Hilltop Manor Venue Map', 'SVG'),
    ('map_hotel_demo_020', 'hotel_demo_020', 'Ubumwe Executive Inn Venue Map', 'SVG'),
    ('map_hotel_demo_021', 'hotel_demo_021', 'Imigongo Heights Hotel Venue Map', 'SVG'),
    ('map_hotel_demo_022', 'hotel_demo_022', 'Imigongo Grand Retreat Venue Map', 'SVG'),
    ('map_hotel_demo_023', 'hotel_demo_023', 'Imigongo Suites & Spa Venue Map', 'SVG'),
    ('map_hotel_demo_024', 'hotel_demo_024', 'Imigongo Conference Lodge Venue Map', 'SVG'),
    ('map_hotel_demo_025', 'hotel_demo_025', 'Imigongo Garden Residence Venue Map', 'SVG'),
    ('map_hotel_demo_026', 'hotel_demo_026', 'Imigongo Panorama Hotel Venue Map', 'SVG'),
    ('map_hotel_demo_027', 'hotel_demo_027', 'Imigongo Boutique Stay Venue Map', 'SVG'),
    ('map_hotel_demo_028', 'hotel_demo_028', 'Imigongo Lake View Resort Venue Map', 'SVG'),
    ('map_hotel_demo_029', 'hotel_demo_029', 'Imigongo Hilltop Manor Venue Map', 'SVG'),
    ('map_hotel_demo_030', 'hotel_demo_030', 'Imigongo Executive Inn Venue Map', 'SVG'),
    ('map_hotel_demo_031', 'hotel_demo_031', 'Akagera Heights Hotel Venue Map', 'SVG'),
    ('map_hotel_demo_032', 'hotel_demo_032', 'Akagera Grand Retreat Venue Map', 'SVG'),
    ('map_hotel_demo_033', 'hotel_demo_033', 'Akagera Suites & Spa Venue Map', 'SVG'),
    ('map_hotel_demo_034', 'hotel_demo_034', 'Akagera Conference Lodge Venue Map', 'SVG'),
    ('map_hotel_demo_035', 'hotel_demo_035', 'Akagera Garden Residence Venue Map', 'SVG'),
    ('map_hotel_demo_036', 'hotel_demo_036', 'Akagera Panorama Hotel Venue Map', 'SVG'),
    ('map_hotel_demo_037', 'hotel_demo_037', 'Akagera Boutique Stay Venue Map', 'SVG'),
    ('map_hotel_demo_038', 'hotel_demo_038', 'Akagera Lake View Resort Venue Map', 'SVG'),
    ('map_hotel_demo_039', 'hotel_demo_039', 'Akagera Hilltop Manor Venue Map', 'SVG'),
    ('map_hotel_demo_040', 'hotel_demo_040', 'Akagera Executive Inn Venue Map', 'SVG'),
    ('map_hotel_demo_041', 'hotel_demo_041', 'Inzovu Heights Hotel Venue Map', 'SVG'),
    ('map_hotel_demo_042', 'hotel_demo_042', 'Inzovu Grand Retreat Venue Map', 'SVG'),
    ('map_hotel_demo_043', 'hotel_demo_043', 'Inzovu Suites & Spa Venue Map', 'SVG'),
    ('map_hotel_demo_044', 'hotel_demo_044', 'Inzovu Conference Lodge Venue Map', 'SVG'),
    ('map_hotel_demo_045', 'hotel_demo_045', 'Inzovu Garden Residence Venue Map', 'SVG'),
    ('map_hotel_demo_046', 'hotel_demo_046', 'Inzovu Panorama Hotel Venue Map', 'SVG'),
    ('map_hotel_demo_047', 'hotel_demo_047', 'Inzovu Boutique Stay Venue Map', 'SVG'),
    ('map_hotel_demo_048', 'hotel_demo_048', 'Inzovu Lake View Resort Venue Map', 'SVG'),
    ('map_hotel_demo_049', 'hotel_demo_049', 'Inzovu Hilltop Manor Venue Map', 'SVG'),
    ('map_hotel_demo_050', 'hotel_demo_050', 'Inzovu Executive Inn Venue Map', 'SVG'),
    ('map_hotel_demo_051', 'hotel_demo_051', 'Nyungwe Heights Hotel Venue Map', 'SVG'),
    ('map_hotel_demo_052', 'hotel_demo_052', 'Nyungwe Grand Retreat Venue Map', 'SVG'),
    ('map_hotel_demo_053', 'hotel_demo_053', 'Nyungwe Suites & Spa Venue Map', 'SVG'),
    ('map_hotel_demo_054', 'hotel_demo_054', 'Nyungwe Conference Lodge Venue Map', 'SVG'),
    ('map_hotel_demo_055', 'hotel_demo_055', 'Nyungwe Garden Residence Venue Map', 'SVG'),
    ('map_hotel_demo_056', 'hotel_demo_056', 'Nyungwe Panorama Hotel Venue Map', 'SVG'),
    ('map_hotel_demo_057', 'hotel_demo_057', 'Nyungwe Boutique Stay Venue Map', 'SVG'),
    ('map_hotel_demo_058', 'hotel_demo_058', 'Nyungwe Lake View Resort Venue Map', 'SVG'),
    ('map_hotel_demo_059', 'hotel_demo_059', 'Nyungwe Hilltop Manor Venue Map', 'SVG'),
    ('map_hotel_demo_060', 'hotel_demo_060', 'Nyungwe Executive Inn Venue Map', 'SVG'),
    ('map_hotel_demo_061', 'hotel_demo_061', 'Kivu Heights Hotel Venue Map', 'SVG'),
    ('map_hotel_demo_062', 'hotel_demo_062', 'Kivu Grand Retreat Venue Map', 'SVG'),
    ('map_hotel_demo_063', 'hotel_demo_063', 'Kivu Suites & Spa Venue Map', 'SVG'),
    ('map_hotel_demo_064', 'hotel_demo_064', 'Kivu Conference Lodge Venue Map', 'SVG'),
    ('map_hotel_demo_065', 'hotel_demo_065', 'Kivu Garden Residence Venue Map', 'SVG'),
    ('map_hotel_demo_066', 'hotel_demo_066', 'Kivu Panorama Hotel Venue Map', 'SVG'),
    ('map_hotel_demo_067', 'hotel_demo_067', 'Kivu Boutique Stay Venue Map', 'SVG'),
    ('map_hotel_demo_068', 'hotel_demo_068', 'Kivu Lake View Resort Venue Map', 'SVG'),
    ('map_hotel_demo_069', 'hotel_demo_069', 'Kivu Hilltop Manor Venue Map', 'SVG'),
    ('map_hotel_demo_070', 'hotel_demo_070', 'Kivu Executive Inn Venue Map', 'SVG'),
    ('map_hotel_demo_071', 'hotel_demo_071', 'Milles Collines Heights Hotel Venue Map', 'SVG'),
    ('map_hotel_demo_072', 'hotel_demo_072', 'Milles Collines Grand Retreat Venue Map', 'SVG'),
    ('map_hotel_demo_073', 'hotel_demo_073', 'Milles Collines Suites & Spa Venue Map', 'SVG'),
    ('map_hotel_demo_074', 'hotel_demo_074', 'Milles Collines Conference Lodge Venue Map', 'SVG'),
    ('map_hotel_demo_075', 'hotel_demo_075', 'Milles Collines Garden Residence Venue Map', 'SVG'),
    ('map_hotel_demo_076', 'hotel_demo_076', 'Milles Collines Panorama Hotel Venue Map', 'SVG'),
    ('map_hotel_demo_077', 'hotel_demo_077', 'Milles Collines Boutique Stay Venue Map', 'SVG'),
    ('map_hotel_demo_078', 'hotel_demo_078', 'Milles Collines Lake View Resort Venue Map', 'SVG'),
    ('map_hotel_demo_079', 'hotel_demo_079', 'Milles Collines Hilltop Manor Venue Map', 'SVG'),
    ('map_hotel_demo_080', 'hotel_demo_080', 'Milles Collines Executive Inn Venue Map', 'SVG');

INSERT INTO map_floors (id, map_id, label, level_index, width, height) VALUES
    ('l1', 'temporary-svg-venue', 'Ground floor', 0, 1200.0, 1200.0),
    ('l9', 'temporary-svg-venue', 'First floor', 1, 1200.0, 1200.0),
    ('floor_a_001', 'map_rw-kgl-marriott', 'Arrival floor', 0, 1400.0, 1000.0),
    ('floor_b_001', 'map_rw-kgl-marriott', 'Event floor', 1, 1400.0, 1000.0),
    ('floor_a_002', 'map_hotel_serena', 'Arrival floor', 0, 1400.0, 1000.0),
    ('floor_b_002', 'map_hotel_serena', 'Event floor', 1, 1400.0, 1000.0),
    ('floor_a_003', 'map_hotel_radisson_blu', 'Arrival floor', 0, 1400.0, 1000.0),
    ('floor_b_003', 'map_hotel_radisson_blu', 'Event floor', 1, 1400.0, 1000.0),
    ('floor_a_004', 'map_hotel_four_points', 'Arrival floor', 0, 1400.0, 1000.0),
    ('floor_b_004', 'map_hotel_four_points', 'Event floor', 1, 1400.0, 1000.0),
    ('floor_a_005', 'map_hotel_mille_collines', 'Arrival floor', 0, 1400.0, 1000.0),
    ('floor_b_005', 'map_hotel_mille_collines', 'Event floor', 1, 1400.0, 1000.0),
    ('floor_a_006', 'map_hotel_the_retreat', 'Arrival floor', 0, 1400.0, 1000.0),
    ('floor_b_006', 'map_hotel_the_retreat', 'Event floor', 1, 1400.0, 1000.0),
    ('floor_a_007', 'map_hotel_park_inn', 'Arrival floor', 0, 1400.0, 1000.0),
    ('floor_b_007', 'map_hotel_park_inn', 'Event floor', 1, 1400.0, 1000.0),
    ('floor_a_008', 'map_hotel_lemigo', 'Arrival floor', 0, 1400.0, 1000.0),
    ('floor_b_008', 'map_hotel_lemigo', 'Event floor', 1, 1400.0, 1000.0),
    ('floor_a_009', 'map_hotel_urban_city', 'Arrival floor', 0, 1400.0, 1000.0),
    ('floor_b_009', 'map_hotel_urban_city', 'Event floor', 1, 1400.0, 1000.0),
    ('floor_a_010', 'map_hotel_gorillas_nest', 'Arrival floor', 0, 1400.0, 1000.0),
    ('floor_b_010', 'map_hotel_gorillas_nest', 'Event floor', 1, 1400.0, 1000.0),
    ('floor_a_011', 'map_hotel_bisate', 'Arrival floor', 0, 1400.0, 1000.0),
    ('floor_b_011', 'map_hotel_bisate', 'Event floor', 1, 1400.0, 1000.0),
    ('floor_a_012', 'map_hotel_singita', 'Arrival floor', 0, 1400.0, 1000.0),
    ('floor_b_012', 'map_hotel_singita', 'Event floor', 1, 1400.0, 1000.0),
    ('floor_a_013', 'map_hotel_ingagi', 'Arrival floor', 0, 1400.0, 1000.0),
    ('floor_b_013', 'map_hotel_ingagi', 'Event floor', 1, 1400.0, 1000.0),
    ('floor_a_014', 'map_hotel_kivu_serena', 'Arrival floor', 0, 1400.0, 1000.0),
    ('floor_b_014', 'map_hotel_kivu_serena', 'Event floor', 1, 1400.0, 1000.0),
    ('floor_a_015', 'map_hotel_cormoran', 'Arrival floor', 0, 1400.0, 1000.0),
    ('floor_b_015', 'map_hotel_cormoran', 'Event floor', 1, 1400.0, 1000.0),
    ('floor_a_016', 'map_hotel_palm_beach', 'Arrival floor', 0, 1400.0, 1000.0),
    ('floor_b_016', 'map_hotel_palm_beach', 'Event floor', 1, 1400.0, 1000.0),
    ('floor_a_017', 'map_hotel_moriah_hill', 'Arrival floor', 0, 1400.0, 1000.0),
    ('floor_b_017', 'map_hotel_moriah_hill', 'Event floor', 1, 1400.0, 1000.0),
    ('floor_a_018', 'map_hotel_hill_view', 'Arrival floor', 0, 1400.0, 1000.0),
    ('floor_b_018', 'map_hotel_hill_view', 'Event floor', 1, 1400.0, 1000.0),
    ('floor_a_019', 'map_hotel_kitabi', 'Arrival floor', 0, 1400.0, 1000.0),
    ('floor_b_019', 'map_hotel_kitabi', 'Event floor', 1, 1400.0, 1000.0),
    ('floor_a_020', 'map_hotel_akagera', 'Arrival floor', 0, 1400.0, 1000.0),
    ('floor_b_020', 'map_hotel_akagera', 'Event floor', 1, 1400.0, 1000.0),
    ('floor_a_021', 'map_hotel_demo_001', 'Arrival floor', 0, 1400.0, 1000.0),
    ('floor_b_021', 'map_hotel_demo_001', 'Event floor', 1, 1400.0, 1000.0),
    ('floor_a_022', 'map_hotel_demo_002', 'Arrival floor', 0, 1400.0, 1000.0),
    ('floor_b_022', 'map_hotel_demo_002', 'Event floor', 1, 1400.0, 1000.0),
    ('floor_a_023', 'map_hotel_demo_003', 'Arrival floor', 0, 1400.0, 1000.0),
    ('floor_b_023', 'map_hotel_demo_003', 'Event floor', 1, 1400.0, 1000.0),
    ('floor_a_024', 'map_hotel_demo_004', 'Arrival floor', 0, 1400.0, 1000.0),
    ('floor_b_024', 'map_hotel_demo_004', 'Event floor', 1, 1400.0, 1000.0),
    ('floor_a_025', 'map_hotel_demo_005', 'Arrival floor', 0, 1400.0, 1000.0),
    ('floor_b_025', 'map_hotel_demo_005', 'Event floor', 1, 1400.0, 1000.0),
    ('floor_a_026', 'map_hotel_demo_006', 'Arrival floor', 0, 1400.0, 1000.0),
    ('floor_b_026', 'map_hotel_demo_006', 'Event floor', 1, 1400.0, 1000.0),
    ('floor_a_027', 'map_hotel_demo_007', 'Arrival floor', 0, 1400.0, 1000.0),
    ('floor_b_027', 'map_hotel_demo_007', 'Event floor', 1, 1400.0, 1000.0),
    ('floor_a_028', 'map_hotel_demo_008', 'Arrival floor', 0, 1400.0, 1000.0),
    ('floor_b_028', 'map_hotel_demo_008', 'Event floor', 1, 1400.0, 1000.0),
    ('floor_a_029', 'map_hotel_demo_009', 'Arrival floor', 0, 1400.0, 1000.0),
    ('floor_b_029', 'map_hotel_demo_009', 'Event floor', 1, 1400.0, 1000.0),
    ('floor_a_030', 'map_hotel_demo_010', 'Arrival floor', 0, 1400.0, 1000.0),
    ('floor_b_030', 'map_hotel_demo_010', 'Event floor', 1, 1400.0, 1000.0),
    ('floor_a_031', 'map_hotel_demo_011', 'Arrival floor', 0, 1400.0, 1000.0),
    ('floor_b_031', 'map_hotel_demo_011', 'Event floor', 1, 1400.0, 1000.0),
    ('floor_a_032', 'map_hotel_demo_012', 'Arrival floor', 0, 1400.0, 1000.0),
    ('floor_b_032', 'map_hotel_demo_012', 'Event floor', 1, 1400.0, 1000.0),
    ('floor_a_033', 'map_hotel_demo_013', 'Arrival floor', 0, 1400.0, 1000.0),
    ('floor_b_033', 'map_hotel_demo_013', 'Event floor', 1, 1400.0, 1000.0),
    ('floor_a_034', 'map_hotel_demo_014', 'Arrival floor', 0, 1400.0, 1000.0),
    ('floor_b_034', 'map_hotel_demo_014', 'Event floor', 1, 1400.0, 1000.0),
    ('floor_a_035', 'map_hotel_demo_015', 'Arrival floor', 0, 1400.0, 1000.0),
    ('floor_b_035', 'map_hotel_demo_015', 'Event floor', 1, 1400.0, 1000.0),
    ('floor_a_036', 'map_hotel_demo_016', 'Arrival floor', 0, 1400.0, 1000.0),
    ('floor_b_036', 'map_hotel_demo_016', 'Event floor', 1, 1400.0, 1000.0),
    ('floor_a_037', 'map_hotel_demo_017', 'Arrival floor', 0, 1400.0, 1000.0),
    ('floor_b_037', 'map_hotel_demo_017', 'Event floor', 1, 1400.0, 1000.0),
    ('floor_a_038', 'map_hotel_demo_018', 'Arrival floor', 0, 1400.0, 1000.0),
    ('floor_b_038', 'map_hotel_demo_018', 'Event floor', 1, 1400.0, 1000.0),
    ('floor_a_039', 'map_hotel_demo_019', 'Arrival floor', 0, 1400.0, 1000.0),
    ('floor_b_039', 'map_hotel_demo_019', 'Event floor', 1, 1400.0, 1000.0),
    ('floor_a_040', 'map_hotel_demo_020', 'Arrival floor', 0, 1400.0, 1000.0),
    ('floor_b_040', 'map_hotel_demo_020', 'Event floor', 1, 1400.0, 1000.0),
    ('floor_a_041', 'map_hotel_demo_021', 'Arrival floor', 0, 1400.0, 1000.0),
    ('floor_b_041', 'map_hotel_demo_021', 'Event floor', 1, 1400.0, 1000.0),
    ('floor_a_042', 'map_hotel_demo_022', 'Arrival floor', 0, 1400.0, 1000.0),
    ('floor_b_042', 'map_hotel_demo_022', 'Event floor', 1, 1400.0, 1000.0),
    ('floor_a_043', 'map_hotel_demo_023', 'Arrival floor', 0, 1400.0, 1000.0),
    ('floor_b_043', 'map_hotel_demo_023', 'Event floor', 1, 1400.0, 1000.0),
    ('floor_a_044', 'map_hotel_demo_024', 'Arrival floor', 0, 1400.0, 1000.0),
    ('floor_b_044', 'map_hotel_demo_024', 'Event floor', 1, 1400.0, 1000.0),
    ('floor_a_045', 'map_hotel_demo_025', 'Arrival floor', 0, 1400.0, 1000.0),
    ('floor_b_045', 'map_hotel_demo_025', 'Event floor', 1, 1400.0, 1000.0),
    ('floor_a_046', 'map_hotel_demo_026', 'Arrival floor', 0, 1400.0, 1000.0),
    ('floor_b_046', 'map_hotel_demo_026', 'Event floor', 1, 1400.0, 1000.0),
    ('floor_a_047', 'map_hotel_demo_027', 'Arrival floor', 0, 1400.0, 1000.0),
    ('floor_b_047', 'map_hotel_demo_027', 'Event floor', 1, 1400.0, 1000.0),
    ('floor_a_048', 'map_hotel_demo_028', 'Arrival floor', 0, 1400.0, 1000.0),
    ('floor_b_048', 'map_hotel_demo_028', 'Event floor', 1, 1400.0, 1000.0),
    ('floor_a_049', 'map_hotel_demo_029', 'Arrival floor', 0, 1400.0, 1000.0),
    ('floor_b_049', 'map_hotel_demo_029', 'Event floor', 1, 1400.0, 1000.0),
    ('floor_a_050', 'map_hotel_demo_030', 'Arrival floor', 0, 1400.0, 1000.0),
    ('floor_b_050', 'map_hotel_demo_030', 'Event floor', 1, 1400.0, 1000.0),
    ('floor_a_051', 'map_hotel_demo_031', 'Arrival floor', 0, 1400.0, 1000.0),
    ('floor_b_051', 'map_hotel_demo_031', 'Event floor', 1, 1400.0, 1000.0),
    ('floor_a_052', 'map_hotel_demo_032', 'Arrival floor', 0, 1400.0, 1000.0),
    ('floor_b_052', 'map_hotel_demo_032', 'Event floor', 1, 1400.0, 1000.0),
    ('floor_a_053', 'map_hotel_demo_033', 'Arrival floor', 0, 1400.0, 1000.0),
    ('floor_b_053', 'map_hotel_demo_033', 'Event floor', 1, 1400.0, 1000.0),
    ('floor_a_054', 'map_hotel_demo_034', 'Arrival floor', 0, 1400.0, 1000.0),
    ('floor_b_054', 'map_hotel_demo_034', 'Event floor', 1, 1400.0, 1000.0),
    ('floor_a_055', 'map_hotel_demo_035', 'Arrival floor', 0, 1400.0, 1000.0),
    ('floor_b_055', 'map_hotel_demo_035', 'Event floor', 1, 1400.0, 1000.0),
    ('floor_a_056', 'map_hotel_demo_036', 'Arrival floor', 0, 1400.0, 1000.0),
    ('floor_b_056', 'map_hotel_demo_036', 'Event floor', 1, 1400.0, 1000.0),
    ('floor_a_057', 'map_hotel_demo_037', 'Arrival floor', 0, 1400.0, 1000.0),
    ('floor_b_057', 'map_hotel_demo_037', 'Event floor', 1, 1400.0, 1000.0),
    ('floor_a_058', 'map_hotel_demo_038', 'Arrival floor', 0, 1400.0, 1000.0),
    ('floor_b_058', 'map_hotel_demo_038', 'Event floor', 1, 1400.0, 1000.0),
    ('floor_a_059', 'map_hotel_demo_039', 'Arrival floor', 0, 1400.0, 1000.0),
    ('floor_b_059', 'map_hotel_demo_039', 'Event floor', 1, 1400.0, 1000.0),
    ('floor_a_060', 'map_hotel_demo_040', 'Arrival floor', 0, 1400.0, 1000.0),
    ('floor_b_060', 'map_hotel_demo_040', 'Event floor', 1, 1400.0, 1000.0),
    ('floor_a_061', 'map_hotel_demo_041', 'Arrival floor', 0, 1400.0, 1000.0),
    ('floor_b_061', 'map_hotel_demo_041', 'Event floor', 1, 1400.0, 1000.0),
    ('floor_a_062', 'map_hotel_demo_042', 'Arrival floor', 0, 1400.0, 1000.0),
    ('floor_b_062', 'map_hotel_demo_042', 'Event floor', 1, 1400.0, 1000.0),
    ('floor_a_063', 'map_hotel_demo_043', 'Arrival floor', 0, 1400.0, 1000.0),
    ('floor_b_063', 'map_hotel_demo_043', 'Event floor', 1, 1400.0, 1000.0),
    ('floor_a_064', 'map_hotel_demo_044', 'Arrival floor', 0, 1400.0, 1000.0),
    ('floor_b_064', 'map_hotel_demo_044', 'Event floor', 1, 1400.0, 1000.0),
    ('floor_a_065', 'map_hotel_demo_045', 'Arrival floor', 0, 1400.0, 1000.0),
    ('floor_b_065', 'map_hotel_demo_045', 'Event floor', 1, 1400.0, 1000.0),
    ('floor_a_066', 'map_hotel_demo_046', 'Arrival floor', 0, 1400.0, 1000.0),
    ('floor_b_066', 'map_hotel_demo_046', 'Event floor', 1, 1400.0, 1000.0),
    ('floor_a_067', 'map_hotel_demo_047', 'Arrival floor', 0, 1400.0, 1000.0),
    ('floor_b_067', 'map_hotel_demo_047', 'Event floor', 1, 1400.0, 1000.0),
    ('floor_a_068', 'map_hotel_demo_048', 'Arrival floor', 0, 1400.0, 1000.0),
    ('floor_b_068', 'map_hotel_demo_048', 'Event floor', 1, 1400.0, 1000.0),
    ('floor_a_069', 'map_hotel_demo_049', 'Arrival floor', 0, 1400.0, 1000.0),
    ('floor_b_069', 'map_hotel_demo_049', 'Event floor', 1, 1400.0, 1000.0),
    ('floor_a_070', 'map_hotel_demo_050', 'Arrival floor', 0, 1400.0, 1000.0),
    ('floor_b_070', 'map_hotel_demo_050', 'Event floor', 1, 1400.0, 1000.0),
    ('floor_a_071', 'map_hotel_demo_051', 'Arrival floor', 0, 1400.0, 1000.0),
    ('floor_b_071', 'map_hotel_demo_051', 'Event floor', 1, 1400.0, 1000.0),
    ('floor_a_072', 'map_hotel_demo_052', 'Arrival floor', 0, 1400.0, 1000.0),
    ('floor_b_072', 'map_hotel_demo_052', 'Event floor', 1, 1400.0, 1000.0),
    ('floor_a_073', 'map_hotel_demo_053', 'Arrival floor', 0, 1400.0, 1000.0),
    ('floor_b_073', 'map_hotel_demo_053', 'Event floor', 1, 1400.0, 1000.0),
    ('floor_a_074', 'map_hotel_demo_054', 'Arrival floor', 0, 1400.0, 1000.0),
    ('floor_b_074', 'map_hotel_demo_054', 'Event floor', 1, 1400.0, 1000.0),
    ('floor_a_075', 'map_hotel_demo_055', 'Arrival floor', 0, 1400.0, 1000.0),
    ('floor_b_075', 'map_hotel_demo_055', 'Event floor', 1, 1400.0, 1000.0),
    ('floor_a_076', 'map_hotel_demo_056', 'Arrival floor', 0, 1400.0, 1000.0),
    ('floor_b_076', 'map_hotel_demo_056', 'Event floor', 1, 1400.0, 1000.0),
    ('floor_a_077', 'map_hotel_demo_057', 'Arrival floor', 0, 1400.0, 1000.0),
    ('floor_b_077', 'map_hotel_demo_057', 'Event floor', 1, 1400.0, 1000.0),
    ('floor_a_078', 'map_hotel_demo_058', 'Arrival floor', 0, 1400.0, 1000.0),
    ('floor_b_078', 'map_hotel_demo_058', 'Event floor', 1, 1400.0, 1000.0),
    ('floor_a_079', 'map_hotel_demo_059', 'Arrival floor', 0, 1400.0, 1000.0),
    ('floor_b_079', 'map_hotel_demo_059', 'Event floor', 1, 1400.0, 1000.0),
    ('floor_a_080', 'map_hotel_demo_060', 'Arrival floor', 0, 1400.0, 1000.0),
    ('floor_b_080', 'map_hotel_demo_060', 'Event floor', 1, 1400.0, 1000.0),
    ('floor_a_081', 'map_hotel_demo_061', 'Arrival floor', 0, 1400.0, 1000.0),
    ('floor_b_081', 'map_hotel_demo_061', 'Event floor', 1, 1400.0, 1000.0),
    ('floor_a_082', 'map_hotel_demo_062', 'Arrival floor', 0, 1400.0, 1000.0),
    ('floor_b_082', 'map_hotel_demo_062', 'Event floor', 1, 1400.0, 1000.0),
    ('floor_a_083', 'map_hotel_demo_063', 'Arrival floor', 0, 1400.0, 1000.0),
    ('floor_b_083', 'map_hotel_demo_063', 'Event floor', 1, 1400.0, 1000.0),
    ('floor_a_084', 'map_hotel_demo_064', 'Arrival floor', 0, 1400.0, 1000.0),
    ('floor_b_084', 'map_hotel_demo_064', 'Event floor', 1, 1400.0, 1000.0),
    ('floor_a_085', 'map_hotel_demo_065', 'Arrival floor', 0, 1400.0, 1000.0),
    ('floor_b_085', 'map_hotel_demo_065', 'Event floor', 1, 1400.0, 1000.0),
    ('floor_a_086', 'map_hotel_demo_066', 'Arrival floor', 0, 1400.0, 1000.0),
    ('floor_b_086', 'map_hotel_demo_066', 'Event floor', 1, 1400.0, 1000.0),
    ('floor_a_087', 'map_hotel_demo_067', 'Arrival floor', 0, 1400.0, 1000.0),
    ('floor_b_087', 'map_hotel_demo_067', 'Event floor', 1, 1400.0, 1000.0),
    ('floor_a_088', 'map_hotel_demo_068', 'Arrival floor', 0, 1400.0, 1000.0),
    ('floor_b_088', 'map_hotel_demo_068', 'Event floor', 1, 1400.0, 1000.0),
    ('floor_a_089', 'map_hotel_demo_069', 'Arrival floor', 0, 1400.0, 1000.0),
    ('floor_b_089', 'map_hotel_demo_069', 'Event floor', 1, 1400.0, 1000.0),
    ('floor_a_090', 'map_hotel_demo_070', 'Arrival floor', 0, 1400.0, 1000.0),
    ('floor_b_090', 'map_hotel_demo_070', 'Event floor', 1, 1400.0, 1000.0),
    ('floor_a_091', 'map_hotel_demo_071', 'Arrival floor', 0, 1400.0, 1000.0),
    ('floor_b_091', 'map_hotel_demo_071', 'Event floor', 1, 1400.0, 1000.0),
    ('floor_a_092', 'map_hotel_demo_072', 'Arrival floor', 0, 1400.0, 1000.0),
    ('floor_b_092', 'map_hotel_demo_072', 'Event floor', 1, 1400.0, 1000.0),
    ('floor_a_093', 'map_hotel_demo_073', 'Arrival floor', 0, 1400.0, 1000.0),
    ('floor_b_093', 'map_hotel_demo_073', 'Event floor', 1, 1400.0, 1000.0),
    ('floor_a_094', 'map_hotel_demo_074', 'Arrival floor', 0, 1400.0, 1000.0),
    ('floor_b_094', 'map_hotel_demo_074', 'Event floor', 1, 1400.0, 1000.0),
    ('floor_a_095', 'map_hotel_demo_075', 'Arrival floor', 0, 1400.0, 1000.0),
    ('floor_b_095', 'map_hotel_demo_075', 'Event floor', 1, 1400.0, 1000.0),
    ('floor_a_096', 'map_hotel_demo_076', 'Arrival floor', 0, 1400.0, 1000.0),
    ('floor_b_096', 'map_hotel_demo_076', 'Event floor', 1, 1400.0, 1000.0),
    ('floor_a_097', 'map_hotel_demo_077', 'Arrival floor', 0, 1400.0, 1000.0),
    ('floor_b_097', 'map_hotel_demo_077', 'Event floor', 1, 1400.0, 1000.0),
    ('floor_a_098', 'map_hotel_demo_078', 'Arrival floor', 0, 1400.0, 1000.0),
    ('floor_b_098', 'map_hotel_demo_078', 'Event floor', 1, 1400.0, 1000.0),
    ('floor_a_099', 'map_hotel_demo_079', 'Arrival floor', 0, 1400.0, 1000.0),
    ('floor_b_099', 'map_hotel_demo_079', 'Event floor', 1, 1400.0, 1000.0),
    ('floor_a_100', 'map_hotel_demo_080', 'Arrival floor', 0, 1400.0, 1000.0),
    ('floor_b_100', 'map_hotel_demo_080', 'Event floor', 1, 1400.0, 1000.0);

INSERT INTO map_nodes (id, floor_id, label, kind, x, y) VALUES
    ('auditorium-1', 'l1', 'Auditorium, Room 1', 'BALLROOM', 252.0, 924.0),
    ('lightning-room', 'l1', 'Room 5, Lightning talks', 'ROOM', 444.0, 192.0),
    ('room-2', 'l1', 'Room 2', 'ROOM', 360.0, 420.0),
    ('room-3', 'l1', 'Room 3', 'ROOM', 420.0, 420.0),
    ('party', 'l1', 'Party', 'LANDMARK', 816.0, 342.0),
    ('registration', 'l1', 'Registration', 'CONCIERGE', 552.0, 792.0),
    ('room-11b', 'l9', 'Room 11b', 'ROOM', 360.0, 396.0),
    ('room-11a', 'l9', 'Room 11a', 'ROOM', 360.0, 444.0),
    ('room-12b', 'l9', 'Room 12b', 'ROOM', 540.0, 396.0),
    ('room-12a', 'l9', 'Room 12a', 'ROOM', 540.0, 444.0),
    ('room-13a', 'l9', 'Room 13a', 'ROOM', 396.0, 252.0),
    ('room-13b', 'l9', 'Room 13b', 'ROOM', 492.0, 252.0),
    ('keynote-room', 'l9', 'Keynote, Room 14', 'BALLROOM', 864.0, 324.0),
    ('node_arrival_001', 'floor_a_001', 'Ballroom', 'LANDMARK', 127, 171),
    ('node_room_001', 'floor_b_001', 'Event room 1', 'ROOM', 245, 269),
    ('node_landmark_001', 'floor_b_001', 'Business lounge', 'LANDMARK', 353, 197),
    ('node_arrival_002', 'floor_a_002', 'Dining Terrace', 'LANDMARK', 134, 182),
    ('node_room_002', 'floor_b_002', 'Event room 2', 'ROOM', 250, 278),
    ('node_landmark_002', 'floor_a_002', 'Dining terrace', 'LANDMARK', 366, 214),
    ('node_arrival_003', 'floor_a_003', 'Garden Entrance', 'CONCIERGE', 141, 193),
    ('node_room_003', 'floor_b_003', 'Event room 3', 'BALLROOM', 255, 287),
    ('node_landmark_003', 'floor_b_003', 'Wedding garden', 'LANDMARK', 379, 231),
    ('node_arrival_004', 'floor_a_004', 'Wedding Court', 'LANDMARK', 148, 204),
    ('node_room_004', 'floor_b_004', 'Event room 4', 'ROOM', 260, 296),
    ('node_landmark_004', 'floor_a_004', 'Business lounge', 'LANDMARK', 392, 248),
    ('node_arrival_005', 'floor_a_005', 'Business Lounge', 'LANDMARK', 155, 215),
    ('node_room_005', 'floor_b_005', 'Event room 5', 'ROOM', 265, 305),
    ('node_landmark_005', 'floor_b_005', 'Dining terrace', 'LANDMARK', 405, 265),
    ('node_arrival_006', 'floor_a_006', 'Reception', 'CONCIERGE', 162, 226),
    ('node_room_006', 'floor_b_006', 'Event room 6', 'BALLROOM', 270, 314),
    ('node_landmark_006', 'floor_a_006', 'Wedding garden', 'LANDMARK', 418, 282),
    ('node_arrival_007', 'floor_a_007', 'Ballroom', 'LANDMARK', 169, 237),
    ('node_room_007', 'floor_b_007', 'Event room 7', 'ROOM', 275, 323),
    ('node_landmark_007', 'floor_b_007', 'Business lounge', 'LANDMARK', 431, 299),
    ('node_arrival_008', 'floor_a_008', 'Dining Terrace', 'LANDMARK', 176, 248),
    ('node_room_008', 'floor_b_008', 'Event room 8', 'ROOM', 280, 332),
    ('node_landmark_008', 'floor_a_008', 'Dining terrace', 'LANDMARK', 444, 316),
    ('node_arrival_009', 'floor_a_009', 'Garden Entrance', 'CONCIERGE', 183, 259),
    ('node_room_009', 'floor_b_009', 'Event room 9', 'BALLROOM', 285, 341),
    ('node_landmark_009', 'floor_b_009', 'Wedding garden', 'LANDMARK', 457, 333),
    ('node_arrival_010', 'floor_a_010', 'Wedding Court', 'LANDMARK', 190, 270),
    ('node_room_010', 'floor_b_010', 'Event room 10', 'ROOM', 290, 350),
    ('node_landmark_010', 'floor_a_010', 'Business lounge', 'LANDMARK', 470, 350),
    ('node_arrival_011', 'floor_a_011', 'Business Lounge', 'LANDMARK', 197, 281),
    ('node_room_011', 'floor_b_011', 'Event room 11', 'ROOM', 295, 359),
    ('node_landmark_011', 'floor_b_011', 'Dining terrace', 'LANDMARK', 483, 367),
    ('node_arrival_012', 'floor_a_012', 'Reception', 'CONCIERGE', 204, 292),
    ('node_room_012', 'floor_b_012', 'Event room 12', 'BALLROOM', 300, 368),
    ('node_landmark_012', 'floor_a_012', 'Wedding garden', 'LANDMARK', 496, 384),
    ('node_arrival_013', 'floor_a_013', 'Ballroom', 'LANDMARK', 211, 303),
    ('node_room_013', 'floor_b_013', 'Event room 13', 'ROOM', 305, 377),
    ('node_landmark_013', 'floor_b_013', 'Business lounge', 'LANDMARK', 509, 401),
    ('node_arrival_014', 'floor_a_014', 'Dining Terrace', 'LANDMARK', 218, 314),
    ('node_room_014', 'floor_b_014', 'Event room 14', 'ROOM', 310, 386),
    ('node_landmark_014', 'floor_a_014', 'Dining terrace', 'LANDMARK', 522, 418),
    ('node_arrival_015', 'floor_a_015', 'Garden Entrance', 'CONCIERGE', 225, 325),
    ('node_room_015', 'floor_b_015', 'Event room 15', 'BALLROOM', 315, 395),
    ('node_landmark_015', 'floor_b_015', 'Wedding garden', 'LANDMARK', 535, 435),
    ('node_arrival_016', 'floor_a_016', 'Wedding Court', 'LANDMARK', 232, 336),
    ('node_room_016', 'floor_b_016', 'Event room 16', 'ROOM', 320, 404),
    ('node_landmark_016', 'floor_a_016', 'Business lounge', 'LANDMARK', 548, 452),
    ('node_arrival_017', 'floor_a_017', 'Business Lounge', 'LANDMARK', 239, 347),
    ('node_room_017', 'floor_b_017', 'Event room 17', 'ROOM', 325, 413),
    ('node_landmark_017', 'floor_b_017', 'Dining terrace', 'LANDMARK', 561, 469),
    ('node_arrival_018', 'floor_a_018', 'Reception', 'CONCIERGE', 246, 358),
    ('node_room_018', 'floor_b_018', 'Event room 18', 'BALLROOM', 330, 422),
    ('node_landmark_018', 'floor_a_018', 'Wedding garden', 'LANDMARK', 574, 486),
    ('node_arrival_019', 'floor_a_019', 'Ballroom', 'LANDMARK', 253, 369),
    ('node_room_019', 'floor_b_019', 'Event room 19', 'ROOM', 335, 431),
    ('node_landmark_019', 'floor_b_019', 'Business lounge', 'LANDMARK', 587, 503),
    ('node_arrival_020', 'floor_a_020', 'Dining Terrace', 'LANDMARK', 260, 380),
    ('node_room_020', 'floor_b_020', 'Event room 20', 'ROOM', 340, 440),
    ('node_landmark_020', 'floor_a_020', 'Dining terrace', 'LANDMARK', 600, 520),
    ('node_arrival_021', 'floor_a_021', 'Garden Entrance', 'CONCIERGE', 267, 391),
    ('node_room_021', 'floor_b_021', 'Event room 21', 'BALLROOM', 345, 449),
    ('node_landmark_021', 'floor_b_021', 'Wedding garden', 'LANDMARK', 613, 537),
    ('node_arrival_022', 'floor_a_022', 'Wedding Court', 'LANDMARK', 274, 402),
    ('node_room_022', 'floor_b_022', 'Event room 22', 'ROOM', 350, 458),
    ('node_landmark_022', 'floor_a_022', 'Business lounge', 'LANDMARK', 626, 554),
    ('node_arrival_023', 'floor_a_023', 'Business Lounge', 'LANDMARK', 281, 413),
    ('node_room_023', 'floor_b_023', 'Event room 23', 'ROOM', 355, 467),
    ('node_landmark_023', 'floor_b_023', 'Dining terrace', 'LANDMARK', 639, 571),
    ('node_arrival_024', 'floor_a_024', 'Reception', 'CONCIERGE', 288, 424),
    ('node_room_024', 'floor_b_024', 'Event room 24', 'BALLROOM', 360, 476),
    ('node_landmark_024', 'floor_a_024', 'Wedding garden', 'LANDMARK', 652, 588),
    ('node_arrival_025', 'floor_a_025', 'Ballroom', 'LANDMARK', 295, 435),
    ('node_room_025', 'floor_b_025', 'Event room 25', 'ROOM', 365, 485),
    ('node_landmark_025', 'floor_b_025', 'Business lounge', 'LANDMARK', 665, 605),
    ('node_arrival_026', 'floor_a_026', 'Dining Terrace', 'LANDMARK', 302, 446),
    ('node_room_026', 'floor_b_026', 'Event room 26', 'ROOM', 370, 494),
    ('node_landmark_026', 'floor_a_026', 'Dining terrace', 'LANDMARK', 678, 622),
    ('node_arrival_027', 'floor_a_027', 'Garden Entrance', 'CONCIERGE', 309, 457),
    ('node_room_027', 'floor_b_027', 'Event room 27', 'BALLROOM', 375, 503),
    ('node_landmark_027', 'floor_b_027', 'Wedding garden', 'LANDMARK', 691, 639),
    ('node_arrival_028', 'floor_a_028', 'Wedding Court', 'LANDMARK', 316, 468),
    ('node_room_028', 'floor_b_028', 'Event room 28', 'ROOM', 380, 512),
    ('node_landmark_028', 'floor_a_028', 'Business lounge', 'LANDMARK', 704, 656),
    ('node_arrival_029', 'floor_a_029', 'Business Lounge', 'LANDMARK', 323, 479),
    ('node_room_029', 'floor_b_029', 'Event room 29', 'ROOM', 385, 521),
    ('node_landmark_029', 'floor_b_029', 'Dining terrace', 'LANDMARK', 717, 673),
    ('node_arrival_030', 'floor_a_030', 'Reception', 'CONCIERGE', 330, 490),
    ('node_room_030', 'floor_b_030', 'Event room 30', 'BALLROOM', 390, 530),
    ('node_landmark_030', 'floor_a_030', 'Wedding garden', 'LANDMARK', 730, 690),
    ('node_arrival_031', 'floor_a_031', 'Ballroom', 'LANDMARK', 337, 501),
    ('node_room_031', 'floor_b_031', 'Event room 31', 'ROOM', 395, 539),
    ('node_landmark_031', 'floor_b_031', 'Business lounge', 'LANDMARK', 743, 707),
    ('node_arrival_032', 'floor_a_032', 'Dining Terrace', 'LANDMARK', 344, 512),
    ('node_room_032', 'floor_b_032', 'Event room 32', 'ROOM', 400, 548),
    ('node_landmark_032', 'floor_a_032', 'Dining terrace', 'LANDMARK', 756, 724),
    ('node_arrival_033', 'floor_a_033', 'Garden Entrance', 'CONCIERGE', 351, 523),
    ('node_room_033', 'floor_b_033', 'Event room 33', 'BALLROOM', 405, 557),
    ('node_landmark_033', 'floor_b_033', 'Wedding garden', 'LANDMARK', 769, 741),
    ('node_arrival_034', 'floor_a_034', 'Wedding Court', 'LANDMARK', 358, 534),
    ('node_room_034', 'floor_b_034', 'Event room 34', 'ROOM', 410, 566),
    ('node_landmark_034', 'floor_a_034', 'Business lounge', 'LANDMARK', 782, 758),
    ('node_arrival_035', 'floor_a_035', 'Business Lounge', 'LANDMARK', 365, 545),
    ('node_room_035', 'floor_b_035', 'Event room 35', 'ROOM', 415, 575),
    ('node_landmark_035', 'floor_b_035', 'Dining terrace', 'LANDMARK', 795, 775),
    ('node_arrival_036', 'floor_a_036', 'Reception', 'CONCIERGE', 372, 556),
    ('node_room_036', 'floor_b_036', 'Event room 36', 'BALLROOM', 420, 584),
    ('node_landmark_036', 'floor_a_036', 'Wedding garden', 'LANDMARK', 808, 192),
    ('node_arrival_037', 'floor_a_037', 'Ballroom', 'LANDMARK', 379, 567),
    ('node_room_037', 'floor_b_037', 'Event room 37', 'ROOM', 425, 593),
    ('node_landmark_037', 'floor_b_037', 'Business lounge', 'LANDMARK', 821, 209),
    ('node_arrival_038', 'floor_a_038', 'Dining Terrace', 'LANDMARK', 386, 578),
    ('node_room_038', 'floor_b_038', 'Event room 38', 'ROOM', 430, 602),
    ('node_landmark_038', 'floor_a_038', 'Dining terrace', 'LANDMARK', 834, 226),
    ('node_arrival_039', 'floor_a_039', 'Garden Entrance', 'CONCIERGE', 393, 589),
    ('node_room_039', 'floor_b_039', 'Event room 39', 'BALLROOM', 435, 611),
    ('node_landmark_039', 'floor_b_039', 'Wedding garden', 'LANDMARK', 847, 243),
    ('node_arrival_040', 'floor_a_040', 'Wedding Court', 'LANDMARK', 400, 600),
    ('node_room_040', 'floor_b_040', 'Event room 40', 'ROOM', 440, 620),
    ('node_landmark_040', 'floor_a_040', 'Business lounge', 'LANDMARK', 860, 260),
    ('node_arrival_041', 'floor_a_041', 'Business Lounge', 'LANDMARK', 407, 611),
    ('node_room_041', 'floor_b_041', 'Event room 41', 'ROOM', 445, 629),
    ('node_landmark_041', 'floor_b_041', 'Dining terrace', 'LANDMARK', 873, 277),
    ('node_arrival_042', 'floor_a_042', 'Reception', 'CONCIERGE', 414, 622),
    ('node_room_042', 'floor_b_042', 'Event room 42', 'BALLROOM', 450, 638),
    ('node_landmark_042', 'floor_a_042', 'Wedding garden', 'LANDMARK', 886, 294),
    ('node_arrival_043', 'floor_a_043', 'Ballroom', 'LANDMARK', 421, 633),
    ('node_room_043', 'floor_b_043', 'Event room 43', 'ROOM', 455, 647),
    ('node_landmark_043', 'floor_b_043', 'Business lounge', 'LANDMARK', 899, 311),
    ('node_arrival_044', 'floor_a_044', 'Dining Terrace', 'LANDMARK', 428, 644),
    ('node_room_044', 'floor_b_044', 'Event room 44', 'ROOM', 460, 656),
    ('node_landmark_044', 'floor_a_044', 'Dining terrace', 'LANDMARK', 912, 328),
    ('node_arrival_045', 'floor_a_045', 'Garden Entrance', 'CONCIERGE', 435, 655),
    ('node_room_045', 'floor_b_045', 'Event room 45', 'BALLROOM', 465, 665),
    ('node_landmark_045', 'floor_b_045', 'Wedding garden', 'LANDMARK', 925, 345),
    ('node_arrival_046', 'floor_a_046', 'Wedding Court', 'LANDMARK', 442, 166),
    ('node_room_046', 'floor_b_046', 'Event room 46', 'ROOM', 470, 674),
    ('node_landmark_046', 'floor_a_046', 'Business lounge', 'LANDMARK', 938, 362),
    ('node_arrival_047', 'floor_a_047', 'Business Lounge', 'LANDMARK', 449, 177),
    ('node_room_047', 'floor_b_047', 'Event room 47', 'ROOM', 475, 683),
    ('node_landmark_047', 'floor_b_047', 'Dining terrace', 'LANDMARK', 351, 379),
    ('node_arrival_048', 'floor_a_048', 'Reception', 'CONCIERGE', 456, 188),
    ('node_room_048', 'floor_b_048', 'Event room 48', 'BALLROOM', 480, 692),
    ('node_landmark_048', 'floor_a_048', 'Wedding garden', 'LANDMARK', 364, 396),
    ('node_arrival_049', 'floor_a_049', 'Ballroom', 'LANDMARK', 463, 199),
    ('node_room_049', 'floor_b_049', 'Event room 49', 'ROOM', 485, 701),
    ('node_landmark_049', 'floor_b_049', 'Business lounge', 'LANDMARK', 377, 413),
    ('node_arrival_050', 'floor_a_050', 'Dining Terrace', 'LANDMARK', 470, 210),
    ('node_room_050', 'floor_b_050', 'Event room 50', 'ROOM', 490, 710),
    ('node_landmark_050', 'floor_a_050', 'Dining terrace', 'LANDMARK', 390, 430),
    ('node_arrival_051', 'floor_a_051', 'Garden Entrance', 'CONCIERGE', 477, 221),
    ('node_room_051', 'floor_b_051', 'Event room 51', 'BALLROOM', 495, 719),
    ('node_landmark_051', 'floor_b_051', 'Wedding garden', 'LANDMARK', 403, 447),
    ('node_arrival_052', 'floor_a_052', 'Wedding Court', 'LANDMARK', 484, 232),
    ('node_room_052', 'floor_b_052', 'Event room 52', 'ROOM', 500, 728),
    ('node_landmark_052', 'floor_a_052', 'Business lounge', 'LANDMARK', 416, 464),
    ('node_arrival_053', 'floor_a_053', 'Business Lounge', 'LANDMARK', 491, 243),
    ('node_room_053', 'floor_b_053', 'Event room 53', 'ROOM', 505, 737),
    ('node_landmark_053', 'floor_b_053', 'Dining terrace', 'LANDMARK', 429, 481),
    ('node_arrival_054', 'floor_a_054', 'Reception', 'CONCIERGE', 498, 254),
    ('node_room_054', 'floor_b_054', 'Event room 54', 'BALLROOM', 510, 746),
    ('node_landmark_054', 'floor_a_054', 'Wedding garden', 'LANDMARK', 442, 498),
    ('node_arrival_055', 'floor_a_055', 'Ballroom', 'LANDMARK', 505, 265),
    ('node_room_055', 'floor_b_055', 'Event room 55', 'ROOM', 515, 755),
    ('node_landmark_055', 'floor_b_055', 'Business lounge', 'LANDMARK', 455, 515),
    ('node_arrival_056', 'floor_a_056', 'Dining Terrace', 'LANDMARK', 512, 276),
    ('node_room_056', 'floor_b_056', 'Event room 56', 'ROOM', 520, 264),
    ('node_landmark_056', 'floor_a_056', 'Dining terrace', 'LANDMARK', 468, 532),
    ('node_arrival_057', 'floor_a_057', 'Garden Entrance', 'CONCIERGE', 519, 287),
    ('node_room_057', 'floor_b_057', 'Event room 57', 'BALLROOM', 525, 273),
    ('node_landmark_057', 'floor_b_057', 'Wedding garden', 'LANDMARK', 481, 549),
    ('node_arrival_058', 'floor_a_058', 'Wedding Court', 'LANDMARK', 526, 298),
    ('node_room_058', 'floor_b_058', 'Event room 58', 'ROOM', 530, 282),
    ('node_landmark_058', 'floor_a_058', 'Business lounge', 'LANDMARK', 494, 566),
    ('node_arrival_059', 'floor_a_059', 'Business Lounge', 'LANDMARK', 533, 309),
    ('node_room_059', 'floor_b_059', 'Event room 59', 'ROOM', 535, 291),
    ('node_landmark_059', 'floor_b_059', 'Dining terrace', 'LANDMARK', 507, 583),
    ('node_arrival_060', 'floor_a_060', 'Reception', 'CONCIERGE', 540, 320),
    ('node_room_060', 'floor_b_060', 'Event room 60', 'BALLROOM', 540, 300),
    ('node_landmark_060', 'floor_a_060', 'Wedding garden', 'LANDMARK', 520, 600),
    ('node_arrival_061', 'floor_a_061', 'Ballroom', 'LANDMARK', 547, 331),
    ('node_room_061', 'floor_b_061', 'Event room 61', 'ROOM', 545, 309),
    ('node_landmark_061', 'floor_b_061', 'Business lounge', 'LANDMARK', 533, 617),
    ('node_arrival_062', 'floor_a_062', 'Dining Terrace', 'LANDMARK', 554, 342),
    ('node_room_062', 'floor_b_062', 'Event room 62', 'ROOM', 550, 318),
    ('node_landmark_062', 'floor_a_062', 'Dining terrace', 'LANDMARK', 546, 634),
    ('node_arrival_063', 'floor_a_063', 'Garden Entrance', 'CONCIERGE', 561, 353),
    ('node_room_063', 'floor_b_063', 'Event room 63', 'BALLROOM', 555, 327),
    ('node_landmark_063', 'floor_b_063', 'Wedding garden', 'LANDMARK', 559, 651),
    ('node_arrival_064', 'floor_a_064', 'Wedding Court', 'LANDMARK', 568, 364),
    ('node_room_064', 'floor_b_064', 'Event room 64', 'ROOM', 560, 336),
    ('node_landmark_064', 'floor_a_064', 'Business lounge', 'LANDMARK', 572, 668),
    ('node_arrival_065', 'floor_a_065', 'Business Lounge', 'LANDMARK', 575, 375),
    ('node_room_065', 'floor_b_065', 'Event room 65', 'ROOM', 565, 345),
    ('node_landmark_065', 'floor_b_065', 'Dining terrace', 'LANDMARK', 585, 685),
    ('node_arrival_066', 'floor_a_066', 'Reception', 'CONCIERGE', 582, 386),
    ('node_room_066', 'floor_b_066', 'Event room 66', 'BALLROOM', 570, 354),
    ('node_landmark_066', 'floor_a_066', 'Wedding garden', 'LANDMARK', 598, 702),
    ('node_arrival_067', 'floor_a_067', 'Ballroom', 'LANDMARK', 589, 397),
    ('node_room_067', 'floor_b_067', 'Event room 67', 'ROOM', 575, 363),
    ('node_landmark_067', 'floor_b_067', 'Business lounge', 'LANDMARK', 611, 719),
    ('node_arrival_068', 'floor_a_068', 'Dining Terrace', 'LANDMARK', 596, 408),
    ('node_room_068', 'floor_b_068', 'Event room 68', 'ROOM', 580, 372),
    ('node_landmark_068', 'floor_a_068', 'Dining terrace', 'LANDMARK', 624, 736),
    ('node_arrival_069', 'floor_a_069', 'Garden Entrance', 'CONCIERGE', 603, 419),
    ('node_room_069', 'floor_b_069', 'Event room 69', 'BALLROOM', 585, 381),
    ('node_landmark_069', 'floor_b_069', 'Wedding garden', 'LANDMARK', 637, 753),
    ('node_arrival_070', 'floor_a_070', 'Wedding Court', 'LANDMARK', 610, 430),
    ('node_room_070', 'floor_b_070', 'Event room 70', 'ROOM', 590, 390),
    ('node_landmark_070', 'floor_a_070', 'Business lounge', 'LANDMARK', 650, 770),
    ('node_arrival_071', 'floor_a_071', 'Business Lounge', 'LANDMARK', 617, 441),
    ('node_room_071', 'floor_b_071', 'Event room 71', 'ROOM', 595, 399),
    ('node_landmark_071', 'floor_b_071', 'Dining terrace', 'LANDMARK', 663, 187),
    ('node_arrival_072', 'floor_a_072', 'Reception', 'CONCIERGE', 124, 452),
    ('node_room_072', 'floor_b_072', 'Event room 72', 'BALLROOM', 600, 408),
    ('node_landmark_072', 'floor_a_072', 'Wedding garden', 'LANDMARK', 676, 204),
    ('node_arrival_073', 'floor_a_073', 'Ballroom', 'LANDMARK', 131, 463),
    ('node_room_073', 'floor_b_073', 'Event room 73', 'ROOM', 605, 417),
    ('node_landmark_073', 'floor_b_073', 'Business lounge', 'LANDMARK', 689, 221),
    ('node_arrival_074', 'floor_a_074', 'Dining Terrace', 'LANDMARK', 138, 474),
    ('node_room_074', 'floor_b_074', 'Event room 74', 'ROOM', 610, 426),
    ('node_landmark_074', 'floor_a_074', 'Dining terrace', 'LANDMARK', 702, 238),
    ('node_arrival_075', 'floor_a_075', 'Garden Entrance', 'CONCIERGE', 145, 485),
    ('node_room_075', 'floor_b_075', 'Event room 75', 'BALLROOM', 615, 435),
    ('node_landmark_075', 'floor_b_075', 'Wedding garden', 'LANDMARK', 715, 255),
    ('node_arrival_076', 'floor_a_076', 'Wedding Court', 'LANDMARK', 152, 496),
    ('node_room_076', 'floor_b_076', 'Event room 76', 'ROOM', 620, 444),
    ('node_landmark_076', 'floor_a_076', 'Business lounge', 'LANDMARK', 728, 272),
    ('node_arrival_077', 'floor_a_077', 'Business Lounge', 'LANDMARK', 159, 507),
    ('node_room_077', 'floor_b_077', 'Event room 77', 'ROOM', 625, 453),
    ('node_landmark_077', 'floor_b_077', 'Dining terrace', 'LANDMARK', 741, 289),
    ('node_arrival_078', 'floor_a_078', 'Reception', 'CONCIERGE', 166, 518),
    ('node_room_078', 'floor_b_078', 'Event room 78', 'BALLROOM', 630, 462),
    ('node_landmark_078', 'floor_a_078', 'Wedding garden', 'LANDMARK', 754, 306),
    ('node_arrival_079', 'floor_a_079', 'Ballroom', 'LANDMARK', 173, 529),
    ('node_room_079', 'floor_b_079', 'Event room 79', 'ROOM', 635, 471),
    ('node_landmark_079', 'floor_b_079', 'Business lounge', 'LANDMARK', 767, 323),
    ('node_arrival_080', 'floor_a_080', 'Dining Terrace', 'LANDMARK', 180, 540),
    ('node_room_080', 'floor_b_080', 'Event room 80', 'ROOM', 640, 480),
    ('node_landmark_080', 'floor_a_080', 'Dining terrace', 'LANDMARK', 780, 340),
    ('node_arrival_081', 'floor_a_081', 'Garden Entrance', 'CONCIERGE', 187, 551),
    ('node_room_081', 'floor_b_081', 'Event room 81', 'BALLROOM', 645, 489),
    ('node_landmark_081', 'floor_b_081', 'Wedding garden', 'LANDMARK', 793, 357),
    ('node_arrival_082', 'floor_a_082', 'Wedding Court', 'LANDMARK', 194, 562),
    ('node_room_082', 'floor_b_082', 'Event room 82', 'ROOM', 650, 498),
    ('node_landmark_082', 'floor_a_082', 'Business lounge', 'LANDMARK', 806, 374),
    ('node_arrival_083', 'floor_a_083', 'Business Lounge', 'LANDMARK', 201, 573),
    ('node_room_083', 'floor_b_083', 'Event room 83', 'ROOM', 655, 507),
    ('node_landmark_083', 'floor_b_083', 'Dining terrace', 'LANDMARK', 819, 391),
    ('node_arrival_084', 'floor_a_084', 'Reception', 'CONCIERGE', 208, 584),
    ('node_room_084', 'floor_b_084', 'Event room 84', 'BALLROOM', 660, 516),
    ('node_landmark_084', 'floor_a_084', 'Wedding garden', 'LANDMARK', 832, 408),
    ('node_arrival_085', 'floor_a_085', 'Ballroom', 'LANDMARK', 215, 595),
    ('node_room_085', 'floor_b_085', 'Event room 85', 'ROOM', 665, 525),
    ('node_landmark_085', 'floor_b_085', 'Business lounge', 'LANDMARK', 845, 425),
    ('node_arrival_086', 'floor_a_086', 'Dining Terrace', 'LANDMARK', 222, 606),
    ('node_room_086', 'floor_b_086', 'Event room 86', 'ROOM', 670, 534),
    ('node_landmark_086', 'floor_a_086', 'Dining terrace', 'LANDMARK', 858, 442),
    ('node_arrival_087', 'floor_a_087', 'Garden Entrance', 'CONCIERGE', 229, 617),
    ('node_room_087', 'floor_b_087', 'Event room 87', 'BALLROOM', 675, 543),
    ('node_landmark_087', 'floor_b_087', 'Wedding garden', 'LANDMARK', 871, 459),
    ('node_arrival_088', 'floor_a_088', 'Wedding Court', 'LANDMARK', 236, 628),
    ('node_room_088', 'floor_b_088', 'Event room 88', 'ROOM', 680, 552),
    ('node_landmark_088', 'floor_a_088', 'Business lounge', 'LANDMARK', 884, 476),
    ('node_arrival_089', 'floor_a_089', 'Business Lounge', 'LANDMARK', 243, 639),
    ('node_room_089', 'floor_b_089', 'Event room 89', 'ROOM', 685, 561),
    ('node_landmark_089', 'floor_b_089', 'Dining terrace', 'LANDMARK', 897, 493),
    ('node_arrival_090', 'floor_a_090', 'Reception', 'CONCIERGE', 250, 650),
    ('node_room_090', 'floor_b_090', 'Event room 90', 'BALLROOM', 690, 570),
    ('node_landmark_090', 'floor_a_090', 'Wedding garden', 'LANDMARK', 910, 510),
    ('node_arrival_091', 'floor_a_091', 'Ballroom', 'LANDMARK', 257, 161),
    ('node_room_091', 'floor_b_091', 'Event room 91', 'ROOM', 695, 579),
    ('node_landmark_091', 'floor_b_091', 'Business lounge', 'LANDMARK', 923, 527),
    ('node_arrival_092', 'floor_a_092', 'Dining Terrace', 'LANDMARK', 264, 172),
    ('node_room_092', 'floor_b_092', 'Event room 92', 'ROOM', 700, 588),
    ('node_landmark_092', 'floor_a_092', 'Dining terrace', 'LANDMARK', 936, 544),
    ('node_arrival_093', 'floor_a_093', 'Garden Entrance', 'CONCIERGE', 271, 183),
    ('node_room_093', 'floor_b_093', 'Event room 93', 'BALLROOM', 705, 597),
    ('node_landmark_093', 'floor_b_093', 'Wedding garden', 'LANDMARK', 349, 561),
    ('node_arrival_094', 'floor_a_094', 'Wedding Court', 'LANDMARK', 278, 194),
    ('node_room_094', 'floor_b_094', 'Event room 94', 'ROOM', 710, 606),
    ('node_landmark_094', 'floor_a_094', 'Business lounge', 'LANDMARK', 362, 578),
    ('node_arrival_095', 'floor_a_095', 'Business Lounge', 'LANDMARK', 285, 205),
    ('node_room_095', 'floor_b_095', 'Event room 95', 'ROOM', 715, 615),
    ('node_landmark_095', 'floor_b_095', 'Dining terrace', 'LANDMARK', 375, 595),
    ('node_arrival_096', 'floor_a_096', 'Reception', 'CONCIERGE', 292, 216),
    ('node_room_096', 'floor_b_096', 'Event room 96', 'BALLROOM', 720, 624),
    ('node_landmark_096', 'floor_a_096', 'Wedding garden', 'LANDMARK', 388, 612),
    ('node_arrival_097', 'floor_a_097', 'Ballroom', 'LANDMARK', 299, 227),
    ('node_room_097', 'floor_b_097', 'Event room 97', 'ROOM', 725, 633),
    ('node_landmark_097', 'floor_b_097', 'Business lounge', 'LANDMARK', 401, 629),
    ('node_arrival_098', 'floor_a_098', 'Dining Terrace', 'LANDMARK', 306, 238),
    ('node_room_098', 'floor_b_098', 'Event room 98', 'ROOM', 730, 642),
    ('node_landmark_098', 'floor_a_098', 'Dining terrace', 'LANDMARK', 414, 646),
    ('node_arrival_099', 'floor_a_099', 'Garden Entrance', 'CONCIERGE', 313, 249),
    ('node_room_099', 'floor_b_099', 'Event room 99', 'BALLROOM', 735, 651),
    ('node_landmark_099', 'floor_b_099', 'Wedding garden', 'LANDMARK', 427, 663),
    ('node_arrival_100', 'floor_a_100', 'Wedding Court', 'LANDMARK', 320, 260),
    ('node_room_100', 'floor_b_100', 'Event room 100', 'ROOM', 740, 660),
    ('node_landmark_100', 'floor_a_100', 'Business lounge', 'LANDMARK', 440, 680);

INSERT INTO late_checkout_requests (id, hotel_id, guest_id, stay_id, room_id, checkout_time_iso, fee_amount_minor, currency_code, payment_preference, follow_up_preference, status, note, created_at) VALUES
    ('late_guest_aline_seed_1', 'rw-kgl-marriott', 'guest_aline', 'stay_001', 'room_906', '2026-04-06 14:00:00+00', 55000, 'RWF', 'CHARGE_TO_ROOM', 'CONFIRM_IN_APP', 'PENDING', 'Approval will appear quietly in the app.', '2026-04-05 10:00:00+00'),
    ('late_checkout_001', 'rw-kgl-marriott', 'guest_demo_001', 'stay_demo_001', 'room_301', '2026-06-02 14:00:00+00', 26500, 'RWF', 'CHARGE_TO_ROOM', 'CALL_ME', 'PENDING', 'Late checkout request recorded for guest follow-up.', '2026-06-02 10:01:00+00'),
    ('late_checkout_002', 'hotel_serena', 'guest_demo_002', 'stay_demo_002', 'room_302', '2026-06-03 14:00:00+00', 28000, 'RWF', 'MOMO', 'CONFIRM_IN_APP', 'PENDING', 'Late checkout request recorded for guest follow-up.', '2026-06-03 10:02:00+00'),
    ('late_checkout_003', 'hotel_radisson_blu', 'guest_demo_003', 'stay_demo_003', 'room_303', '2026-06-04 14:00:00+00', 29500, 'RWF', 'AIRTEL_MONEY', 'CALL_ME', 'PENDING', 'Late checkout request recorded for guest follow-up.', '2026-06-04 10:03:00+00'),
    ('late_checkout_004', 'hotel_four_points', 'guest_demo_004', 'stay_demo_004', 'room_304', '2026-06-05 14:00:00+00', 31000, 'RWF', 'BK', 'CONFIRM_IN_APP', 'PENDING', 'Late checkout request recorded for guest follow-up.', '2026-06-05 10:04:00+00'),
    ('late_checkout_005', 'hotel_mille_collines', 'guest_demo_005', 'stay_demo_005', 'room_305', '2026-06-06 14:00:00+00', 32500, 'RWF', 'CARD', 'CALL_ME', 'APPROVED', 'Late checkout request recorded for guest follow-up.', '2026-06-06 10:05:00+00'),
    ('late_checkout_006', 'hotel_the_retreat', 'guest_demo_006', 'stay_demo_006', 'room_306', '2026-06-07 14:00:00+00', 34000, 'RWF', 'CHARGE_TO_ROOM', 'CONFIRM_IN_APP', 'PENDING', 'Late checkout request recorded for guest follow-up.', '2026-06-07 10:06:00+00'),
    ('late_checkout_007', 'hotel_park_inn', 'guest_demo_007', 'stay_demo_007', 'room_307', '2026-06-08 14:00:00+00', 35500, 'RWF', 'MOMO', 'CALL_ME', 'REJECTED', 'Late checkout request recorded for guest follow-up.', '2026-06-08 10:07:00+00'),
    ('late_checkout_008', 'hotel_lemigo', 'guest_demo_008', 'stay_demo_008', 'room_308', '2026-06-09 14:00:00+00', 37000, 'RWF', 'AIRTEL_MONEY', 'CONFIRM_IN_APP', 'PENDING', 'Late checkout request recorded for guest follow-up.', '2026-06-09 10:08:00+00'),
    ('late_checkout_009', 'hotel_urban_city', 'guest_demo_009', 'stay_demo_009', 'room_309', '2026-06-10 14:00:00+00', 38500, 'RWF', 'BK', 'CALL_ME', 'PENDING', 'Late checkout request recorded for guest follow-up.', '2026-06-10 10:09:00+00'),
    ('late_checkout_010', 'hotel_gorillas_nest', 'guest_demo_010', 'stay_demo_010', 'room_310', '2026-06-11 14:00:00+00', 40000, 'RWF', 'CARD', 'CONFIRM_IN_APP', 'APPROVED', 'Late checkout request recorded for guest follow-up.', '2026-06-11 10:10:00+00'),
    ('late_checkout_011', 'hotel_bisate', 'guest_demo_011', 'stay_demo_011', 'room_311', '2026-06-12 14:00:00+00', 41500, 'RWF', 'CHARGE_TO_ROOM', 'CALL_ME', 'PENDING', 'Late checkout request recorded for guest follow-up.', '2026-06-12 10:11:00+00'),
    ('late_checkout_012', 'hotel_singita', 'guest_demo_012', 'stay_demo_012', 'room_312', '2026-06-13 14:00:00+00', 43000, 'RWF', 'MOMO', 'CONFIRM_IN_APP', 'PENDING', 'Late checkout request recorded for guest follow-up.', '2026-06-13 10:12:00+00'),
    ('late_checkout_013', 'hotel_ingagi', 'guest_demo_013', 'stay_demo_013', 'room_313', '2026-06-14 14:00:00+00', 44500, 'RWF', 'AIRTEL_MONEY', 'CALL_ME', 'PENDING', 'Late checkout request recorded for guest follow-up.', '2026-06-14 10:13:00+00'),
    ('late_checkout_014', 'hotel_kivu_serena', 'guest_demo_014', 'stay_demo_014', 'room_314', '2026-06-15 14:00:00+00', 46000, 'RWF', 'BK', 'CONFIRM_IN_APP', 'REJECTED', 'Late checkout request recorded for guest follow-up.', '2026-06-15 10:14:00+00'),
    ('late_checkout_015', 'hotel_cormoran', 'guest_demo_015', 'stay_demo_015', 'room_315', '2026-06-16 14:00:00+00', 47500, 'RWF', 'CARD', 'CALL_ME', 'APPROVED', 'Late checkout request recorded for guest follow-up.', '2026-06-16 10:15:00+00'),
    ('late_checkout_016', 'hotel_palm_beach', 'guest_demo_016', 'stay_demo_016', 'room_316', '2026-06-17 14:00:00+00', 49000, 'RWF', 'CHARGE_TO_ROOM', 'CONFIRM_IN_APP', 'PENDING', 'Late checkout request recorded for guest follow-up.', '2026-06-17 10:16:00+00'),
    ('late_checkout_017', 'hotel_moriah_hill', 'guest_demo_017', 'stay_demo_017', 'room_317', '2026-06-18 14:00:00+00', 50500, 'RWF', 'MOMO', 'CALL_ME', 'PENDING', 'Late checkout request recorded for guest follow-up.', '2026-06-18 10:17:00+00'),
    ('late_checkout_018', 'hotel_hill_view', 'guest_demo_018', 'stay_demo_018', 'room_318', '2026-06-19 14:00:00+00', 52000, 'RWF', 'AIRTEL_MONEY', 'CONFIRM_IN_APP', 'PENDING', 'Late checkout request recorded for guest follow-up.', '2026-06-19 10:18:00+00'),
    ('late_checkout_019', 'hotel_kitabi', 'guest_demo_019', 'stay_demo_019', 'room_319', '2026-06-20 14:00:00+00', 53500, 'RWF', 'BK', 'CALL_ME', 'PENDING', 'Late checkout request recorded for guest follow-up.', '2026-06-20 10:19:00+00'),
    ('late_checkout_020', 'hotel_akagera', 'guest_demo_020', 'stay_demo_020', 'room_320', '2026-06-21 14:00:00+00', 55000, 'RWF', 'CARD', 'CONFIRM_IN_APP', 'APPROVED', 'Late checkout request recorded for guest follow-up.', '2026-06-21 10:20:00+00'),
    ('late_checkout_021', 'hotel_demo_001', 'guest_demo_021', 'stay_demo_021', 'room_321', '2026-06-22 14:00:00+00', 56500, 'RWF', 'CHARGE_TO_ROOM', 'CALL_ME', 'REJECTED', 'Late checkout request recorded for guest follow-up.', '2026-06-22 10:21:00+00'),
    ('late_checkout_022', 'hotel_demo_002', 'guest_demo_022', 'stay_demo_022', 'room_322', '2026-06-23 14:00:00+00', 58000, 'RWF', 'MOMO', 'CONFIRM_IN_APP', 'PENDING', 'Late checkout request recorded for guest follow-up.', '2026-06-23 10:22:00+00'),
    ('late_checkout_023', 'hotel_demo_003', 'guest_demo_023', 'stay_demo_023', 'room_323', '2026-06-24 14:00:00+00', 59500, 'RWF', 'AIRTEL_MONEY', 'CALL_ME', 'PENDING', 'Late checkout request recorded for guest follow-up.', '2026-06-24 10:23:00+00'),
    ('late_checkout_024', 'hotel_demo_004', 'guest_demo_024', 'stay_demo_024', 'room_324', '2026-06-25 14:00:00+00', 61000, 'RWF', 'BK', 'CONFIRM_IN_APP', 'PENDING', 'Late checkout request recorded for guest follow-up.', '2026-06-25 10:24:00+00'),
    ('late_checkout_025', 'hotel_demo_005', 'guest_demo_025', 'stay_demo_025', 'room_325', '2026-06-26 14:00:00+00', 62500, 'RWF', 'CARD', 'CALL_ME', 'APPROVED', 'Late checkout request recorded for guest follow-up.', '2026-06-26 10:25:00+00'),
    ('late_checkout_026', 'hotel_demo_006', 'guest_demo_026', 'stay_demo_026', 'room_326', '2026-06-27 14:00:00+00', 64000, 'RWF', 'CHARGE_TO_ROOM', 'CONFIRM_IN_APP', 'PENDING', 'Late checkout request recorded for guest follow-up.', '2026-06-27 10:26:00+00'),
    ('late_checkout_027', 'hotel_demo_007', 'guest_demo_027', 'stay_demo_027', 'room_327', '2026-06-28 14:00:00+00', 65500, 'RWF', 'MOMO', 'CALL_ME', 'PENDING', 'Late checkout request recorded for guest follow-up.', '2026-06-28 10:27:00+00'),
    ('late_checkout_028', 'hotel_demo_008', 'guest_demo_028', 'stay_demo_028', 'room_328', '2026-06-01 14:00:00+00', 67000, 'RWF', 'AIRTEL_MONEY', 'CONFIRM_IN_APP', 'REJECTED', 'Late checkout request recorded for guest follow-up.', '2026-06-01 10:28:00+00'),
    ('late_checkout_029', 'hotel_demo_009', 'guest_demo_029', 'stay_demo_029', 'room_329', '2026-06-02 14:00:00+00', 68500, 'RWF', 'BK', 'CALL_ME', 'PENDING', 'Late checkout request recorded for guest follow-up.', '2026-06-02 10:29:00+00'),
    ('late_checkout_030', 'hotel_demo_010', 'guest_demo_030', 'stay_demo_030', 'room_330', '2026-06-03 14:00:00+00', 70000, 'RWF', 'CARD', 'CONFIRM_IN_APP', 'APPROVED', 'Late checkout request recorded for guest follow-up.', '2026-06-03 10:30:00+00'),
    ('late_checkout_031', 'hotel_demo_011', 'guest_demo_031', 'stay_demo_031', 'room_331', '2026-06-04 14:00:00+00', 71500, 'RWF', 'CHARGE_TO_ROOM', 'CALL_ME', 'PENDING', 'Late checkout request recorded for guest follow-up.', '2026-06-04 10:31:00+00'),
    ('late_checkout_032', 'hotel_demo_012', 'guest_demo_032', 'stay_demo_032', 'room_332', '2026-06-05 14:00:00+00', 73000, 'RWF', 'MOMO', 'CONFIRM_IN_APP', 'PENDING', 'Late checkout request recorded for guest follow-up.', '2026-06-05 10:32:00+00'),
    ('late_checkout_033', 'hotel_demo_013', 'guest_demo_033', 'stay_demo_033', 'room_333', '2026-06-06 14:00:00+00', 74500, 'RWF', 'AIRTEL_MONEY', 'CALL_ME', 'PENDING', 'Late checkout request recorded for guest follow-up.', '2026-06-06 10:33:00+00'),
    ('late_checkout_034', 'hotel_demo_014', 'guest_demo_034', 'stay_demo_034', 'room_334', '2026-06-07 14:00:00+00', 76000, 'RWF', 'BK', 'CONFIRM_IN_APP', 'PENDING', 'Late checkout request recorded for guest follow-up.', '2026-06-07 10:34:00+00'),
    ('late_checkout_035', 'hotel_demo_015', 'guest_demo_035', 'stay_demo_035', 'room_335', '2026-06-08 14:00:00+00', 77500, 'RWF', 'CARD', 'CALL_ME', 'APPROVED', 'Late checkout request recorded for guest follow-up.', '2026-06-08 10:35:00+00'),
    ('late_checkout_036', 'hotel_demo_016', 'guest_demo_036', 'stay_demo_036', 'room_336', '2026-06-09 14:00:00+00', 79000, 'RWF', 'CHARGE_TO_ROOM', 'CONFIRM_IN_APP', 'PENDING', 'Late checkout request recorded for guest follow-up.', '2026-06-09 10:36:00+00'),
    ('late_checkout_037', 'hotel_demo_017', 'guest_demo_037', 'stay_demo_037', 'room_337', '2026-06-10 14:00:00+00', 80500, 'RWF', 'MOMO', 'CALL_ME', 'PENDING', 'Late checkout request recorded for guest follow-up.', '2026-06-10 10:37:00+00'),
    ('late_checkout_038', 'hotel_demo_018', 'guest_demo_038', 'stay_demo_038', 'room_338', '2026-06-11 14:00:00+00', 82000, 'RWF', 'AIRTEL_MONEY', 'CONFIRM_IN_APP', 'PENDING', 'Late checkout request recorded for guest follow-up.', '2026-06-11 10:38:00+00'),
    ('late_checkout_039', 'hotel_demo_019', 'guest_demo_039', 'stay_demo_039', 'room_339', '2026-06-12 14:00:00+00', 83500, 'RWF', 'BK', 'CALL_ME', 'PENDING', 'Late checkout request recorded for guest follow-up.', '2026-06-12 10:39:00+00'),
    ('late_checkout_040', 'hotel_demo_020', 'guest_demo_040', 'stay_demo_040', 'room_340', '2026-06-13 14:00:00+00', 85000, 'RWF', 'CARD', 'CONFIRM_IN_APP', 'APPROVED', 'Late checkout request recorded for guest follow-up.', '2026-06-13 10:40:00+00'),
    ('late_checkout_041', 'hotel_demo_021', 'guest_demo_041', 'stay_demo_041', 'room_341', '2026-06-14 14:00:00+00', 86500, 'RWF', 'CHARGE_TO_ROOM', 'CALL_ME', 'PENDING', 'Late checkout request recorded for guest follow-up.', '2026-06-14 10:41:00+00'),
    ('late_checkout_042', 'hotel_demo_022', 'guest_demo_042', 'stay_demo_042', 'room_342', '2026-06-15 14:00:00+00', 88000, 'RWF', 'MOMO', 'CONFIRM_IN_APP', 'REJECTED', 'Late checkout request recorded for guest follow-up.', '2026-06-15 10:42:00+00'),
    ('late_checkout_043', 'hotel_demo_023', 'guest_demo_043', 'stay_demo_043', 'room_343', '2026-06-16 14:00:00+00', 89500, 'RWF', 'AIRTEL_MONEY', 'CALL_ME', 'PENDING', 'Late checkout request recorded for guest follow-up.', '2026-06-16 10:43:00+00'),
    ('late_checkout_044', 'hotel_demo_024', 'guest_demo_044', 'stay_demo_044', 'room_344', '2026-06-17 14:00:00+00', 91000, 'RWF', 'BK', 'CONFIRM_IN_APP', 'PENDING', 'Late checkout request recorded for guest follow-up.', '2026-06-17 10:44:00+00'),
    ('late_checkout_045', 'hotel_demo_025', 'guest_demo_045', 'stay_demo_045', 'room_345', '2026-06-18 14:00:00+00', 92500, 'RWF', 'CARD', 'CALL_ME', 'APPROVED', 'Late checkout request recorded for guest follow-up.', '2026-06-18 10:45:00+00'),
    ('late_checkout_046', 'hotel_demo_026', 'guest_demo_046', 'stay_demo_046', 'room_346', '2026-06-19 14:00:00+00', 94000, 'RWF', 'CHARGE_TO_ROOM', 'CONFIRM_IN_APP', 'PENDING', 'Late checkout request recorded for guest follow-up.', '2026-06-19 10:46:00+00'),
    ('late_checkout_047', 'hotel_demo_027', 'guest_demo_047', 'stay_demo_047', 'room_347', '2026-06-20 14:00:00+00', 95500, 'RWF', 'MOMO', 'CALL_ME', 'PENDING', 'Late checkout request recorded for guest follow-up.', '2026-06-20 10:47:00+00'),
    ('late_checkout_048', 'hotel_demo_028', 'guest_demo_048', 'stay_demo_048', 'room_348', '2026-06-21 14:00:00+00', 97000, 'RWF', 'AIRTEL_MONEY', 'CONFIRM_IN_APP', 'PENDING', 'Late checkout request recorded for guest follow-up.', '2026-06-21 10:48:00+00'),
    ('late_checkout_049', 'hotel_demo_029', 'guest_demo_049', 'stay_demo_049', 'room_349', '2026-06-22 14:00:00+00', 98500, 'RWF', 'BK', 'CALL_ME', 'REJECTED', 'Late checkout request recorded for guest follow-up.', '2026-06-22 10:49:00+00'),
    ('late_checkout_050', 'hotel_demo_030', 'guest_demo_050', 'stay_demo_050', 'room_350', '2026-06-23 14:00:00+00', 100000, 'RWF', 'CARD', 'CONFIRM_IN_APP', 'APPROVED', 'Late checkout request recorded for guest follow-up.', '2026-06-23 10:50:00+00'),
    ('late_checkout_051', 'hotel_demo_031', 'guest_demo_051', 'stay_demo_051', 'room_351', '2026-06-24 14:00:00+00', 101500, 'RWF', 'CHARGE_TO_ROOM', 'CALL_ME', 'PENDING', 'Late checkout request recorded for guest follow-up.', '2026-06-24 10:51:00+00'),
    ('late_checkout_052', 'hotel_demo_032', 'guest_demo_052', 'stay_demo_052', 'room_352', '2026-06-25 14:00:00+00', 103000, 'RWF', 'MOMO', 'CONFIRM_IN_APP', 'PENDING', 'Late checkout request recorded for guest follow-up.', '2026-06-25 10:52:00+00'),
    ('late_checkout_053', 'hotel_demo_033', 'guest_demo_053', 'stay_demo_053', 'room_353', '2026-06-26 14:00:00+00', 104500, 'RWF', 'AIRTEL_MONEY', 'CALL_ME', 'PENDING', 'Late checkout request recorded for guest follow-up.', '2026-06-26 10:53:00+00'),
    ('late_checkout_054', 'hotel_demo_034', 'guest_demo_054', 'stay_demo_054', 'room_354', '2026-06-27 14:00:00+00', 106000, 'RWF', 'BK', 'CONFIRM_IN_APP', 'PENDING', 'Late checkout request recorded for guest follow-up.', '2026-06-27 10:54:00+00'),
    ('late_checkout_055', 'hotel_demo_035', 'guest_demo_055', 'stay_demo_055', 'room_355', '2026-06-28 14:00:00+00', 107500, 'RWF', 'CARD', 'CALL_ME', 'APPROVED', 'Late checkout request recorded for guest follow-up.', '2026-06-28 10:55:00+00'),
    ('late_checkout_056', 'hotel_demo_036', 'guest_demo_056', 'stay_demo_056', 'room_356', '2026-06-01 14:00:00+00', 109000, 'RWF', 'CHARGE_TO_ROOM', 'CONFIRM_IN_APP', 'REJECTED', 'Late checkout request recorded for guest follow-up.', '2026-06-01 10:56:00+00'),
    ('late_checkout_057', 'hotel_demo_037', 'guest_demo_057', 'stay_demo_057', 'room_357', '2026-06-02 14:00:00+00', 110500, 'RWF', 'MOMO', 'CALL_ME', 'PENDING', 'Late checkout request recorded for guest follow-up.', '2026-06-02 10:57:00+00'),
    ('late_checkout_058', 'hotel_demo_038', 'guest_demo_058', 'stay_demo_058', 'room_358', '2026-06-03 14:00:00+00', 112000, 'RWF', 'AIRTEL_MONEY', 'CONFIRM_IN_APP', 'PENDING', 'Late checkout request recorded for guest follow-up.', '2026-06-03 10:58:00+00'),
    ('late_checkout_059', 'hotel_demo_039', 'guest_demo_059', 'stay_demo_059', 'room_359', '2026-06-04 14:00:00+00', 113500, 'RWF', 'BK', 'CALL_ME', 'PENDING', 'Late checkout request recorded for guest follow-up.', '2026-06-04 10:59:00+00'),
    ('late_checkout_060', 'hotel_demo_040', 'guest_demo_060', 'stay_demo_060', 'room_360', '2026-06-05 14:00:00+00', 115000, 'RWF', 'CARD', 'CONFIRM_IN_APP', 'APPROVED', 'Late checkout request recorded for guest follow-up.', '2026-06-05 10:00:00+00'),
    ('late_checkout_061', 'hotel_demo_041', 'guest_demo_061', 'stay_demo_061', 'room_361', '2026-06-06 14:00:00+00', 116500, 'RWF', 'CHARGE_TO_ROOM', 'CALL_ME', 'PENDING', 'Late checkout request recorded for guest follow-up.', '2026-06-06 10:01:00+00'),
    ('late_checkout_062', 'hotel_demo_042', 'guest_demo_062', 'stay_demo_062', 'room_362', '2026-06-07 14:00:00+00', 118000, 'RWF', 'MOMO', 'CONFIRM_IN_APP', 'PENDING', 'Late checkout request recorded for guest follow-up.', '2026-06-07 10:02:00+00'),
    ('late_checkout_063', 'hotel_demo_043', 'guest_demo_063', 'stay_demo_063', 'room_363', '2026-06-08 14:00:00+00', 119500, 'RWF', 'AIRTEL_MONEY', 'CALL_ME', 'REJECTED', 'Late checkout request recorded for guest follow-up.', '2026-06-08 10:03:00+00'),
    ('late_checkout_064', 'hotel_demo_044', 'guest_demo_064', 'stay_demo_064', 'room_364', '2026-06-09 14:00:00+00', 121000, 'RWF', 'BK', 'CONFIRM_IN_APP', 'PENDING', 'Late checkout request recorded for guest follow-up.', '2026-06-09 10:04:00+00'),
    ('late_checkout_065', 'hotel_demo_045', 'guest_demo_065', 'stay_demo_065', 'room_365', '2026-06-10 14:00:00+00', 122500, 'RWF', 'CARD', 'CALL_ME', 'APPROVED', 'Late checkout request recorded for guest follow-up.', '2026-06-10 10:05:00+00'),
    ('late_checkout_066', 'hotel_demo_046', 'guest_demo_066', 'stay_demo_066', 'room_366', '2026-06-11 14:00:00+00', 124000, 'RWF', 'CHARGE_TO_ROOM', 'CONFIRM_IN_APP', 'PENDING', 'Late checkout request recorded for guest follow-up.', '2026-06-11 10:06:00+00'),
    ('late_checkout_067', 'hotel_demo_047', 'guest_demo_067', 'stay_demo_067', 'room_367', '2026-06-12 14:00:00+00', 125500, 'RWF', 'MOMO', 'CALL_ME', 'PENDING', 'Late checkout request recorded for guest follow-up.', '2026-06-12 10:07:00+00'),
    ('late_checkout_068', 'hotel_demo_048', 'guest_demo_068', 'stay_demo_068', 'room_368', '2026-06-13 14:00:00+00', 127000, 'RWF', 'AIRTEL_MONEY', 'CONFIRM_IN_APP', 'PENDING', 'Late checkout request recorded for guest follow-up.', '2026-06-13 10:08:00+00'),
    ('late_checkout_069', 'hotel_demo_049', 'guest_demo_069', 'stay_demo_069', 'room_369', '2026-06-14 14:00:00+00', 128500, 'RWF', 'BK', 'CALL_ME', 'PENDING', 'Late checkout request recorded for guest follow-up.', '2026-06-14 10:09:00+00'),
    ('late_checkout_070', 'hotel_demo_050', 'guest_demo_070', 'stay_demo_070', 'room_370', '2026-06-15 14:00:00+00', 130000, 'RWF', 'CARD', 'CONFIRM_IN_APP', 'APPROVED', 'Late checkout request recorded for guest follow-up.', '2026-06-15 10:10:00+00'),
    ('late_checkout_071', 'hotel_demo_051', 'guest_demo_071', 'stay_demo_071', 'room_371', '2026-06-16 14:00:00+00', 131500, 'RWF', 'CHARGE_TO_ROOM', 'CALL_ME', 'PENDING', 'Late checkout request recorded for guest follow-up.', '2026-06-16 10:11:00+00'),
    ('late_checkout_072', 'hotel_demo_052', 'guest_demo_072', 'stay_demo_072', 'room_372', '2026-06-17 14:00:00+00', 133000, 'RWF', 'MOMO', 'CONFIRM_IN_APP', 'PENDING', 'Late checkout request recorded for guest follow-up.', '2026-06-17 10:12:00+00'),
    ('late_checkout_073', 'hotel_demo_053', 'guest_demo_073', 'stay_demo_073', 'room_373', '2026-06-18 14:00:00+00', 134500, 'RWF', 'AIRTEL_MONEY', 'CALL_ME', 'PENDING', 'Late checkout request recorded for guest follow-up.', '2026-06-18 10:13:00+00'),
    ('late_checkout_074', 'hotel_demo_054', 'guest_demo_074', 'stay_demo_074', 'room_374', '2026-06-19 14:00:00+00', 136000, 'RWF', 'BK', 'CONFIRM_IN_APP', 'PENDING', 'Late checkout request recorded for guest follow-up.', '2026-06-19 10:14:00+00'),
    ('late_checkout_075', 'hotel_demo_055', 'guest_demo_075', 'stay_demo_075', 'room_375', '2026-06-20 14:00:00+00', 137500, 'RWF', 'CARD', 'CALL_ME', 'APPROVED', 'Late checkout request recorded for guest follow-up.', '2026-06-20 10:15:00+00'),
    ('late_checkout_076', 'hotel_demo_056', 'guest_demo_076', 'stay_demo_076', 'room_376', '2026-06-21 14:00:00+00', 139000, 'RWF', 'CHARGE_TO_ROOM', 'CONFIRM_IN_APP', 'PENDING', 'Late checkout request recorded for guest follow-up.', '2026-06-21 10:16:00+00'),
    ('late_checkout_077', 'hotel_demo_057', 'guest_demo_077', 'stay_demo_077', 'room_377', '2026-06-22 14:00:00+00', 140500, 'RWF', 'MOMO', 'CALL_ME', 'REJECTED', 'Late checkout request recorded for guest follow-up.', '2026-06-22 10:17:00+00'),
    ('late_checkout_078', 'hotel_demo_058', 'guest_demo_078', 'stay_demo_078', 'room_378', '2026-06-23 14:00:00+00', 142000, 'RWF', 'AIRTEL_MONEY', 'CONFIRM_IN_APP', 'PENDING', 'Late checkout request recorded for guest follow-up.', '2026-06-23 10:18:00+00'),
    ('late_checkout_079', 'hotel_demo_059', 'guest_demo_079', 'stay_demo_079', 'room_379', '2026-06-24 14:00:00+00', 143500, 'RWF', 'BK', 'CALL_ME', 'PENDING', 'Late checkout request recorded for guest follow-up.', '2026-06-24 10:19:00+00'),
    ('late_checkout_080', 'hotel_demo_060', 'guest_demo_080', 'stay_demo_080', 'room_380', '2026-06-25 14:00:00+00', 145000, 'RWF', 'CARD', 'CONFIRM_IN_APP', 'APPROVED', 'Late checkout request recorded for guest follow-up.', '2026-06-25 10:20:00+00'),
    ('late_checkout_081', 'hotel_demo_061', 'guest_demo_081', 'stay_demo_081', 'room_381', '2026-06-26 14:00:00+00', 146500, 'RWF', 'CHARGE_TO_ROOM', 'CALL_ME', 'PENDING', 'Late checkout request recorded for guest follow-up.', '2026-06-26 10:21:00+00'),
    ('late_checkout_082', 'hotel_demo_062', 'guest_demo_082', 'stay_demo_082', 'room_382', '2026-06-27 14:00:00+00', 148000, 'RWF', 'MOMO', 'CONFIRM_IN_APP', 'PENDING', 'Late checkout request recorded for guest follow-up.', '2026-06-27 10:22:00+00'),
    ('late_checkout_083', 'hotel_demo_063', 'guest_demo_083', 'stay_demo_083', 'room_383', '2026-06-28 14:00:00+00', 149500, 'RWF', 'AIRTEL_MONEY', 'CALL_ME', 'PENDING', 'Late checkout request recorded for guest follow-up.', '2026-06-28 10:23:00+00'),
    ('late_checkout_084', 'hotel_demo_064', 'guest_demo_084', 'stay_demo_084', 'room_384', '2026-06-01 14:00:00+00', 151000, 'RWF', 'BK', 'CONFIRM_IN_APP', 'REJECTED', 'Late checkout request recorded for guest follow-up.', '2026-06-01 10:24:00+00'),
    ('late_checkout_085', 'hotel_demo_065', 'guest_demo_085', 'stay_demo_085', 'room_385', '2026-06-02 14:00:00+00', 152500, 'RWF', 'CARD', 'CALL_ME', 'APPROVED', 'Late checkout request recorded for guest follow-up.', '2026-06-02 10:25:00+00'),
    ('late_checkout_086', 'hotel_demo_066', 'guest_demo_086', 'stay_demo_086', 'room_386', '2026-06-03 14:00:00+00', 154000, 'RWF', 'CHARGE_TO_ROOM', 'CONFIRM_IN_APP', 'PENDING', 'Late checkout request recorded for guest follow-up.', '2026-06-03 10:26:00+00'),
    ('late_checkout_087', 'hotel_demo_067', 'guest_demo_087', 'stay_demo_087', 'room_387', '2026-06-04 14:00:00+00', 155500, 'RWF', 'MOMO', 'CALL_ME', 'PENDING', 'Late checkout request recorded for guest follow-up.', '2026-06-04 10:27:00+00'),
    ('late_checkout_088', 'hotel_demo_068', 'guest_demo_088', 'stay_demo_088', 'room_388', '2026-06-05 14:00:00+00', 157000, 'RWF', 'AIRTEL_MONEY', 'CONFIRM_IN_APP', 'PENDING', 'Late checkout request recorded for guest follow-up.', '2026-06-05 10:28:00+00'),
    ('late_checkout_089', 'hotel_demo_069', 'guest_demo_089', 'stay_demo_089', 'room_389', '2026-06-06 14:00:00+00', 158500, 'RWF', 'BK', 'CALL_ME', 'PENDING', 'Late checkout request recorded for guest follow-up.', '2026-06-06 10:29:00+00'),
    ('late_checkout_090', 'hotel_demo_070', 'guest_demo_090', 'stay_demo_090', 'room_390', '2026-06-07 14:00:00+00', 160000, 'RWF', 'CARD', 'CONFIRM_IN_APP', 'APPROVED', 'Late checkout request recorded for guest follow-up.', '2026-06-07 10:30:00+00'),
    ('late_checkout_091', 'hotel_demo_071', 'guest_demo_091', 'stay_demo_091', 'room_391', '2026-06-08 14:00:00+00', 161500, 'RWF', 'CHARGE_TO_ROOM', 'CALL_ME', 'REJECTED', 'Late checkout request recorded for guest follow-up.', '2026-06-08 10:31:00+00'),
    ('late_checkout_092', 'hotel_demo_072', 'guest_demo_092', 'stay_demo_092', 'room_392', '2026-06-09 14:00:00+00', 163000, 'RWF', 'MOMO', 'CONFIRM_IN_APP', 'PENDING', 'Late checkout request recorded for guest follow-up.', '2026-06-09 10:32:00+00'),
    ('late_checkout_093', 'hotel_demo_073', 'guest_demo_093', 'stay_demo_093', 'room_393', '2026-06-10 14:00:00+00', 164500, 'RWF', 'AIRTEL_MONEY', 'CALL_ME', 'PENDING', 'Late checkout request recorded for guest follow-up.', '2026-06-10 10:33:00+00'),
    ('late_checkout_094', 'hotel_demo_074', 'guest_demo_094', 'stay_demo_094', 'room_394', '2026-06-11 14:00:00+00', 166000, 'RWF', 'BK', 'CONFIRM_IN_APP', 'PENDING', 'Late checkout request recorded for guest follow-up.', '2026-06-11 10:34:00+00'),
    ('late_checkout_095', 'hotel_demo_075', 'guest_demo_095', 'stay_demo_095', 'room_395', '2026-06-12 14:00:00+00', 167500, 'RWF', 'CARD', 'CALL_ME', 'APPROVED', 'Late checkout request recorded for guest follow-up.', '2026-06-12 10:35:00+00'),
    ('late_checkout_096', 'hotel_demo_076', 'guest_demo_096', 'stay_demo_096', 'room_396', '2026-06-13 14:00:00+00', 169000, 'RWF', 'CHARGE_TO_ROOM', 'CONFIRM_IN_APP', 'PENDING', 'Late checkout request recorded for guest follow-up.', '2026-06-13 10:36:00+00'),
    ('late_checkout_097', 'hotel_demo_077', 'guest_demo_097', 'stay_demo_097', 'room_397', '2026-06-14 14:00:00+00', 170500, 'RWF', 'MOMO', 'CALL_ME', 'PENDING', 'Late checkout request recorded for guest follow-up.', '2026-06-14 10:37:00+00'),
    ('late_checkout_098', 'hotel_demo_078', 'guest_demo_098', 'stay_demo_098', 'room_398', '2026-06-15 14:00:00+00', 172000, 'RWF', 'AIRTEL_MONEY', 'CONFIRM_IN_APP', 'REJECTED', 'Late checkout request recorded for guest follow-up.', '2026-06-15 10:38:00+00'),
    ('late_checkout_099', 'hotel_demo_079', 'guest_demo_099', 'stay_demo_099', 'room_399', '2026-06-16 14:00:00+00', 173500, 'RWF', 'BK', 'CALL_ME', 'PENDING', 'Late checkout request recorded for guest follow-up.', '2026-06-16 10:39:00+00'),
    ('late_checkout_100', 'hotel_demo_080', 'guest_demo_100', 'stay_demo_100', 'room_400', '2026-06-17 14:00:00+00', 175000, 'RWF', 'CARD', 'CONFIRM_IN_APP', 'APPROVED', 'Late checkout request recorded for guest follow-up.', '2026-06-17 10:40:00+00'),
    ('late_checkout_101', 'rw-kgl-marriott', 'guest_demo_101', 'stay_demo_101', 'room_401', '2026-06-18 14:00:00+00', 176500, 'RWF', 'CHARGE_TO_ROOM', 'CALL_ME', 'PENDING', 'Late checkout request recorded for guest follow-up.', '2026-06-18 10:41:00+00'),
    ('late_checkout_102', 'hotel_serena', 'guest_demo_102', 'stay_demo_102', 'room_402', '2026-06-19 14:00:00+00', 178000, 'RWF', 'MOMO', 'CONFIRM_IN_APP', 'PENDING', 'Late checkout request recorded for guest follow-up.', '2026-06-19 10:42:00+00'),
    ('late_checkout_103', 'hotel_radisson_blu', 'guest_demo_103', 'stay_demo_103', 'room_403', '2026-06-20 14:00:00+00', 179500, 'RWF', 'AIRTEL_MONEY', 'CALL_ME', 'PENDING', 'Late checkout request recorded for guest follow-up.', '2026-06-20 10:43:00+00'),
    ('late_checkout_104', 'hotel_four_points', 'guest_demo_104', 'stay_demo_104', 'room_404', '2026-06-21 14:00:00+00', 181000, 'RWF', 'BK', 'CONFIRM_IN_APP', 'PENDING', 'Late checkout request recorded for guest follow-up.', '2026-06-21 10:44:00+00'),
    ('late_checkout_105', 'hotel_mille_collines', 'guest_demo_105', 'stay_demo_105', 'room_405', '2026-06-22 14:00:00+00', 182500, 'RWF', 'CARD', 'CALL_ME', 'APPROVED', 'Late checkout request recorded for guest follow-up.', '2026-06-22 10:45:00+00'),
    ('late_checkout_106', 'hotel_the_retreat', 'guest_demo_106', 'stay_demo_106', 'room_406', '2026-06-23 14:00:00+00', 184000, 'RWF', 'CHARGE_TO_ROOM', 'CONFIRM_IN_APP', 'PENDING', 'Late checkout request recorded for guest follow-up.', '2026-06-23 10:46:00+00'),
    ('late_checkout_107', 'hotel_park_inn', 'guest_demo_107', 'stay_demo_107', 'room_407', '2026-06-24 14:00:00+00', 185500, 'RWF', 'MOMO', 'CALL_ME', 'PENDING', 'Late checkout request recorded for guest follow-up.', '2026-06-24 10:47:00+00'),
    ('late_checkout_108', 'hotel_lemigo', 'guest_demo_108', 'stay_demo_108', 'room_408', '2026-06-25 14:00:00+00', 187000, 'RWF', 'AIRTEL_MONEY', 'CONFIRM_IN_APP', 'PENDING', 'Late checkout request recorded for guest follow-up.', '2026-06-25 10:48:00+00'),
    ('late_checkout_109', 'hotel_urban_city', 'guest_demo_109', 'stay_demo_109', 'room_409', '2026-06-26 14:00:00+00', 188500, 'RWF', 'BK', 'CALL_ME', 'PENDING', 'Late checkout request recorded for guest follow-up.', '2026-06-26 10:49:00+00'),
    ('late_checkout_110', 'hotel_gorillas_nest', 'guest_demo_110', 'stay_demo_110', 'room_410', '2026-06-27 14:00:00+00', 190000, 'RWF', 'CARD', 'CONFIRM_IN_APP', 'APPROVED', 'Late checkout request recorded for guest follow-up.', '2026-06-27 10:50:00+00'),
    ('late_checkout_111', 'hotel_bisate', 'guest_demo_111', 'stay_demo_111', 'room_411', '2026-06-28 14:00:00+00', 191500, 'RWF', 'CHARGE_TO_ROOM', 'CALL_ME', 'PENDING', 'Late checkout request recorded for guest follow-up.', '2026-06-28 10:51:00+00'),
    ('late_checkout_112', 'hotel_singita', 'guest_demo_112', 'stay_demo_112', 'room_412', '2026-06-01 14:00:00+00', 193000, 'RWF', 'MOMO', 'CONFIRM_IN_APP', 'REJECTED', 'Late checkout request recorded for guest follow-up.', '2026-06-01 10:52:00+00'),
    ('late_checkout_113', 'hotel_ingagi', 'guest_demo_113', 'stay_demo_113', 'room_413', '2026-06-02 14:00:00+00', 194500, 'RWF', 'AIRTEL_MONEY', 'CALL_ME', 'PENDING', 'Late checkout request recorded for guest follow-up.', '2026-06-02 10:53:00+00'),
    ('late_checkout_114', 'hotel_kivu_serena', 'guest_demo_114', 'stay_demo_114', 'room_414', '2026-06-03 14:00:00+00', 196000, 'RWF', 'BK', 'CONFIRM_IN_APP', 'PENDING', 'Late checkout request recorded for guest follow-up.', '2026-06-03 10:54:00+00'),
    ('late_checkout_115', 'hotel_cormoran', 'guest_demo_115', 'stay_demo_115', 'room_415', '2026-06-04 14:00:00+00', 197500, 'RWF', 'CARD', 'CALL_ME', 'APPROVED', 'Late checkout request recorded for guest follow-up.', '2026-06-04 10:55:00+00'),
    ('late_checkout_116', 'hotel_palm_beach', 'guest_demo_116', 'stay_demo_116', 'room_416', '2026-06-05 14:00:00+00', 199000, 'RWF', 'CHARGE_TO_ROOM', 'CONFIRM_IN_APP', 'PENDING', 'Late checkout request recorded for guest follow-up.', '2026-06-05 10:56:00+00'),
    ('late_checkout_117', 'hotel_moriah_hill', 'guest_demo_117', 'stay_demo_117', 'room_417', '2026-06-06 14:00:00+00', 200500, 'RWF', 'MOMO', 'CALL_ME', 'PENDING', 'Late checkout request recorded for guest follow-up.', '2026-06-06 10:57:00+00'),
    ('late_checkout_118', 'hotel_hill_view', 'guest_demo_118', 'stay_demo_118', 'room_418', '2026-06-07 14:00:00+00', 202000, 'RWF', 'AIRTEL_MONEY', 'CONFIRM_IN_APP', 'PENDING', 'Late checkout request recorded for guest follow-up.', '2026-06-07 10:58:00+00'),
    ('late_checkout_119', 'hotel_kitabi', 'guest_demo_119', 'stay_demo_119', 'room_419', '2026-06-08 14:00:00+00', 203500, 'RWF', 'BK', 'CALL_ME', 'REJECTED', 'Late checkout request recorded for guest follow-up.', '2026-06-08 10:59:00+00'),
    ('late_checkout_120', 'hotel_akagera', 'guest_demo_120', 'stay_demo_120', 'room_420', '2026-06-09 14:00:00+00', 205000, 'RWF', 'CARD', 'CONFIRM_IN_APP', 'APPROVED', 'Late checkout request recorded for guest follow-up.', '2026-06-09 10:00:00+00');

INSERT INTO service_requests (id, hotel_id, guest_id, stay_id, room_id, type, status, note, created_at) VALUES
    ('service_towels_guest_aline_seed_1', 'rw-kgl-marriott', 'guest_aline', 'stay_001', 'room_906', 'TOWELS', 'PENDING', 'The hotel team has received the request.', '2026-04-05 09:30:00+00'),
    ('service_request_001', 'rw-kgl-marriott', 'guest_demo_001', 'stay_demo_001', 'room_301', 'WATER', 'PENDING', 'Guest service request logged for operations review.', '2026-06-02 11:01:00+00'),
    ('service_request_002', 'hotel_serena', 'guest_demo_002', 'stay_demo_002', 'room_302', 'BREAKFAST', 'PENDING', 'Guest service request logged for operations review.', '2026-06-03 11:02:00+00'),
    ('service_request_003', 'hotel_radisson_blu', 'guest_demo_003', 'stay_demo_003', 'room_303', 'AIRPORT_PICKUP', 'PENDING', 'Guest service request logged for operations review.', '2026-06-04 11:03:00+00'),
    ('service_request_004', 'hotel_four_points', 'guest_demo_004', 'stay_demo_004', 'room_304', 'EVENT_SUPPORT', 'PENDING', 'Guest service request logged for operations review.', '2026-06-05 11:04:00+00'),
    ('service_request_005', 'hotel_mille_collines', 'guest_demo_005', 'stay_demo_005', 'room_305', 'HOUSEKEEPING', 'PENDING', 'Guest service request logged for operations review.', '2026-06-06 11:05:00+00'),
    ('service_request_006', 'hotel_the_retreat', 'guest_demo_006', 'stay_demo_006', 'room_306', 'TOWELS', 'FULFILLED', 'Guest service request logged for operations review.', '2026-06-07 11:06:00+00'),
    ('service_request_007', 'hotel_park_inn', 'guest_demo_007', 'stay_demo_007', 'room_307', 'WATER', 'PENDING', 'Guest service request logged for operations review.', '2026-06-08 11:07:00+00'),
    ('service_request_008', 'hotel_lemigo', 'guest_demo_008', 'stay_demo_008', 'room_308', 'BREAKFAST', 'CANCELLED', 'Guest service request logged for operations review.', '2026-06-09 11:08:00+00'),
    ('service_request_009', 'hotel_urban_city', 'guest_demo_009', 'stay_demo_009', 'room_309', 'AIRPORT_PICKUP', 'PENDING', 'Guest service request logged for operations review.', '2026-06-10 11:09:00+00'),
    ('service_request_010', 'hotel_gorillas_nest', 'guest_demo_010', 'stay_demo_010', 'room_310', 'EVENT_SUPPORT', 'PENDING', 'Guest service request logged for operations review.', '2026-06-11 11:10:00+00'),
    ('service_request_011', 'hotel_bisate', 'guest_demo_011', 'stay_demo_011', 'room_311', 'HOUSEKEEPING', 'PENDING', 'Guest service request logged for operations review.', '2026-06-12 11:11:00+00'),
    ('service_request_012', 'hotel_singita', 'guest_demo_012', 'stay_demo_012', 'room_312', 'TOWELS', 'FULFILLED', 'Guest service request logged for operations review.', '2026-06-13 11:12:00+00'),
    ('service_request_013', 'hotel_ingagi', 'guest_demo_013', 'stay_demo_013', 'room_313', 'WATER', 'PENDING', 'Guest service request logged for operations review.', '2026-06-14 11:13:00+00'),
    ('service_request_014', 'hotel_kivu_serena', 'guest_demo_014', 'stay_demo_014', 'room_314', 'BREAKFAST', 'PENDING', 'Guest service request logged for operations review.', '2026-06-15 11:14:00+00'),
    ('service_request_015', 'hotel_cormoran', 'guest_demo_015', 'stay_demo_015', 'room_315', 'AIRPORT_PICKUP', 'PENDING', 'Guest service request logged for operations review.', '2026-06-16 11:15:00+00'),
    ('service_request_016', 'hotel_palm_beach', 'guest_demo_016', 'stay_demo_016', 'room_316', 'EVENT_SUPPORT', 'CANCELLED', 'Guest service request logged for operations review.', '2026-06-17 11:16:00+00'),
    ('service_request_017', 'hotel_moriah_hill', 'guest_demo_017', 'stay_demo_017', 'room_317', 'HOUSEKEEPING', 'PENDING', 'Guest service request logged for operations review.', '2026-06-18 11:17:00+00'),
    ('service_request_018', 'hotel_hill_view', 'guest_demo_018', 'stay_demo_018', 'room_318', 'TOWELS', 'FULFILLED', 'Guest service request logged for operations review.', '2026-06-19 11:18:00+00'),
    ('service_request_019', 'hotel_kitabi', 'guest_demo_019', 'stay_demo_019', 'room_319', 'WATER', 'PENDING', 'Guest service request logged for operations review.', '2026-06-20 11:19:00+00'),
    ('service_request_020', 'hotel_akagera', 'guest_demo_020', 'stay_demo_020', 'room_320', 'BREAKFAST', 'PENDING', 'Guest service request logged for operations review.', '2026-06-21 11:20:00+00'),
    ('service_request_021', 'hotel_demo_001', 'guest_demo_021', 'stay_demo_021', 'room_321', 'AIRPORT_PICKUP', 'PENDING', 'Guest service request logged for operations review.', '2026-06-22 11:21:00+00'),
    ('service_request_022', 'hotel_demo_002', 'guest_demo_022', 'stay_demo_022', 'room_322', 'EVENT_SUPPORT', 'PENDING', 'Guest service request logged for operations review.', '2026-06-23 11:22:00+00'),
    ('service_request_023', 'hotel_demo_003', 'guest_demo_023', 'stay_demo_023', 'room_323', 'HOUSEKEEPING', 'PENDING', 'Guest service request logged for operations review.', '2026-06-24 11:23:00+00'),
    ('service_request_024', 'hotel_demo_004', 'guest_demo_024', 'stay_demo_024', 'room_324', 'TOWELS', 'FULFILLED', 'Guest service request logged for operations review.', '2026-06-25 11:24:00+00'),
    ('service_request_025', 'hotel_demo_005', 'guest_demo_025', 'stay_demo_025', 'room_325', 'WATER', 'PENDING', 'Guest service request logged for operations review.', '2026-06-26 11:25:00+00'),
    ('service_request_026', 'hotel_demo_006', 'guest_demo_026', 'stay_demo_026', 'room_326', 'BREAKFAST', 'PENDING', 'Guest service request logged for operations review.', '2026-06-27 11:26:00+00'),
    ('service_request_027', 'hotel_demo_007', 'guest_demo_027', 'stay_demo_027', 'room_327', 'AIRPORT_PICKUP', 'PENDING', 'Guest service request logged for operations review.', '2026-06-28 11:27:00+00'),
    ('service_request_028', 'hotel_demo_008', 'guest_demo_028', 'stay_demo_028', 'room_328', 'EVENT_SUPPORT', 'PENDING', 'Guest service request logged for operations review.', '2026-06-01 11:28:00+00'),
    ('service_request_029', 'hotel_demo_009', 'guest_demo_029', 'stay_demo_029', 'room_329', 'HOUSEKEEPING', 'PENDING', 'Guest service request logged for operations review.', '2026-06-02 11:29:00+00'),
    ('service_request_030', 'hotel_demo_010', 'guest_demo_030', 'stay_demo_030', 'room_330', 'TOWELS', 'FULFILLED', 'Guest service request logged for operations review.', '2026-06-03 11:30:00+00'),
    ('service_request_031', 'hotel_demo_011', 'guest_demo_031', 'stay_demo_031', 'room_331', 'WATER', 'PENDING', 'Guest service request logged for operations review.', '2026-06-04 11:31:00+00'),
    ('service_request_032', 'hotel_demo_012', 'guest_demo_032', 'stay_demo_032', 'room_332', 'BREAKFAST', 'CANCELLED', 'Guest service request logged for operations review.', '2026-06-05 11:32:00+00'),
    ('service_request_033', 'hotel_demo_013', 'guest_demo_033', 'stay_demo_033', 'room_333', 'AIRPORT_PICKUP', 'PENDING', 'Guest service request logged for operations review.', '2026-06-06 11:33:00+00'),
    ('service_request_034', 'hotel_demo_014', 'guest_demo_034', 'stay_demo_034', 'room_334', 'EVENT_SUPPORT', 'PENDING', 'Guest service request logged for operations review.', '2026-06-07 11:34:00+00'),
    ('service_request_035', 'hotel_demo_015', 'guest_demo_035', 'stay_demo_035', 'room_335', 'HOUSEKEEPING', 'PENDING', 'Guest service request logged for operations review.', '2026-06-08 11:35:00+00'),
    ('service_request_036', 'hotel_demo_016', 'guest_demo_036', 'stay_demo_036', 'room_336', 'TOWELS', 'FULFILLED', 'Guest service request logged for operations review.', '2026-06-09 11:36:00+00'),
    ('service_request_037', 'hotel_demo_017', 'guest_demo_037', 'stay_demo_037', 'room_337', 'WATER', 'PENDING', 'Guest service request logged for operations review.', '2026-06-10 11:37:00+00'),
    ('service_request_038', 'hotel_demo_018', 'guest_demo_038', 'stay_demo_038', 'room_338', 'BREAKFAST', 'PENDING', 'Guest service request logged for operations review.', '2026-06-11 11:38:00+00'),
    ('service_request_039', 'hotel_demo_019', 'guest_demo_039', 'stay_demo_039', 'room_339', 'AIRPORT_PICKUP', 'PENDING', 'Guest service request logged for operations review.', '2026-06-12 11:39:00+00'),
    ('service_request_040', 'hotel_demo_020', 'guest_demo_040', 'stay_demo_040', 'room_340', 'EVENT_SUPPORT', 'CANCELLED', 'Guest service request logged for operations review.', '2026-06-13 11:40:00+00'),
    ('service_request_041', 'hotel_demo_021', 'guest_demo_041', 'stay_demo_041', 'room_341', 'HOUSEKEEPING', 'PENDING', 'Guest service request logged for operations review.', '2026-06-14 11:41:00+00'),
    ('service_request_042', 'hotel_demo_022', 'guest_demo_042', 'stay_demo_042', 'room_342', 'TOWELS', 'FULFILLED', 'Guest service request logged for operations review.', '2026-06-15 11:42:00+00'),
    ('service_request_043', 'hotel_demo_023', 'guest_demo_043', 'stay_demo_043', 'room_343', 'WATER', 'PENDING', 'Guest service request logged for operations review.', '2026-06-16 11:43:00+00'),
    ('service_request_044', 'hotel_demo_024', 'guest_demo_044', 'stay_demo_044', 'room_344', 'BREAKFAST', 'PENDING', 'Guest service request logged for operations review.', '2026-06-17 11:44:00+00'),
    ('service_request_045', 'hotel_demo_025', 'guest_demo_045', 'stay_demo_045', 'room_345', 'AIRPORT_PICKUP', 'PENDING', 'Guest service request logged for operations review.', '2026-06-18 11:45:00+00'),
    ('service_request_046', 'hotel_demo_026', 'guest_demo_046', 'stay_demo_046', 'room_346', 'EVENT_SUPPORT', 'PENDING', 'Guest service request logged for operations review.', '2026-06-19 11:46:00+00'),
    ('service_request_047', 'hotel_demo_027', 'guest_demo_047', 'stay_demo_047', 'room_347', 'HOUSEKEEPING', 'PENDING', 'Guest service request logged for operations review.', '2026-06-20 11:47:00+00'),
    ('service_request_048', 'hotel_demo_028', 'guest_demo_048', 'stay_demo_048', 'room_348', 'TOWELS', 'FULFILLED', 'Guest service request logged for operations review.', '2026-06-21 11:48:00+00'),
    ('service_request_049', 'hotel_demo_029', 'guest_demo_049', 'stay_demo_049', 'room_349', 'WATER', 'PENDING', 'Guest service request logged for operations review.', '2026-06-22 11:49:00+00'),
    ('service_request_050', 'hotel_demo_030', 'guest_demo_050', 'stay_demo_050', 'room_350', 'BREAKFAST', 'PENDING', 'Guest service request logged for operations review.', '2026-06-23 11:50:00+00'),
    ('service_request_051', 'hotel_demo_031', 'guest_demo_051', 'stay_demo_051', 'room_351', 'AIRPORT_PICKUP', 'PENDING', 'Guest service request logged for operations review.', '2026-06-24 11:51:00+00'),
    ('service_request_052', 'hotel_demo_032', 'guest_demo_052', 'stay_demo_052', 'room_352', 'EVENT_SUPPORT', 'PENDING', 'Guest service request logged for operations review.', '2026-06-25 11:52:00+00'),
    ('service_request_053', 'hotel_demo_033', 'guest_demo_053', 'stay_demo_053', 'room_353', 'HOUSEKEEPING', 'PENDING', 'Guest service request logged for operations review.', '2026-06-26 11:53:00+00'),
    ('service_request_054', 'hotel_demo_034', 'guest_demo_054', 'stay_demo_054', 'room_354', 'TOWELS', 'FULFILLED', 'Guest service request logged for operations review.', '2026-06-27 11:54:00+00'),
    ('service_request_055', 'hotel_demo_035', 'guest_demo_055', 'stay_demo_055', 'room_355', 'WATER', 'PENDING', 'Guest service request logged for operations review.', '2026-06-28 11:55:00+00'),
    ('service_request_056', 'hotel_demo_036', 'guest_demo_056', 'stay_demo_056', 'room_356', 'BREAKFAST', 'CANCELLED', 'Guest service request logged for operations review.', '2026-06-01 11:56:00+00'),
    ('service_request_057', 'hotel_demo_037', 'guest_demo_057', 'stay_demo_057', 'room_357', 'AIRPORT_PICKUP', 'PENDING', 'Guest service request logged for operations review.', '2026-06-02 11:57:00+00'),
    ('service_request_058', 'hotel_demo_038', 'guest_demo_058', 'stay_demo_058', 'room_358', 'EVENT_SUPPORT', 'PENDING', 'Guest service request logged for operations review.', '2026-06-03 11:58:00+00'),
    ('service_request_059', 'hotel_demo_039', 'guest_demo_059', 'stay_demo_059', 'room_359', 'HOUSEKEEPING', 'PENDING', 'Guest service request logged for operations review.', '2026-06-04 11:59:00+00'),
    ('service_request_060', 'hotel_demo_040', 'guest_demo_060', 'stay_demo_060', 'room_360', 'TOWELS', 'FULFILLED', 'Guest service request logged for operations review.', '2026-06-05 11:00:00+00'),
    ('service_request_061', 'hotel_demo_041', 'guest_demo_061', 'stay_demo_061', 'room_361', 'WATER', 'PENDING', 'Guest service request logged for operations review.', '2026-06-06 11:01:00+00'),
    ('service_request_062', 'hotel_demo_042', 'guest_demo_062', 'stay_demo_062', 'room_362', 'BREAKFAST', 'PENDING', 'Guest service request logged for operations review.', '2026-06-07 11:02:00+00'),
    ('service_request_063', 'hotel_demo_043', 'guest_demo_063', 'stay_demo_063', 'room_363', 'AIRPORT_PICKUP', 'PENDING', 'Guest service request logged for operations review.', '2026-06-08 11:03:00+00'),
    ('service_request_064', 'hotel_demo_044', 'guest_demo_064', 'stay_demo_064', 'room_364', 'EVENT_SUPPORT', 'CANCELLED', 'Guest service request logged for operations review.', '2026-06-09 11:04:00+00'),
    ('service_request_065', 'hotel_demo_045', 'guest_demo_065', 'stay_demo_065', 'room_365', 'HOUSEKEEPING', 'PENDING', 'Guest service request logged for operations review.', '2026-06-10 11:05:00+00'),
    ('service_request_066', 'hotel_demo_046', 'guest_demo_066', 'stay_demo_066', 'room_366', 'TOWELS', 'FULFILLED', 'Guest service request logged for operations review.', '2026-06-11 11:06:00+00'),
    ('service_request_067', 'hotel_demo_047', 'guest_demo_067', 'stay_demo_067', 'room_367', 'WATER', 'PENDING', 'Guest service request logged for operations review.', '2026-06-12 11:07:00+00'),
    ('service_request_068', 'hotel_demo_048', 'guest_demo_068', 'stay_demo_068', 'room_368', 'BREAKFAST', 'PENDING', 'Guest service request logged for operations review.', '2026-06-13 11:08:00+00'),
    ('service_request_069', 'hotel_demo_049', 'guest_demo_069', 'stay_demo_069', 'room_369', 'AIRPORT_PICKUP', 'PENDING', 'Guest service request logged for operations review.', '2026-06-14 11:09:00+00'),
    ('service_request_070', 'hotel_demo_050', 'guest_demo_070', 'stay_demo_070', 'room_370', 'EVENT_SUPPORT', 'PENDING', 'Guest service request logged for operations review.', '2026-06-15 11:10:00+00'),
    ('service_request_071', 'hotel_demo_051', 'guest_demo_071', 'stay_demo_071', 'room_371', 'HOUSEKEEPING', 'PENDING', 'Guest service request logged for operations review.', '2026-06-16 11:11:00+00'),
    ('service_request_072', 'hotel_demo_052', 'guest_demo_072', 'stay_demo_072', 'room_372', 'TOWELS', 'FULFILLED', 'Guest service request logged for operations review.', '2026-06-17 11:12:00+00'),
    ('service_request_073', 'hotel_demo_053', 'guest_demo_073', 'stay_demo_073', 'room_373', 'WATER', 'PENDING', 'Guest service request logged for operations review.', '2026-06-18 11:13:00+00'),
    ('service_request_074', 'hotel_demo_054', 'guest_demo_074', 'stay_demo_074', 'room_374', 'BREAKFAST', 'PENDING', 'Guest service request logged for operations review.', '2026-06-19 11:14:00+00'),
    ('service_request_075', 'hotel_demo_055', 'guest_demo_075', 'stay_demo_075', 'room_375', 'AIRPORT_PICKUP', 'PENDING', 'Guest service request logged for operations review.', '2026-06-20 11:15:00+00'),
    ('service_request_076', 'hotel_demo_056', 'guest_demo_076', 'stay_demo_076', 'room_376', 'EVENT_SUPPORT', 'PENDING', 'Guest service request logged for operations review.', '2026-06-21 11:16:00+00'),
    ('service_request_077', 'hotel_demo_057', 'guest_demo_077', 'stay_demo_077', 'room_377', 'HOUSEKEEPING', 'PENDING', 'Guest service request logged for operations review.', '2026-06-22 11:17:00+00'),
    ('service_request_078', 'hotel_demo_058', 'guest_demo_078', 'stay_demo_078', 'room_378', 'TOWELS', 'FULFILLED', 'Guest service request logged for operations review.', '2026-06-23 11:18:00+00'),
    ('service_request_079', 'hotel_demo_059', 'guest_demo_079', 'stay_demo_079', 'room_379', 'WATER', 'PENDING', 'Guest service request logged for operations review.', '2026-06-24 11:19:00+00'),
    ('service_request_080', 'hotel_demo_060', 'guest_demo_080', 'stay_demo_080', 'room_380', 'BREAKFAST', 'CANCELLED', 'Guest service request logged for operations review.', '2026-06-25 11:20:00+00'),
    ('service_request_081', 'hotel_demo_061', 'guest_demo_081', 'stay_demo_081', 'room_381', 'AIRPORT_PICKUP', 'PENDING', 'Guest service request logged for operations review.', '2026-06-26 11:21:00+00'),
    ('service_request_082', 'hotel_demo_062', 'guest_demo_082', 'stay_demo_082', 'room_382', 'EVENT_SUPPORT', 'PENDING', 'Guest service request logged for operations review.', '2026-06-27 11:22:00+00'),
    ('service_request_083', 'hotel_demo_063', 'guest_demo_083', 'stay_demo_083', 'room_383', 'HOUSEKEEPING', 'PENDING', 'Guest service request logged for operations review.', '2026-06-28 11:23:00+00'),
    ('service_request_084', 'hotel_demo_064', 'guest_demo_084', 'stay_demo_084', 'room_384', 'TOWELS', 'FULFILLED', 'Guest service request logged for operations review.', '2026-06-01 11:24:00+00'),
    ('service_request_085', 'hotel_demo_065', 'guest_demo_085', 'stay_demo_085', 'room_385', 'WATER', 'PENDING', 'Guest service request logged for operations review.', '2026-06-02 11:25:00+00'),
    ('service_request_086', 'hotel_demo_066', 'guest_demo_086', 'stay_demo_086', 'room_386', 'BREAKFAST', 'PENDING', 'Guest service request logged for operations review.', '2026-06-03 11:26:00+00'),
    ('service_request_087', 'hotel_demo_067', 'guest_demo_087', 'stay_demo_087', 'room_387', 'AIRPORT_PICKUP', 'PENDING', 'Guest service request logged for operations review.', '2026-06-04 11:27:00+00'),
    ('service_request_088', 'hotel_demo_068', 'guest_demo_088', 'stay_demo_088', 'room_388', 'EVENT_SUPPORT', 'CANCELLED', 'Guest service request logged for operations review.', '2026-06-05 11:28:00+00'),
    ('service_request_089', 'hotel_demo_069', 'guest_demo_089', 'stay_demo_089', 'room_389', 'HOUSEKEEPING', 'PENDING', 'Guest service request logged for operations review.', '2026-06-06 11:29:00+00'),
    ('service_request_090', 'hotel_demo_070', 'guest_demo_090', 'stay_demo_090', 'room_390', 'TOWELS', 'FULFILLED', 'Guest service request logged for operations review.', '2026-06-07 11:30:00+00'),
    ('service_request_091', 'hotel_demo_071', 'guest_demo_091', 'stay_demo_091', 'room_391', 'WATER', 'PENDING', 'Guest service request logged for operations review.', '2026-06-08 11:31:00+00'),
    ('service_request_092', 'hotel_demo_072', 'guest_demo_092', 'stay_demo_092', 'room_392', 'BREAKFAST', 'PENDING', 'Guest service request logged for operations review.', '2026-06-09 11:32:00+00'),
    ('service_request_093', 'hotel_demo_073', 'guest_demo_093', 'stay_demo_093', 'room_393', 'AIRPORT_PICKUP', 'PENDING', 'Guest service request logged for operations review.', '2026-06-10 11:33:00+00'),
    ('service_request_094', 'hotel_demo_074', 'guest_demo_094', 'stay_demo_094', 'room_394', 'EVENT_SUPPORT', 'PENDING', 'Guest service request logged for operations review.', '2026-06-11 11:34:00+00'),
    ('service_request_095', 'hotel_demo_075', 'guest_demo_095', 'stay_demo_095', 'room_395', 'HOUSEKEEPING', 'PENDING', 'Guest service request logged for operations review.', '2026-06-12 11:35:00+00'),
    ('service_request_096', 'hotel_demo_076', 'guest_demo_096', 'stay_demo_096', 'room_396', 'TOWELS', 'FULFILLED', 'Guest service request logged for operations review.', '2026-06-13 11:36:00+00'),
    ('service_request_097', 'hotel_demo_077', 'guest_demo_097', 'stay_demo_097', 'room_397', 'WATER', 'PENDING', 'Guest service request logged for operations review.', '2026-06-14 11:37:00+00'),
    ('service_request_098', 'hotel_demo_078', 'guest_demo_098', 'stay_demo_098', 'room_398', 'BREAKFAST', 'PENDING', 'Guest service request logged for operations review.', '2026-06-15 11:38:00+00'),
    ('service_request_099', 'hotel_demo_079', 'guest_demo_099', 'stay_demo_099', 'room_399', 'AIRPORT_PICKUP', 'PENDING', 'Guest service request logged for operations review.', '2026-06-16 11:39:00+00'),
    ('service_request_100', 'hotel_demo_080', 'guest_demo_100', 'stay_demo_100', 'room_400', 'EVENT_SUPPORT', 'PENDING', 'Guest service request logged for operations review.', '2026-06-17 11:40:00+00'),
    ('service_request_101', 'rw-kgl-marriott', 'guest_demo_101', 'stay_demo_101', 'room_401', 'HOUSEKEEPING', 'PENDING', 'Guest service request logged for operations review.', '2026-06-18 11:41:00+00'),
    ('service_request_102', 'hotel_serena', 'guest_demo_102', 'stay_demo_102', 'room_402', 'TOWELS', 'FULFILLED', 'Guest service request logged for operations review.', '2026-06-19 11:42:00+00'),
    ('service_request_103', 'hotel_radisson_blu', 'guest_demo_103', 'stay_demo_103', 'room_403', 'WATER', 'PENDING', 'Guest service request logged for operations review.', '2026-06-20 11:43:00+00'),
    ('service_request_104', 'hotel_four_points', 'guest_demo_104', 'stay_demo_104', 'room_404', 'BREAKFAST', 'CANCELLED', 'Guest service request logged for operations review.', '2026-06-21 11:44:00+00'),
    ('service_request_105', 'hotel_mille_collines', 'guest_demo_105', 'stay_demo_105', 'room_405', 'AIRPORT_PICKUP', 'PENDING', 'Guest service request logged for operations review.', '2026-06-22 11:45:00+00'),
    ('service_request_106', 'hotel_the_retreat', 'guest_demo_106', 'stay_demo_106', 'room_406', 'EVENT_SUPPORT', 'PENDING', 'Guest service request logged for operations review.', '2026-06-23 11:46:00+00'),
    ('service_request_107', 'hotel_park_inn', 'guest_demo_107', 'stay_demo_107', 'room_407', 'HOUSEKEEPING', 'PENDING', 'Guest service request logged for operations review.', '2026-06-24 11:47:00+00'),
    ('service_request_108', 'hotel_lemigo', 'guest_demo_108', 'stay_demo_108', 'room_408', 'TOWELS', 'FULFILLED', 'Guest service request logged for operations review.', '2026-06-25 11:48:00+00'),
    ('service_request_109', 'hotel_urban_city', 'guest_demo_109', 'stay_demo_109', 'room_409', 'WATER', 'PENDING', 'Guest service request logged for operations review.', '2026-06-26 11:49:00+00'),
    ('service_request_110', 'hotel_gorillas_nest', 'guest_demo_110', 'stay_demo_110', 'room_410', 'BREAKFAST', 'PENDING', 'Guest service request logged for operations review.', '2026-06-27 11:50:00+00'),
    ('service_request_111', 'hotel_bisate', 'guest_demo_111', 'stay_demo_111', 'room_411', 'AIRPORT_PICKUP', 'PENDING', 'Guest service request logged for operations review.', '2026-06-28 11:51:00+00'),
    ('service_request_112', 'hotel_singita', 'guest_demo_112', 'stay_demo_112', 'room_412', 'EVENT_SUPPORT', 'CANCELLED', 'Guest service request logged for operations review.', '2026-06-01 11:52:00+00'),
    ('service_request_113', 'hotel_ingagi', 'guest_demo_113', 'stay_demo_113', 'room_413', 'HOUSEKEEPING', 'PENDING', 'Guest service request logged for operations review.', '2026-06-02 11:53:00+00'),
    ('service_request_114', 'hotel_kivu_serena', 'guest_demo_114', 'stay_demo_114', 'room_414', 'TOWELS', 'FULFILLED', 'Guest service request logged for operations review.', '2026-06-03 11:54:00+00'),
    ('service_request_115', 'hotel_cormoran', 'guest_demo_115', 'stay_demo_115', 'room_415', 'WATER', 'PENDING', 'Guest service request logged for operations review.', '2026-06-04 11:55:00+00'),
    ('service_request_116', 'hotel_palm_beach', 'guest_demo_116', 'stay_demo_116', 'room_416', 'BREAKFAST', 'PENDING', 'Guest service request logged for operations review.', '2026-06-05 11:56:00+00'),
    ('service_request_117', 'hotel_moriah_hill', 'guest_demo_117', 'stay_demo_117', 'room_417', 'AIRPORT_PICKUP', 'PENDING', 'Guest service request logged for operations review.', '2026-06-06 11:57:00+00'),
    ('service_request_118', 'hotel_hill_view', 'guest_demo_118', 'stay_demo_118', 'room_418', 'EVENT_SUPPORT', 'PENDING', 'Guest service request logged for operations review.', '2026-06-07 11:58:00+00'),
    ('service_request_119', 'hotel_kitabi', 'guest_demo_119', 'stay_demo_119', 'room_419', 'HOUSEKEEPING', 'PENDING', 'Guest service request logged for operations review.', '2026-06-08 11:59:00+00'),
    ('service_request_120', 'hotel_akagera', 'guest_demo_120', 'stay_demo_120', 'room_420', 'TOWELS', 'FULFILLED', 'Guest service request logged for operations review.', '2026-06-09 11:00:00+00');

COMMIT;
